,vestigingscode,instellingscode,instellingsnaam,vestigingsgemeente,jaar,opleidingsvorm,soort_ho,type_ho,herkomst,status,ingeschrevenen_HO,instroom_RR,instroom_HO,tweedejaars_HO,hogerejaars_HO,instroom_THO_NW,tweedejaars_THO_NW,hogerejaars_THO_NW,provincie
0,00DV01,00DV,Protestantse Theologische Universiteit,Utrecht,2024,voltijd,wo,ma,EER,realisatie,0.0,0.0,0.0,0.0,0.0,0.0,0.0,0.0,Utrecht
1,00DV01,00DV,Protestantse Theologische Universiteit,Utrecht,2024,voltijd,wo,ma,NL,realisatie,6.0,0.0,0.0,0.0,6.0,0.0,0.0,0.0,Utrecht
2,00DV01,00DV,Protestantse Theologische Universiteit,Utrecht,2024,voltijd,wo,ma,niet-EER,realisatie,6.0,0.0,0.0,0.0,0.0,0.0,0.0,0.0,Utrecht
3,00DV03,00DV,Protestantse Theologische Universiteit,Amsterdam,2017,deeltijd,wo,ba,NL,realisatie,10.0,0.0,0.0,0.0,7.0,0.0,0.0,6.0,Noord-Holland
4,00DV03,00DV,Protestantse Theologische Universiteit,Amsterdam,2018,deeltijd,wo,ba,NL,realisatie,14.0,7.0,0.0,0.0,11.0,0.0,0.0,6.0,Noord-Holland
5,00DV03,00DV,Protestantse Theologische Universiteit,Amsterdam,2019,deeltijd,wo,ba,NL,realisatie,21.0,7.0,0.0,0.0,20.0,7.0,6.0,8.0,Noord-Holland
6,00DV03,00DV,Protestantse Theologische Universiteit,Amsterdam,2020,deeltijd,wo,ba,NL,realisatie,17.0,0.0,0.0,0.0,16.0,0.0,6.0,8.0,Noord-Holland
7,00DV03,00DV,Protestantse Theologische Universiteit,Amsterdam,2021,deeltijd,wo,ba,NL,realisatie,12.0,0.0,0.0,0.0,9.0,0.0,0.0,8.0,Noord-Holland
8,00DV03,00DV,Protestantse Theologische Universiteit,Amsterdam,2022,deeltijd,wo,ba,NL,realisatie,8.0,0.0,0.0,0.0,7.0,0.0,0.0,0.0,Noord-Holland
9,00DV03,00DV,Protestantse Theologische Universiteit,Amsterdam,2023,deeltijd,wo,ba,NL,realisatie,0.0,0.0,0.0,0.0,0.0,0.0,0.0,0.0,Noord-Holland
10,00DV03,00DV,Protestantse Theologische Universiteit,Amsterdam,2021,deeltijd,wo,ma,EER,realisatie,0.0,0.0,0.0,0.0,0.0,0.0,0.0,0.0,Noord-Holland
11,00DV03,00DV,Protestantse Theologische Universiteit,Amsterdam,2022,deeltijd,wo,ma,EER,realisatie,0.0,0.0,0.0,0.0,0.0,0.0,0.0,0.0,Noord-Holland
12,00DV03,00DV,Protestantse Theologische Universiteit,Amsterdam,2023,deeltijd,wo,ma,EER,realisatie,0.0,0.0,0.0,0.0,0.0,0.0,0.0,0.0,Noord-Holland
13,00DV03,00DV,Protestantse Theologische Universiteit,Amsterdam,2024,deeltijd,wo,ma,EER,realisatie,0.0,0.0,0.0,0.0,0.0,0.0,0.0,0.0,Noord-Holland
14,00DV03,00DV,Protestantse Theologische Universiteit,Amsterdam,2017,deeltijd,wo,ma,NL,realisatie,63.0,23.0,0.0,0.0,61.0,15.0,7.0,41.0,Noord-Holland
15,00DV03,00DV,Protestantse Theologische Universiteit,Amsterdam,2018,deeltijd,wo,ma,NL,realisatie,52.0,6.0,0.0,0.0,50.0,0.0,14.0,35.0,Noord-Holland
16,00DV03,00DV,Protestantse Theologische Universiteit,Amsterdam,2019,deeltijd,wo,ma,NL,realisatie,48.0,8.0,0.0,0.0,48.0,0.0,0.0,42.0,Noord-Holland
17,00DV03,00DV,Protestantse Theologische Universiteit,Amsterdam,2020,deeltijd,wo,ma,NL,realisatie,44.0,13.0,0.0,0.0,44.0,7.0,0.0,32.0,Noord-Holland
18,00DV03,00DV,Protestantse Theologische Universiteit,Amsterdam,2021,deeltijd,wo,ma,NL,realisatie,43.0,11.0,0.0,0.0,43.0,6.0,8.0,29.0,Noord-Holland
19,00DV03,00DV,Protestantse Theologische Universiteit,Amsterdam,2022,deeltijd,wo,ma,NL,realisatie,45.0,11.0,0.0,0.0,44.0,0.0,0.0,36.0,Noord-Holland
20,00DV03,00DV,Protestantse Theologische Universiteit,Amsterdam,2023,deeltijd,wo,ma,NL,realisatie,46.0,16.0,0.0,0.0,45.0,0.0,0.0,39.0,Noord-Holland
21,00DV03,00DV,Protestantse Theologische Universiteit,Amsterdam,2024,deeltijd,wo,ma,NL,realisatie,44.0,11.0,0.0,0.0,44.0,0.0,0.0,37.0,Noord-Holland
22,00DV03,00DV,Protestantse Theologische Universiteit,Amsterdam,2017,voltijd,wo,ba,NL,realisatie,23.0,7.0,0.0,0.0,17.0,7.0,0.0,13.0,Noord-Holland
23,00DV03,00DV,Protestantse Theologische Universiteit,Amsterdam,2018,voltijd,wo,ba,NL,realisatie,26.0,6.0,0.0,0.0,19.0,0.0,8.0,13.0,Noord-Holland
24,00DV03,00DV,Protestantse Theologische Universiteit,Amsterdam,2019,voltijd,wo,ba,NL,realisatie,42.0,0.0,0.0,7.0,34.0,0.0,10.0,28.0,Noord-Holland
25,00DV03,00DV,Protestantse Theologische Universiteit,Amsterdam,2020,voltijd,wo,ba,NL,realisatie,31.0,7.0,0.0,0.0,25.0,7.0,0.0,20.0,Noord-Holland
26,00DV03,00DV,Protestantse Theologische Universiteit,Amsterdam,2021,voltijd,wo,ba,NL,realisatie,29.0,7.0,0.0,0.0,27.0,0.0,0.0,20.0,Noord-Holland
27,00DV03,00DV,Protestantse Theologische Universiteit,Amsterdam,2022,voltijd,wo,ba,NL,realisatie,30.0,6.0,0.0,0.0,27.0,0.0,0.0,22.0,Noord-Holland
28,00DV03,00DV,Protestantse Theologische Universiteit,Amsterdam,2017,voltijd,wo,ma,NL,realisatie,52.0,14.0,0.0,0.0,50.0,12.0,7.0,33.0,Noord-Holland
29,00DV03,00DV,Protestantse Theologische Universiteit,Amsterdam,2018,voltijd,wo,ma,NL,realisatie,48.0,16.0,0.0,0.0,46.0,10.0,12.0,26.0,Noord-Holland
30,00DV03,00DV,Protestantse Theologische Universiteit,Amsterdam,2019,voltijd,wo,ma,NL,realisatie,51.0,13.0,0.0,0.0,49.0,11.0,12.0,28.0,Noord-Holland
31,00DV03,00DV,Protestantse Theologische Universiteit,Amsterdam,2020,voltijd,wo,ma,NL,realisatie,60.0,23.0,0.0,0.0,57.0,16.0,13.0,31.0,Noord-Holland
32,00DV03,00DV,Protestantse Theologische Universiteit,Amsterdam,2021,voltijd,wo,ma,NL,realisatie,60.0,11.0,0.0,0.0,57.0,7.0,16.0,37.0,Noord-Holland
33,00DV03,00DV,Protestantse Theologische Universiteit,Amsterdam,2022,voltijd,wo,ma,NL,realisatie,59.0,21.0,0.0,0.0,56.0,15.0,9.0,35.0,Noord-Holland
34,00DV03,00DV,Protestantse Theologische Universiteit,Amsterdam,2023,voltijd,wo,ma,NL,realisatie,57.0,17.0,0.0,0.0,56.0,10.0,15.0,32.0,Noord-Holland
35,00DV03,00DV,Protestantse Theologische Universiteit,Amsterdam,2024,voltijd,wo,ma,NL,realisatie,66.0,26.0,0.0,0.0,64.0,18.0,11.0,37.0,Noord-Holland
36,00DV04,00DV,Protestantse Theologische Universiteit,Groningen,2021,deeltijd,wo,ma,EER,realisatie,0.0,0.0,0.0,0.0,0.0,0.0,0.0,0.0,Groningen
37,00DV04,00DV,Protestantse Theologische Universiteit,Groningen,2022,deeltijd,wo,ma,EER,realisatie,0.0,0.0,0.0,0.0,0.0,0.0,0.0,0.0,Groningen
38,00DV04,00DV,Protestantse Theologische Universiteit,Groningen,2017,deeltijd,wo,ma,NL,realisatie,0.0,0.0,0.0,0.0,0.0,0.0,0.0,0.0,Groningen
39,00DV04,00DV,Protestantse Theologische Universiteit,Groningen,2018,deeltijd,wo,ma,NL,realisatie,0.0,0.0,0.0,0.0,0.0,0.0,0.0,0.0,Groningen
40,00DV04,00DV,Protestantse Theologische Universiteit,Groningen,2019,deeltijd,wo,ma,NL,realisatie,0.0,0.0,0.0,0.0,0.0,0.0,0.0,0.0,Groningen
41,00DV04,00DV,Protestantse Theologische Universiteit,Groningen,2020,deeltijd,wo,ma,NL,realisatie,0.0,0.0,0.0,0.0,0.0,0.0,0.0,0.0,Groningen
42,00DV04,00DV,Protestantse Theologische Universiteit,Groningen,2021,deeltijd,wo,ma,NL,realisatie,6.0,0.0,0.0,0.0,6.0,0.0,0.0,0.0,Groningen
43,00DV04,00DV,Protestantse Theologische Universiteit,Groningen,2022,deeltijd,wo,ma,NL,realisatie,0.0,0.0,0.0,0.0,0.0,0.0,0.0,0.0,Groningen
44,00DV04,00DV,Protestantse Theologische Universiteit,Groningen,2023,deeltijd,wo,ma,NL,realisatie,0.0,0.0,0.0,0.0,0.0,0.0,0.0,0.0,Groningen
45,00DV04,00DV,Protestantse Theologische Universiteit,Groningen,2017,voltijd,wo,ma,EER,realisatie,0.0,0.0,0.0,0.0,0.0,0.0,0.0,0.0,Groningen
46,00DV04,00DV,Protestantse Theologische Universiteit,Groningen,2018,voltijd,wo,ma,EER,realisatie,0.0,0.0,0.0,0.0,0.0,0.0,0.0,0.0,Groningen
47,00DV04,00DV,Protestantse Theologische Universiteit,Groningen,2019,voltijd,wo,ma,EER,realisatie,0.0,0.0,0.0,0.0,0.0,0.0,0.0,0.0,Groningen
48,00DV04,00DV,Protestantse Theologische Universiteit,Groningen,2020,voltijd,wo,ma,EER,realisatie,0.0,0.0,0.0,0.0,0.0,0.0,0.0,0.0,Groningen
49,00DV04,00DV,Protestantse Theologische Universiteit,Groningen,2022,voltijd,wo,ma,EER,realisatie,0.0,0.0,0.0,0.0,0.0,0.0,0.0,0.0,Groningen
50,00DV04,00DV,Protestantse Theologische Universiteit,Groningen,2023,voltijd,wo,ma,EER,realisatie,0.0,0.0,0.0,0.0,0.0,0.0,0.0,0.0,Groningen
51,00DV04,00DV,Protestantse Theologische Universiteit,Groningen,2017,voltijd,wo,ma,NL,realisatie,41.0,10.0,0.0,0.0,40.0,10.0,8.0,23.0,Groningen
52,00DV04,00DV,Protestantse Theologische Universiteit,Groningen,2018,voltijd,wo,ma,NL,realisatie,40.0,7.0,0.0,0.0,39.0,0.0,10.0,25.0,Groningen
53,00DV04,00DV,Protestantse Theologische Universiteit,Groningen,2019,voltijd,wo,ma,NL,realisatie,45.0,9.0,0.0,0.0,45.0,8.0,0.0,32.0,Groningen
54,00DV04,00DV,Protestantse Theologische Universiteit,Groningen,2020,voltijd,wo,ma,NL,realisatie,40.0,9.0,0.0,0.0,38.0,9.0,7.0,24.0,Groningen
55,00DV04,00DV,Protestantse Theologische Universiteit,Groningen,2021,voltijd,wo,ma,NL,realisatie,43.0,0.0,0.0,0.0,41.0,0.0,9.0,31.0,Groningen
56,00DV04,00DV,Protestantse Theologische Universiteit,Groningen,2022,voltijd,wo,ma,NL,realisatie,31.0,0.0,0.0,0.0,31.0,0.0,0.0,25.0,Groningen
57,00DV04,00DV,Protestantse Theologische Universiteit,Groningen,2023,voltijd,wo,ma,NL,realisatie,24.0,7.0,0.0,0.0,24.0,0.0,0.0,15.0,Groningen
58,00DV04,00DV,Protestantse Theologische Universiteit,Groningen,2024,voltijd,wo,ma,NL,realisatie,12.0,0.0,0.0,0.0,12.0,0.0,0.0,12.0,Groningen
59,00DV04,00DV,Protestantse Theologische Universiteit,Groningen,2017,voltijd,wo,ma,niet-EER,realisatie,0.0,0.0,0.0,0.0,0.0,0.0,0.0,0.0,Groningen
60,00DV04,00DV,Protestantse Theologische Universiteit,Groningen,2018,voltijd,wo,ma,niet-EER,realisatie,10.0,9.0,9.0,0.0,0.0,9.0,0.0,0.0,Groningen
61,00DV04,00DV,Protestantse Theologische Universiteit,Groningen,2019,voltijd,wo,ma,niet-EER,realisatie,12.0,12.0,12.0,0.0,0.0,12.0,0.0,0.0,Groningen
62,00DV04,00DV,Protestantse Theologische Universiteit,Groningen,2020,voltijd,wo,ma,niet-EER,realisatie,11.0,10.0,10.0,0.0,0.0,10.0,0.0,0.0,Groningen
63,00DV04,00DV,Protestantse Theologische Universiteit,Groningen,2021,voltijd,wo,ma,niet-EER,realisatie,14.0,12.0,10.0,0.0,0.0,10.0,0.0,0.0,Groningen
64,00DV04,00DV,Protestantse Theologische Universiteit,Groningen,2022,voltijd,wo,ma,niet-EER,realisatie,0.0,0.0,0.0,0.0,0.0,0.0,0.0,0.0,Groningen
65,00DV04,00DV,Protestantse Theologische Universiteit,Groningen,2023,voltijd,wo,ma,niet-EER,realisatie,9.0,7.0,6.0,0.0,0.0,6.0,0.0,0.0,Groningen
66,00IC00,00IC,Hogeschool KPZ,Zwolle,2021,deeltijd,hbo,ad,EER,realisatie,0.0,0.0,0.0,0.0,0.0,0.0,0.0,0.0,
67,00IC00,00IC,Hogeschool KPZ,Zwolle,2017,deeltijd,hbo,ad,NL,realisatie,140.0,86.0,54.0,49.0,37.0,84.0,56.0,0.0,
68,00IC00,00IC,Hogeschool KPZ,Zwolle,2018,deeltijd,hbo,ad,NL,realisatie,158.0,94.0,58.0,48.0,52.0,94.0,48.0,16.0,
69,00IC00,00IC,Hogeschool KPZ,Zwolle,2019,deeltijd,hbo,ad,NL,realisatie,184.0,95.0,60.0,57.0,67.0,95.0,67.0,22.0,
70,00IC00,00IC,Hogeschool KPZ,Zwolle,2020,deeltijd,hbo,ad,NL,realisatie,205.0,98.0,63.0,59.0,83.0,97.0,71.0,37.0,
71,00IC00,00IC,Hogeschool KPZ,Zwolle,2021,deeltijd,hbo,ad,NL,realisatie,172.0,71.0,46.0,54.0,72.0,71.0,66.0,35.0,
72,00IC00,00IC,Hogeschool KPZ,Zwolle,2022,deeltijd,hbo,ad,NL,realisatie,129.0,48.0,32.0,38.0,59.0,45.0,56.0,28.0,
73,00IC00,00IC,Hogeschool KPZ,Zwolle,2023,deeltijd,hbo,ad,NL,realisatie,134.0,80.0,46.0,39.0,49.0,77.0,32.0,25.0,
74,00IC00,00IC,Hogeschool KPZ,Zwolle,2024,deeltijd,hbo,ad,NL,realisatie,150.0,73.0,45.0,49.0,56.0,72.0,58.0,20.0,
75,00IC00,00IC,Hogeschool KPZ,Zwolle,2017,deeltijd,hbo,ad,niet-EER,realisatie,0.0,0.0,0.0,0.0,0.0,0.0,0.0,0.0,
76,00IC00,00IC,Hogeschool KPZ,Zwolle,2018,deeltijd,hbo,ad,niet-EER,realisatie,0.0,0.0,0.0,0.0,0.0,0.0,0.0,0.0,
77,00IC00,00IC,Hogeschool KPZ,Zwolle,2022,deeltijd,hbo,ad,niet-EER,realisatie,0.0,0.0,0.0,0.0,0.0,0.0,0.0,0.0,
78,00IC00,00IC,Hogeschool KPZ,Zwolle,2017,deeltijd,hbo,ba,EER,realisatie,0.0,0.0,0.0,0.0,0.0,0.0,0.0,0.0,
79,00IC00,00IC,Hogeschool KPZ,Zwolle,2022,deeltijd,hbo,ba,EER,realisatie,0.0,0.0,0.0,0.0,0.0,0.0,0.0,0.0,
80,00IC00,00IC,Hogeschool KPZ,Zwolle,2023,deeltijd,hbo,ba,EER,realisatie,0.0,0.0,0.0,0.0,0.0,0.0,0.0,0.0,
81,00IC00,00IC,Hogeschool KPZ,Zwolle,2024,deeltijd,hbo,ba,EER,realisatie,0.0,0.0,0.0,0.0,0.0,0.0,0.0,0.0,
82,00IC00,00IC,Hogeschool KPZ,Zwolle,2017,deeltijd,hbo,ba,NL,realisatie,136.0,59.0,10.0,16.0,110.0,18.0,19.0,99.0,
83,00IC00,00IC,Hogeschool KPZ,Zwolle,2018,deeltijd,hbo,ba,NL,realisatie,173.0,90.0,17.0,12.0,144.0,27.0,20.0,126.0,
84,00IC00,00IC,Hogeschool KPZ,Zwolle,2019,deeltijd,hbo,ba,NL,realisatie,224.0,107.0,39.0,24.0,161.0,47.0,29.0,148.0,
85,00IC00,00IC,Hogeschool KPZ,Zwolle,2020,deeltijd,hbo,ba,NL,realisatie,240.0,97.0,23.0,30.0,187.0,33.0,37.0,170.0,
86,00IC00,00IC,Hogeschool KPZ,Zwolle,2021,deeltijd,hbo,ba,NL,realisatie,215.0,51.0,7.0,23.0,185.0,14.0,30.0,171.0,
87,00IC00,00IC,Hogeschool KPZ,Zwolle,2022,deeltijd,hbo,ba,NL,realisatie,192.0,46.0,11.0,0.0,176.0,20.0,12.0,160.0,
88,00IC00,00IC,Hogeschool KPZ,Zwolle,2023,deeltijd,hbo,ba,NL,realisatie,174.0,57.0,18.0,10.0,146.0,24.0,19.0,131.0,
89,00IC00,00IC,Hogeschool KPZ,Zwolle,2024,deeltijd,hbo,ba,NL,realisatie,153.0,41.0,9.0,11.0,133.0,16.0,16.0,121.0,
90,00IC00,00IC,Hogeschool KPZ,Zwolle,2017,deeltijd,hbo,ba,niet-EER,realisatie,0.0,0.0,0.0,0.0,0.0,0.0,0.0,0.0,
91,00IC00,00IC,Hogeschool KPZ,Zwolle,2018,deeltijd,hbo,ba,niet-EER,realisatie,0.0,0.0,0.0,0.0,0.0,0.0,0.0,0.0,
92,00IC00,00IC,Hogeschool KPZ,Zwolle,2019,deeltijd,hbo,ba,niet-EER,realisatie,0.0,0.0,0.0,0.0,0.0,0.0,0.0,0.0,
93,00IC00,00IC,Hogeschool KPZ,Zwolle,2024,deeltijd,hbo,ba,niet-EER,realisatie,0.0,0.0,0.0,0.0,0.0,0.0,0.0,0.0,
94,00IC00,00IC,Hogeschool KPZ,Zwolle,2019,voltijd,hbo,ba,EER,realisatie,0.0,0.0,0.0,0.0,0.0,0.0,0.0,0.0,
95,00IC00,00IC,Hogeschool KPZ,Zwolle,2020,voltijd,hbo,ba,EER,realisatie,0.0,0.0,0.0,0.0,0.0,0.0,0.0,0.0,
96,00IC00,00IC,Hogeschool KPZ,Zwolle,2021,voltijd,hbo,ba,EER,realisatie,0.0,0.0,0.0,0.0,0.0,0.0,0.0,0.0,
97,00IC00,00IC,Hogeschool KPZ,Zwolle,2022,voltijd,hbo,ba,EER,realisatie,0.0,0.0,0.0,0.0,0.0,0.0,0.0,0.0,
98,00IC00,00IC,Hogeschool KPZ,Zwolle,2023,voltijd,hbo,ba,EER,realisatie,0.0,0.0,0.0,0.0,0.0,0.0,0.0,0.0,
99,00IC00,00IC,Hogeschool KPZ,Zwolle,2024,voltijd,hbo,ba,EER,realisatie,0.0,0.0,0.0,0.0,0.0,0.0,0.0,0.0,
100,00IC00,00IC,Hogeschool KPZ,Zwolle,2017,voltijd,hbo,ba,NL,realisatie,558.0,171.0,163.0,106.0,289.0,164.0,107.0,287.0,
101,00IC00,00IC,Hogeschool KPZ,Zwolle,2018,voltijd,hbo,ba,NL,realisatie,526.0,141.0,134.0,115.0,277.0,135.0,114.0,277.0,
102,00IC00,00IC,Hogeschool KPZ,Zwolle,2019,voltijd,hbo,ba,NL,realisatie,531.0,155.0,144.0,100.0,287.0,145.0,101.0,285.0,
103,00IC00,00IC,Hogeschool KPZ,Zwolle,2020,voltijd,hbo,ba,NL,realisatie,543.0,163.0,158.0,122.0,263.0,159.0,122.0,262.0,
104,00IC00,00IC,Hogeschool KPZ,Zwolle,2021,voltijd,hbo,ba,NL,realisatie,531.0,144.0,140.0,125.0,266.0,142.0,124.0,265.0,
105,00IC00,00IC,Hogeschool KPZ,Zwolle,2022,voltijd,hbo,ba,NL,realisatie,505.0,117.0,108.0,129.0,268.0,110.0,127.0,268.0,
106,00IC00,00IC,Hogeschool KPZ,Zwolle,2023,voltijd,hbo,ba,NL,realisatie,473.0,124.0,116.0,77.0,280.0,117.0,78.0,278.0,
107,00IC00,00IC,Hogeschool KPZ,Zwolle,2024,voltijd,hbo,ba,NL,realisatie,468.0,118.0,114.0,96.0,258.0,114.0,97.0,257.0,
108,00IC00,00IC,Hogeschool KPZ,Zwolle,2020,voltijd,hbo,ba,niet-EER,realisatie,0.0,0.0,0.0,0.0,0.0,0.0,0.0,0.0,
109,00MF00,00MF,Hogeschool voor de Kunsten Utrecht,Utrecht,2017,deeltijd,hbo,ba,EER,realisatie,0.0,0.0,0.0,0.0,0.0,0.0,0.0,0.0,Utrecht
110,00MF00,00MF,Hogeschool voor de Kunsten Utrecht,Utrecht,2019,deeltijd,hbo,ba,EER,realisatie,0.0,0.0,0.0,0.0,0.0,0.0,0.0,0.0,Utrecht
111,00MF00,00MF,Hogeschool voor de Kunsten Utrecht,Utrecht,2020,deeltijd,hbo,ba,EER,realisatie,0.0,0.0,0.0,0.0,0.0,0.0,0.0,0.0,Utrecht
112,00MF00,00MF,Hogeschool voor de Kunsten Utrecht,Utrecht,2021,deeltijd,hbo,ba,EER,realisatie,0.0,0.0,0.0,0.0,0.0,0.0,0.0,0.0,Utrecht
113,00MF00,00MF,Hogeschool voor de Kunsten Utrecht,Utrecht,2022,deeltijd,hbo,ba,EER,realisatie,0.0,0.0,0.0,0.0,0.0,0.0,0.0,0.0,Utrecht
114,00MF00,00MF,Hogeschool voor de Kunsten Utrecht,Utrecht,2024,deeltijd,hbo,ba,EER,realisatie,0.0,0.0,0.0,0.0,0.0,0.0,0.0,0.0,Utrecht
115,00MF00,00MF,Hogeschool voor de Kunsten Utrecht,Utrecht,2017,deeltijd,hbo,ba,NL,realisatie,53.0,26.0,0.0,0.0,53.0,0.0,0.0,52.0,Utrecht
116,00MF00,00MF,Hogeschool voor de Kunsten Utrecht,Utrecht,2018,deeltijd,hbo,ba,NL,realisatie,45.0,22.0,0.0,0.0,44.0,0.0,0.0,44.0,Utrecht
117,00MF00,00MF,Hogeschool voor de Kunsten Utrecht,Utrecht,2019,deeltijd,hbo,ba,NL,realisatie,38.0,18.0,0.0,0.0,37.0,0.0,0.0,37.0,Utrecht
118,00MF00,00MF,Hogeschool voor de Kunsten Utrecht,Utrecht,2020,deeltijd,hbo,ba,NL,realisatie,57.0,37.0,0.0,0.0,54.0,0.0,0.0,52.0,Utrecht
119,00MF00,00MF,Hogeschool voor de Kunsten Utrecht,Utrecht,2021,deeltijd,hbo,ba,NL,realisatie,69.0,31.0,0.0,0.0,62.0,9.0,0.0,56.0,Utrecht
120,00MF00,00MF,Hogeschool voor de Kunsten Utrecht,Utrecht,2022,deeltijd,hbo,ba,NL,realisatie,49.0,23.0,0.0,6.0,41.0,0.0,8.0,38.0,Utrecht
121,00MF00,00MF,Hogeschool voor de Kunsten Utrecht,Utrecht,2023,deeltijd,hbo,ba,NL,realisatie,55.0,32.0,0.0,0.0,51.0,0.0,0.0,49.0,Utrecht
122,00MF00,00MF,Hogeschool voor de Kunsten Utrecht,Utrecht,2024,deeltijd,hbo,ba,NL,realisatie,72.0,42.0,0.0,0.0,67.0,0.0,0.0,64.0,Utrecht
123,00MF00,00MF,Hogeschool voor de Kunsten Utrecht,Utrecht,2018,deeltijd,hbo,ba,niet-EER,realisatie,0.0,0.0,0.0,0.0,0.0,0.0,0.0,0.0,Utrecht
124,00MF00,00MF,Hogeschool voor de Kunsten Utrecht,Utrecht,2019,deeltijd,hbo,ba,niet-EER,realisatie,0.0,0.0,0.0,0.0,0.0,0.0,0.0,0.0,Utrecht
125,00MF00,00MF,Hogeschool voor de Kunsten Utrecht,Utrecht,2021,deeltijd,hbo,ba,niet-EER,realisatie,0.0,0.0,0.0,0.0,0.0,0.0,0.0,0.0,Utrecht
126,00MF00,00MF,Hogeschool voor de Kunsten Utrecht,Utrecht,2022,deeltijd,hbo,ba,niet-EER,realisatie,0.0,0.0,0.0,0.0,0.0,0.0,0.0,0.0,Utrecht
127,00MF00,00MF,Hogeschool voor de Kunsten Utrecht,Utrecht,2023,deeltijd,hbo,ba,niet-EER,realisatie,0.0,0.0,0.0,0.0,0.0,0.0,0.0,0.0,Utrecht
128,00MF00,00MF,Hogeschool voor de Kunsten Utrecht,Utrecht,2024,deeltijd,hbo,ba,niet-EER,realisatie,0.0,0.0,0.0,0.0,0.0,0.0,0.0,0.0,Utrecht
129,00MF00,00MF,Hogeschool voor de Kunsten Utrecht,Utrecht,2017,deeltijd,hbo,ma,EER,realisatie,0.0,0.0,0.0,0.0,0.0,0.0,0.0,0.0,Utrecht
130,00MF00,00MF,Hogeschool voor de Kunsten Utrecht,Utrecht,2018,deeltijd,hbo,ma,EER,realisatie,0.0,0.0,0.0,0.0,0.0,0.0,0.0,0.0,Utrecht
131,00MF00,00MF,Hogeschool voor de Kunsten Utrecht,Utrecht,2020,deeltijd,hbo,ma,EER,realisatie,0.0,0.0,0.0,0.0,0.0,0.0,0.0,0.0,Utrecht
132,00MF00,00MF,Hogeschool voor de Kunsten Utrecht,Utrecht,2021,deeltijd,hbo,ma,EER,realisatie,0.0,0.0,0.0,0.0,0.0,0.0,0.0,0.0,Utrecht
133,00MF00,00MF,Hogeschool voor de Kunsten Utrecht,Utrecht,2022,deeltijd,hbo,ma,EER,realisatie,0.0,0.0,0.0,0.0,0.0,0.0,0.0,0.0,Utrecht
134,00MF00,00MF,Hogeschool voor de Kunsten Utrecht,Utrecht,2017,deeltijd,hbo,ma,NL,realisatie,38.0,14.0,0.0,0.0,38.0,10.0,14.0,14.0,Utrecht
135,00MF00,00MF,Hogeschool voor de Kunsten Utrecht,Utrecht,2018,deeltijd,hbo,ma,NL,realisatie,57.0,34.0,0.0,0.0,55.0,30.0,11.0,16.0,Utrecht
136,00MF00,00MF,Hogeschool voor de Kunsten Utrecht,Utrecht,2019,deeltijd,hbo,ma,NL,realisatie,65.0,33.0,0.0,0.0,59.0,33.0,21.0,11.0,Utrecht
137,00MF00,00MF,Hogeschool voor de Kunsten Utrecht,Utrecht,2020,deeltijd,hbo,ma,NL,realisatie,58.0,18.0,0.0,0.0,52.0,16.0,26.0,16.0,Utrecht
138,00MF00,00MF,Hogeschool voor de Kunsten Utrecht,Utrecht,2021,deeltijd,hbo,ma,NL,realisatie,83.0,45.0,0.0,0.0,78.0,42.0,17.0,24.0,Utrecht
139,00MF00,00MF,Hogeschool voor de Kunsten Utrecht,Utrecht,2022,deeltijd,hbo,ma,NL,realisatie,83.0,32.0,0.0,0.0,80.0,31.0,39.0,13.0,Utrecht
140,00MF00,00MF,Hogeschool voor de Kunsten Utrecht,Utrecht,2023,deeltijd,hbo,ma,NL,realisatie,80.0,34.0,0.0,0.0,78.0,33.0,30.0,17.0,Utrecht
141,00MF00,00MF,Hogeschool voor de Kunsten Utrecht,Utrecht,2024,deeltijd,hbo,ma,NL,realisatie,83.0,42.0,0.0,0.0,80.0,38.0,30.0,15.0,Utrecht
142,00MF00,00MF,Hogeschool voor de Kunsten Utrecht,Utrecht,2020,voltijd,hbo,ad,EER,realisatie,0.0,0.0,0.0,0.0,0.0,0.0,0.0,0.0,Utrecht
143,00MF00,00MF,Hogeschool voor de Kunsten Utrecht,Utrecht,2023,voltijd,hbo,ad,EER,realisatie,0.0,0.0,0.0,0.0,0.0,0.0,0.0,0.0,Utrecht
144,00MF00,00MF,Hogeschool voor de Kunsten Utrecht,Utrecht,2024,voltijd,hbo,ad,EER,realisatie,0.0,0.0,0.0,0.0,0.0,0.0,0.0,0.0,Utrecht
145,00MF00,00MF,Hogeschool voor de Kunsten Utrecht,Utrecht,2018,voltijd,hbo,ad,NL,realisatie,31.0,31.0,22.0,0.0,0.0,31.0,0.0,0.0,Utrecht
146,00MF00,00MF,Hogeschool voor de Kunsten Utrecht,Utrecht,2019,voltijd,hbo,ad,NL,realisatie,54.0,29.0,23.0,19.0,12.0,29.0,25.0,0.0,Utrecht
147,00MF00,00MF,Hogeschool voor de Kunsten Utrecht,Utrecht,2020,voltijd,hbo,ad,NL,realisatie,69.0,38.0,30.0,26.0,13.0,38.0,27.0,0.0,Utrecht
148,00MF00,00MF,Hogeschool voor de Kunsten Utrecht,Utrecht,2021,voltijd,hbo,ad,NL,realisatie,61.0,27.0,19.0,31.0,11.0,27.0,32.0,0.0,Utrecht
149,00MF00,00MF,Hogeschool voor de Kunsten Utrecht,Utrecht,2022,voltijd,hbo,ad,NL,realisatie,63.0,37.0,24.0,23.0,16.0,37.0,24.0,0.0,Utrecht
150,00MF00,00MF,Hogeschool voor de Kunsten Utrecht,Utrecht,2023,voltijd,hbo,ad,NL,realisatie,65.0,32.0,15.0,29.0,21.0,31.0,32.0,0.0,Utrecht
151,00MF00,00MF,Hogeschool voor de Kunsten Utrecht,Utrecht,2024,voltijd,hbo,ad,NL,realisatie,67.0,36.0,15.0,20.0,32.0,34.0,28.0,0.0,Utrecht
152,00MF00,00MF,Hogeschool voor de Kunsten Utrecht,Utrecht,2017,voltijd,hbo,ba,EER,realisatie,114.0,34.0,32.0,24.0,58.0,32.0,25.0,57.0,Utrecht
153,00MF00,00MF,Hogeschool voor de Kunsten Utrecht,Utrecht,2018,voltijd,hbo,ba,EER,realisatie,133.0,43.0,40.0,29.0,64.0,40.0,29.0,64.0,Utrecht
154,00MF00,00MF,Hogeschool voor de Kunsten Utrecht,Utrecht,2019,voltijd,hbo,ba,EER,realisatie,122.0,30.0,24.0,36.0,62.0,26.0,36.0,60.0,Utrecht
155,00MF00,00MF,Hogeschool voor de Kunsten Utrecht,Utrecht,2020,voltijd,hbo,ba,EER,realisatie,141.0,45.0,41.0,22.0,78.0,44.0,23.0,74.0,Utrecht
156,00MF00,00MF,Hogeschool voor de Kunsten Utrecht,Utrecht,2021,voltijd,hbo,ba,EER,realisatie,138.0,38.0,33.0,34.0,71.0,34.0,37.0,67.0,Utrecht
157,00MF00,00MF,Hogeschool voor de Kunsten Utrecht,Utrecht,2022,voltijd,hbo,ba,EER,realisatie,131.0,36.0,32.0,30.0,69.0,34.0,31.0,66.0,Utrecht
158,00MF00,00MF,Hogeschool voor de Kunsten Utrecht,Utrecht,2023,voltijd,hbo,ba,EER,realisatie,138.0,37.0,31.0,32.0,75.0,33.0,33.0,72.0,Utrecht
159,00MF00,00MF,Hogeschool voor de Kunsten Utrecht,Utrecht,2024,voltijd,hbo,ba,EER,realisatie,147.0,39.0,30.0,28.0,89.0,34.0,30.0,83.0,Utrecht
160,00MF00,00MF,Hogeschool voor de Kunsten Utrecht,Utrecht,2017,voltijd,hbo,ba,NL,realisatie,3461.0,941.0,772.0,640.0,2049.0,820.0,665.0,1976.0,Utrecht
161,00MF00,00MF,Hogeschool voor de Kunsten Utrecht,Utrecht,2018,voltijd,hbo,ba,NL,realisatie,3445.0,923.0,749.0,718.0,1978.0,806.0,735.0,1904.0,Utrecht
162,00MF00,00MF,Hogeschool voor de Kunsten Utrecht,Utrecht,2019,voltijd,hbo,ba,NL,realisatie,3416.0,825.0,659.0,680.0,2077.0,710.0,705.0,2001.0,Utrecht
163,00MF00,00MF,Hogeschool voor de Kunsten Utrecht,Utrecht,2020,voltijd,hbo,ba,NL,realisatie,3618.0,916.0,727.0,682.0,2209.0,769.0,725.0,2124.0,Utrecht
164,00MF00,00MF,Hogeschool voor de Kunsten Utrecht,Utrecht,2021,voltijd,hbo,ba,NL,realisatie,3634.0,836.0,679.0,754.0,2201.0,739.0,772.0,2123.0,Utrecht
165,00MF00,00MF,Hogeschool voor de Kunsten Utrecht,Utrecht,2022,voltijd,hbo,ba,NL,realisatie,3551.0,778.0,590.0,673.0,2288.0,669.0,714.0,2168.0,Utrecht
166,00MF00,00MF,Hogeschool voor de Kunsten Utrecht,Utrecht,2023,voltijd,hbo,ba,NL,realisatie,3497.0,810.0,602.0,610.0,2285.0,686.0,653.0,2158.0,Utrecht
167,00MF00,00MF,Hogeschool voor de Kunsten Utrecht,Utrecht,2024,voltijd,hbo,ba,NL,realisatie,3399.0,763.0,577.0,621.0,2201.0,644.0,686.0,2069.0,Utrecht
168,00MF00,00MF,Hogeschool voor de Kunsten Utrecht,Utrecht,2017,voltijd,hbo,ba,niet-EER,realisatie,34.0,13.0,12.0,8.0,14.0,13.0,7.0,14.0,Utrecht
169,00MF00,00MF,Hogeschool voor de Kunsten Utrecht,Utrecht,2018,voltijd,hbo,ba,niet-EER,realisatie,38.0,15.0,14.0,9.0,15.0,15.0,10.0,13.0,Utrecht
170,00MF00,00MF,Hogeschool voor de Kunsten Utrecht,Utrecht,2019,voltijd,hbo,ba,niet-EER,realisatie,46.0,18.0,14.0,14.0,18.0,15.0,13.0,18.0,Utrecht
171,00MF00,00MF,Hogeschool voor de Kunsten Utrecht,Utrecht,2020,voltijd,hbo,ba,niet-EER,realisatie,49.0,12.0,12.0,13.0,24.0,12.0,13.0,24.0,Utrecht
172,00MF00,00MF,Hogeschool voor de Kunsten Utrecht,Utrecht,2021,voltijd,hbo,ba,niet-EER,realisatie,47.0,10.0,9.0,11.0,27.0,9.0,11.0,27.0,Utrecht
173,00MF00,00MF,Hogeschool voor de Kunsten Utrecht,Utrecht,2022,voltijd,hbo,ba,niet-EER,realisatie,45.0,11.0,10.0,9.0,26.0,11.0,9.0,25.0,Utrecht
174,00MF00,00MF,Hogeschool voor de Kunsten Utrecht,Utrecht,2023,voltijd,hbo,ba,niet-EER,realisatie,56.0,18.0,17.0,12.0,27.0,18.0,11.0,27.0,Utrecht
175,00MF00,00MF,Hogeschool voor de Kunsten Utrecht,Utrecht,2024,voltijd,hbo,ba,niet-EER,realisatie,61.0,17.0,15.0,15.0,31.0,17.0,16.0,28.0,Utrecht
176,00MF00,00MF,Hogeschool voor de Kunsten Utrecht,Utrecht,2017,voltijd,hbo,ma,EER,realisatie,55.0,32.0,24.0,16.0,15.0,31.0,19.0,0.0,Utrecht
177,00MF00,00MF,Hogeschool voor de Kunsten Utrecht,Utrecht,2018,voltijd,hbo,ma,EER,realisatie,70.0,33.0,30.0,24.0,16.0,33.0,28.0,9.0,Utrecht
178,00MF00,00MF,Hogeschool voor de Kunsten Utrecht,Utrecht,2019,voltijd,hbo,ma,EER,realisatie,64.0,24.0,20.0,27.0,17.0,24.0,30.0,10.0,Utrecht
179,00MF00,00MF,Hogeschool voor de Kunsten Utrecht,Utrecht,2020,voltijd,hbo,ma,EER,realisatie,64.0,30.0,22.0,17.0,25.0,30.0,21.0,13.0,Utrecht
180,00MF00,00MF,Hogeschool voor de Kunsten Utrecht,Utrecht,2021,voltijd,hbo,ma,EER,realisatie,70.0,32.0,21.0,20.0,29.0,30.0,28.0,12.0,Utrecht
181,00MF00,00MF,Hogeschool voor de Kunsten Utrecht,Utrecht,2022,voltijd,hbo,ma,EER,realisatie,83.0,30.0,23.0,22.0,38.0,28.0,29.0,26.0,Utrecht
182,00MF00,00MF,Hogeschool voor de Kunsten Utrecht,Utrecht,2023,voltijd,hbo,ma,EER,realisatie,89.0,32.0,26.0,22.0,41.0,32.0,26.0,31.0,Utrecht
183,00MF00,00MF,Hogeschool voor de Kunsten Utrecht,Utrecht,2024,voltijd,hbo,ma,EER,realisatie,91.0,28.0,19.0,24.0,48.0,28.0,30.0,33.0,Utrecht
184,00MF00,00MF,Hogeschool voor de Kunsten Utrecht,Utrecht,2017,voltijd,hbo,ma,NL,realisatie,131.0,73.0,0.0,0.0,122.0,71.0,42.0,18.0,Utrecht
185,00MF00,00MF,Hogeschool voor de Kunsten Utrecht,Utrecht,2018,voltijd,hbo,ma,NL,realisatie,121.0,52.0,9.0,0.0,108.0,50.0,53.0,18.0,Utrecht
186,00MF00,00MF,Hogeschool voor de Kunsten Utrecht,Utrecht,2019,voltijd,hbo,ma,NL,realisatie,105.0,47.0,0.0,8.0,93.0,45.0,39.0,21.0,Utrecht
187,00MF00,00MF,Hogeschool voor de Kunsten Utrecht,Utrecht,2020,voltijd,hbo,ma,NL,realisatie,109.0,64.0,8.0,0.0,98.0,63.0,29.0,17.0,Utrecht
188,00MF00,00MF,Hogeschool voor de Kunsten Utrecht,Utrecht,2021,voltijd,hbo,ma,NL,realisatie,121.0,58.0,0.0,8.0,110.0,52.0,48.0,21.0,Utrecht
189,00MF00,00MF,Hogeschool voor de Kunsten Utrecht,Utrecht,2022,voltijd,hbo,ma,NL,realisatie,108.0,48.0,0.0,0.0,102.0,44.0,44.0,20.0,Utrecht
190,00MF00,00MF,Hogeschool voor de Kunsten Utrecht,Utrecht,2023,voltijd,hbo,ma,NL,realisatie,108.0,54.0,0.0,0.0,99.0,54.0,38.0,16.0,Utrecht
191,00MF00,00MF,Hogeschool voor de Kunsten Utrecht,Utrecht,2024,voltijd,hbo,ma,NL,realisatie,114.0,60.0,0.0,0.0,105.0,56.0,45.0,13.0,Utrecht
192,00MF00,00MF,Hogeschool voor de Kunsten Utrecht,Utrecht,2017,voltijd,hbo,ma,niet-EER,realisatie,40.0,24.0,16.0,14.0,10.0,23.0,16.0,0.0,Utrecht
193,00MF00,00MF,Hogeschool voor de Kunsten Utrecht,Utrecht,2018,voltijd,hbo,ma,niet-EER,realisatie,46.0,22.0,19.0,17.0,10.0,21.0,24.0,0.0,Utrecht
194,00MF00,00MF,Hogeschool voor de Kunsten Utrecht,Utrecht,2019,voltijd,hbo,ma,niet-EER,realisatie,44.0,20.0,16.0,19.0,9.0,20.0,21.0,0.0,Utrecht
195,00MF00,00MF,Hogeschool voor de Kunsten Utrecht,Utrecht,2020,voltijd,hbo,ma,niet-EER,realisatie,42.0,20.0,18.0,14.0,10.0,20.0,18.0,0.0,Utrecht
196,00MF00,00MF,Hogeschool voor de Kunsten Utrecht,Utrecht,2021,voltijd,hbo,ma,niet-EER,realisatie,36.0,16.0,12.0,17.0,7.0,16.0,18.0,0.0,Utrecht
197,00MF00,00MF,Hogeschool voor de Kunsten Utrecht,Utrecht,2022,voltijd,hbo,ma,niet-EER,realisatie,41.0,22.0,13.0,12.0,16.0,21.0,16.0,0.0,Utrecht
198,00MF00,00MF,Hogeschool voor de Kunsten Utrecht,Utrecht,2023,voltijd,hbo,ma,niet-EER,realisatie,46.0,23.0,18.0,12.0,16.0,23.0,20.0,0.0,Utrecht
199,00MF00,00MF,Hogeschool voor de Kunsten Utrecht,Utrecht,2024,voltijd,hbo,ma,niet-EER,realisatie,48.0,24.0,19.0,16.0,13.0,23.0,21.0,0.0,Utrecht
200,00MF04,00MF,Hogeschool voor de Kunsten Utrecht,Amersfoort,2017,voltijd,hbo,ba,NL,realisatie,0.0,0.0,0.0,0.0,0.0,0.0,0.0,0.0,
201,00MF04,00MF,Hogeschool voor de Kunsten Utrecht,Amersfoort,2018,voltijd,hbo,ba,NL,realisatie,0.0,0.0,0.0,0.0,0.0,0.0,0.0,0.0,
202,01VU00,01VU,Christelijke Hogeschool Windesheim,Zwolle,2021,deeltijd,hbo,ad,EER,realisatie,0.0,0.0,0.0,0.0,0.0,0.0,0.0,0.0,
203,01VU00,01VU,Christelijke Hogeschool Windesheim,Zwolle,2022,deeltijd,hbo,ad,EER,realisatie,0.0,0.0,0.0,0.0,0.0,0.0,0.0,0.0,
204,01VU00,01VU,Christelijke Hogeschool Windesheim,Zwolle,2023,deeltijd,hbo,ad,EER,realisatie,0.0,0.0,0.0,0.0,0.0,0.0,0.0,0.0,
205,01VU00,01VU,Christelijke Hogeschool Windesheim,Zwolle,2024,deeltijd,hbo,ad,EER,realisatie,0.0,0.0,0.0,0.0,0.0,0.0,0.0,0.0,
206,01VU00,01VU,Christelijke Hogeschool Windesheim,Zwolle,2017,deeltijd,hbo,ad,NL,realisatie,177.0,108.0,65.0,48.0,64.0,101.0,62.0,14.0,
207,01VU00,01VU,Christelijke Hogeschool Windesheim,Zwolle,2018,deeltijd,hbo,ad,NL,realisatie,217.0,137.0,74.0,75.0,68.0,133.0,69.0,15.0,
208,01VU00,01VU,Christelijke Hogeschool Windesheim,Zwolle,2019,deeltijd,hbo,ad,NL,realisatie,357.0,251.0,158.0,93.0,106.0,247.0,86.0,24.0,
209,01VU00,01VU,Christelijke Hogeschool Windesheim,Zwolle,2020,deeltijd,hbo,ad,NL,realisatie,493.0,285.0,173.0,153.0,167.0,275.0,180.0,38.0,
210,01VU00,01VU,Christelijke Hogeschool Windesheim,Zwolle,2021,deeltijd,hbo,ad,NL,realisatie,624.0,343.0,188.0,176.0,260.0,325.0,203.0,96.0,
211,01VU00,01VU,Christelijke Hogeschool Windesheim,Zwolle,2022,deeltijd,hbo,ad,NL,realisatie,650.0,327.0,193.0,173.0,284.0,307.0,221.0,122.0,
212,01VU00,01VU,Christelijke Hogeschool Windesheim,Zwolle,2023,deeltijd,hbo,ad,NL,realisatie,680.0,352.0,191.0,182.0,307.0,340.0,206.0,134.0,
213,01VU00,01VU,Christelijke Hogeschool Windesheim,Zwolle,2024,deeltijd,hbo,ad,NL,realisatie,696.0,340.0,188.0,180.0,328.0,317.0,240.0,139.0,
214,01VU00,01VU,Christelijke Hogeschool Windesheim,Zwolle,2022,deeltijd,hbo,ad,niet-EER,realisatie,0.0,0.0,0.0,0.0,0.0,0.0,0.0,0.0,
215,01VU00,01VU,Christelijke Hogeschool Windesheim,Zwolle,2023,deeltijd,hbo,ad,niet-EER,realisatie,0.0,0.0,0.0,0.0,0.0,0.0,0.0,0.0,
216,01VU00,01VU,Christelijke Hogeschool Windesheim,Zwolle,2024,deeltijd,hbo,ad,niet-EER,realisatie,0.0,0.0,0.0,0.0,0.0,0.0,0.0,0.0,
217,01VU00,01VU,Christelijke Hogeschool Windesheim,Zwolle,2017,deeltijd,hbo,ba,EER,realisatie,0.0,0.0,0.0,0.0,0.0,0.0,0.0,0.0,
218,01VU00,01VU,Christelijke Hogeschool Windesheim,Zwolle,2018,deeltijd,hbo,ba,EER,realisatie,0.0,0.0,0.0,0.0,0.0,0.0,0.0,0.0,
219,01VU00,01VU,Christelijke Hogeschool Windesheim,Zwolle,2019,deeltijd,hbo,ba,EER,realisatie,0.0,0.0,0.0,0.0,0.0,0.0,0.0,0.0,
220,01VU00,01VU,Christelijke Hogeschool Windesheim,Zwolle,2020,deeltijd,hbo,ba,EER,realisatie,0.0,0.0,0.0,0.0,0.0,0.0,0.0,0.0,
221,01VU00,01VU,Christelijke Hogeschool Windesheim,Zwolle,2021,deeltijd,hbo,ba,EER,realisatie,0.0,0.0,0.0,0.0,0.0,0.0,0.0,0.0,
222,01VU00,01VU,Christelijke Hogeschool Windesheim,Zwolle,2022,deeltijd,hbo,ba,EER,realisatie,0.0,0.0,0.0,0.0,0.0,0.0,0.0,0.0,
223,01VU00,01VU,Christelijke Hogeschool Windesheim,Zwolle,2023,deeltijd,hbo,ba,EER,realisatie,0.0,0.0,0.0,0.0,0.0,0.0,0.0,0.0,
224,01VU00,01VU,Christelijke Hogeschool Windesheim,Zwolle,2024,deeltijd,hbo,ba,EER,realisatie,0.0,0.0,0.0,0.0,0.0,0.0,0.0,0.0,
225,01VU00,01VU,Christelijke Hogeschool Windesheim,Zwolle,2017,deeltijd,hbo,ba,NL,realisatie,1362.0,511.0,295.0,217.0,850.0,310.0,236.0,816.0,
226,01VU00,01VU,Christelijke Hogeschool Windesheim,Zwolle,2018,deeltijd,hbo,ba,NL,realisatie,1456.0,535.0,275.0,311.0,870.0,299.0,330.0,827.0,
227,01VU00,01VU,Christelijke Hogeschool Windesheim,Zwolle,2019,deeltijd,hbo,ba,NL,realisatie,1600.0,617.0,328.0,279.0,993.0,352.0,304.0,944.0,
228,01VU00,01VU,Christelijke Hogeschool Windesheim,Zwolle,2020,deeltijd,hbo,ba,NL,realisatie,1746.0,619.0,320.0,318.0,1108.0,348.0,341.0,1057.0,
229,01VU00,01VU,Christelijke Hogeschool Windesheim,Zwolle,2021,deeltijd,hbo,ba,NL,realisatie,1911.0,708.0,352.0,334.0,1225.0,395.0,359.0,1157.0,
230,01VU00,01VU,Christelijke Hogeschool Windesheim,Zwolle,2022,deeltijd,hbo,ba,NL,realisatie,2052.0,744.0,341.0,350.0,1361.0,401.0,400.0,1251.0,
231,01VU00,01VU,Christelijke Hogeschool Windesheim,Zwolle,2023,deeltijd,hbo,ba,NL,realisatie,2180.0,776.0,354.0,338.0,1488.0,419.0,400.0,1361.0,
232,01VU00,01VU,Christelijke Hogeschool Windesheim,Zwolle,2024,deeltijd,hbo,ba,NL,realisatie,2116.0,705.0,294.0,335.0,1487.0,350.0,404.0,1362.0,
233,01VU00,01VU,Christelijke Hogeschool Windesheim,Zwolle,2017,deeltijd,hbo,ba,niet-EER,realisatie,0.0,0.0,0.0,0.0,0.0,0.0,0.0,0.0,
234,01VU00,01VU,Christelijke Hogeschool Windesheim,Zwolle,2019,deeltijd,hbo,ba,niet-EER,realisatie,0.0,0.0,0.0,0.0,0.0,0.0,0.0,0.0,
235,01VU00,01VU,Christelijke Hogeschool Windesheim,Zwolle,2020,deeltijd,hbo,ba,niet-EER,realisatie,0.0,0.0,0.0,0.0,0.0,0.0,0.0,0.0,
236,01VU00,01VU,Christelijke Hogeschool Windesheim,Zwolle,2021,deeltijd,hbo,ba,niet-EER,realisatie,0.0,0.0,0.0,0.0,0.0,0.0,0.0,0.0,
237,01VU00,01VU,Christelijke Hogeschool Windesheim,Zwolle,2022,deeltijd,hbo,ba,niet-EER,realisatie,0.0,0.0,0.0,0.0,0.0,0.0,0.0,0.0,
238,01VU00,01VU,Christelijke Hogeschool Windesheim,Zwolle,2023,deeltijd,hbo,ba,niet-EER,realisatie,8.0,0.0,0.0,0.0,0.0,0.0,0.0,0.0,
239,01VU00,01VU,Christelijke Hogeschool Windesheim,Zwolle,2024,deeltijd,hbo,ba,niet-EER,realisatie,11.0,0.0,0.0,0.0,0.0,0.0,0.0,0.0,
240,01VU00,01VU,Christelijke Hogeschool Windesheim,Zwolle,2017,deeltijd,hbo,ma,EER,realisatie,0.0,0.0,0.0,0.0,0.0,0.0,0.0,0.0,
241,01VU00,01VU,Christelijke Hogeschool Windesheim,Zwolle,2018,deeltijd,hbo,ma,EER,realisatie,0.0,0.0,0.0,0.0,0.0,0.0,0.0,0.0,
242,01VU00,01VU,Christelijke Hogeschool Windesheim,Zwolle,2019,deeltijd,hbo,ma,EER,realisatie,0.0,0.0,0.0,0.0,0.0,0.0,0.0,0.0,
243,01VU00,01VU,Christelijke Hogeschool Windesheim,Zwolle,2020,deeltijd,hbo,ma,EER,realisatie,0.0,0.0,0.0,0.0,0.0,0.0,0.0,0.0,
244,01VU00,01VU,Christelijke Hogeschool Windesheim,Zwolle,2021,deeltijd,hbo,ma,EER,realisatie,0.0,0.0,0.0,0.0,0.0,0.0,0.0,0.0,
245,01VU00,01VU,Christelijke Hogeschool Windesheim,Zwolle,2022,deeltijd,hbo,ma,EER,realisatie,0.0,0.0,0.0,0.0,0.0,0.0,0.0,0.0,
246,01VU00,01VU,Christelijke Hogeschool Windesheim,Zwolle,2023,deeltijd,hbo,ma,EER,realisatie,0.0,0.0,0.0,0.0,0.0,0.0,0.0,0.0,
247,01VU00,01VU,Christelijke Hogeschool Windesheim,Zwolle,2024,deeltijd,hbo,ma,EER,realisatie,9.0,0.0,0.0,0.0,0.0,0.0,0.0,0.0,
248,01VU00,01VU,Christelijke Hogeschool Windesheim,Zwolle,2017,deeltijd,hbo,ma,NL,realisatie,398.0,164.0,8.0,0.0,390.0,143.0,147.0,108.0,
249,01VU00,01VU,Christelijke Hogeschool Windesheim,Zwolle,2018,deeltijd,hbo,ma,NL,realisatie,358.0,200.0,9.0,8.0,341.0,179.0,111.0,68.0,
250,01VU00,01VU,Christelijke Hogeschool Windesheim,Zwolle,2019,deeltijd,hbo,ma,NL,realisatie,322.0,138.0,0.0,0.0,315.0,123.0,137.0,62.0,
251,01VU00,01VU,Christelijke Hogeschool Windesheim,Zwolle,2020,deeltijd,hbo,ma,NL,realisatie,266.0,110.0,0.0,0.0,262.0,97.0,102.0,67.0,
252,01VU00,01VU,Christelijke Hogeschool Windesheim,Zwolle,2021,deeltijd,hbo,ma,NL,realisatie,337.0,185.0,0.0,0.0,331.0,168.0,90.0,79.0,
253,01VU00,01VU,Christelijke Hogeschool Windesheim,Zwolle,2022,deeltijd,hbo,ma,NL,realisatie,388.0,184.0,0.0,0.0,386.0,169.0,143.0,76.0,
254,01VU00,01VU,Christelijke Hogeschool Windesheim,Zwolle,2023,deeltijd,hbo,ma,NL,realisatie,361.0,145.0,0.0,0.0,357.0,135.0,143.0,83.0,
255,01VU00,01VU,Christelijke Hogeschool Windesheim,Zwolle,2024,deeltijd,hbo,ma,NL,realisatie,354.0,168.0,0.0,0.0,352.0,153.0,115.0,86.0,
256,01VU00,01VU,Christelijke Hogeschool Windesheim,Zwolle,2024,deeltijd,hbo,ma,niet-EER,realisatie,0.0,0.0,0.0,0.0,0.0,0.0,0.0,0.0,
257,01VU00,01VU,Christelijke Hogeschool Windesheim,Zwolle,2020,voltijd,hbo,ad,EER,realisatie,0.0,0.0,0.0,0.0,0.0,0.0,0.0,0.0,
258,01VU00,01VU,Christelijke Hogeschool Windesheim,Zwolle,2021,voltijd,hbo,ad,EER,realisatie,0.0,0.0,0.0,0.0,0.0,0.0,0.0,0.0,
259,01VU00,01VU,Christelijke Hogeschool Windesheim,Zwolle,2022,voltijd,hbo,ad,EER,realisatie,0.0,0.0,0.0,0.0,0.0,0.0,0.0,0.0,
260,01VU00,01VU,Christelijke Hogeschool Windesheim,Zwolle,2023,voltijd,hbo,ad,EER,realisatie,0.0,0.0,0.0,0.0,0.0,0.0,0.0,0.0,
261,01VU00,01VU,Christelijke Hogeschool Windesheim,Zwolle,2024,voltijd,hbo,ad,EER,realisatie,0.0,0.0,0.0,0.0,0.0,0.0,0.0,0.0,
262,01VU00,01VU,Christelijke Hogeschool Windesheim,Zwolle,2017,voltijd,hbo,ad,NL,realisatie,0.0,0.0,0.0,0.0,0.0,0.0,0.0,0.0,
263,01VU00,01VU,Christelijke Hogeschool Windesheim,Zwolle,2018,voltijd,hbo,ad,NL,realisatie,78.0,77.0,35.0,27.0,16.0,77.0,0.0,0.0,
264,01VU00,01VU,Christelijke Hogeschool Windesheim,Zwolle,2019,voltijd,hbo,ad,NL,realisatie,234.0,174.0,91.0,71.0,72.0,172.0,61.0,0.0,
265,01VU00,01VU,Christelijke Hogeschool Windesheim,Zwolle,2020,voltijd,hbo,ad,NL,realisatie,577.0,434.0,245.0,173.0,159.0,428.0,133.0,16.0,
266,01VU00,01VU,Christelijke Hogeschool Windesheim,Zwolle,2021,voltijd,hbo,ad,NL,realisatie,778.0,386.0,211.0,297.0,270.0,376.0,360.0,42.0,
267,01VU00,01VU,Christelijke Hogeschool Windesheim,Zwolle,2022,voltijd,hbo,ad,NL,realisatie,835.0,429.0,187.0,263.0,385.0,414.0,276.0,145.0,
268,01VU00,01VU,Christelijke Hogeschool Windesheim,Zwolle,2023,voltijd,hbo,ad,NL,realisatie,968.0,507.0,243.0,260.0,465.0,487.0,319.0,162.0,
269,01VU00,01VU,Christelijke Hogeschool Windesheim,Zwolle,2024,voltijd,hbo,ad,NL,realisatie,1077.0,488.0,230.0,305.0,542.0,470.0,380.0,227.0,
270,01VU00,01VU,Christelijke Hogeschool Windesheim,Zwolle,2018,voltijd,hbo,ad,niet-EER,realisatie,0.0,0.0,0.0,0.0,0.0,0.0,0.0,0.0,
271,01VU00,01VU,Christelijke Hogeschool Windesheim,Zwolle,2019,voltijd,hbo,ad,niet-EER,realisatie,0.0,0.0,0.0,0.0,0.0,0.0,0.0,0.0,
272,01VU00,01VU,Christelijke Hogeschool Windesheim,Zwolle,2020,voltijd,hbo,ad,niet-EER,realisatie,0.0,0.0,0.0,0.0,0.0,0.0,0.0,0.0,
273,01VU00,01VU,Christelijke Hogeschool Windesheim,Zwolle,2021,voltijd,hbo,ad,niet-EER,realisatie,0.0,0.0,0.0,0.0,0.0,0.0,0.0,0.0,
274,01VU00,01VU,Christelijke Hogeschool Windesheim,Zwolle,2022,voltijd,hbo,ad,niet-EER,realisatie,0.0,0.0,0.0,0.0,0.0,0.0,0.0,0.0,
275,01VU00,01VU,Christelijke Hogeschool Windesheim,Zwolle,2023,voltijd,hbo,ad,niet-EER,realisatie,0.0,0.0,0.0,0.0,0.0,0.0,0.0,0.0,
276,01VU00,01VU,Christelijke Hogeschool Windesheim,Zwolle,2024,voltijd,hbo,ad,niet-EER,realisatie,6.0,0.0,0.0,0.0,0.0,0.0,0.0,0.0,
277,01VU00,01VU,Christelijke Hogeschool Windesheim,Zwolle,2017,voltijd,hbo,ba,EER,realisatie,101.0,36.0,36.0,26.0,39.0,36.0,26.0,39.0,
278,01VU00,01VU,Christelijke Hogeschool Windesheim,Zwolle,2018,voltijd,hbo,ba,EER,realisatie,118.0,40.0,39.0,28.0,51.0,40.0,28.0,50.0,
279,01VU00,01VU,Christelijke Hogeschool Windesheim,Zwolle,2019,voltijd,hbo,ba,EER,realisatie,135.0,49.0,49.0,30.0,56.0,49.0,31.0,55.0,
280,01VU00,01VU,Christelijke Hogeschool Windesheim,Zwolle,2020,voltijd,hbo,ba,EER,realisatie,160.0,60.0,53.0,42.0,65.0,57.0,38.0,65.0,
281,01VU00,01VU,Christelijke Hogeschool Windesheim,Zwolle,2021,voltijd,hbo,ba,EER,realisatie,179.0,58.0,55.0,45.0,79.0,56.0,48.0,75.0,
282,01VU00,01VU,Christelijke Hogeschool Windesheim,Zwolle,2022,voltijd,hbo,ba,EER,realisatie,192.0,54.0,51.0,43.0,98.0,52.0,44.0,96.0,
283,01VU00,01VU,Christelijke Hogeschool Windesheim,Zwolle,2023,voltijd,hbo,ba,EER,realisatie,190.0,36.0,32.0,44.0,114.0,32.0,45.0,113.0,
284,01VU00,01VU,Christelijke Hogeschool Windesheim,Zwolle,2024,voltijd,hbo,ba,EER,realisatie,159.0,45.0,40.0,22.0,97.0,40.0,22.0,97.0,
285,01VU00,01VU,Christelijke Hogeschool Windesheim,Zwolle,2017,voltijd,hbo,ba,NL,realisatie,16587.0,4440.0,3860.0,3231.0,9496.0,3950.0,3277.0,9360.0,
286,01VU00,01VU,Christelijke Hogeschool Windesheim,Zwolle,2018,voltijd,hbo,ba,NL,realisatie,16529.0,4262.0,3728.0,3317.0,9484.0,3819.0,3354.0,9356.0,
287,01VU00,01VU,Christelijke Hogeschool Windesheim,Zwolle,2019,voltijd,hbo,ba,NL,realisatie,16972.0,4524.0,3950.0,3322.0,9700.0,4065.0,3336.0,9571.0,
288,01VU00,01VU,Christelijke Hogeschool Windesheim,Zwolle,2020,voltijd,hbo,ba,NL,realisatie,18088.0,5063.0,4476.0,3575.0,10037.0,4586.0,3655.0,9847.0,
289,01VU00,01VU,Christelijke Hogeschool Windesheim,Zwolle,2021,voltijd,hbo,ba,NL,realisatie,18003.0,4285.0,3777.0,3946.0,10280.0,3896.0,3994.0,10113.0,
290,01VU00,01VU,Christelijke Hogeschool Windesheim,Zwolle,2022,voltijd,hbo,ba,NL,realisatie,17493.0,3998.0,3515.0,3163.0,10815.0,3646.0,3229.0,10618.0,
291,01VU00,01VU,Christelijke Hogeschool Windesheim,Zwolle,2023,voltijd,hbo,ba,NL,realisatie,16917.0,3834.0,3282.0,3115.0,10520.0,3414.0,3189.0,10314.0,
292,01VU00,01VU,Christelijke Hogeschool Windesheim,Zwolle,2024,voltijd,hbo,ba,NL,realisatie,16381.0,4065.0,3436.0,2871.0,10074.0,3564.0,2954.0,9863.0,
293,01VU00,01VU,Christelijke Hogeschool Windesheim,Zwolle,2017,voltijd,hbo,ba,niet-EER,realisatie,16.0,6.0,0.0,0.0,9.0,0.0,0.0,9.0,
294,01VU00,01VU,Christelijke Hogeschool Windesheim,Zwolle,2018,voltijd,hbo,ba,niet-EER,realisatie,20.0,12.0,10.0,0.0,8.0,10.0,0.0,8.0,
295,01VU00,01VU,Christelijke Hogeschool Windesheim,Zwolle,2019,voltijd,hbo,ba,niet-EER,realisatie,30.0,19.0,17.0,6.0,7.0,17.0,6.0,7.0,
296,01VU00,01VU,Christelijke Hogeschool Windesheim,Zwolle,2020,voltijd,hbo,ba,niet-EER,realisatie,36.0,14.0,13.0,11.0,12.0,13.0,11.0,12.0,
297,01VU00,01VU,Christelijke Hogeschool Windesheim,Zwolle,2021,voltijd,hbo,ba,niet-EER,realisatie,47.0,21.0,21.0,8.0,18.0,21.0,8.0,18.0,
298,01VU00,01VU,Christelijke Hogeschool Windesheim,Zwolle,2022,voltijd,hbo,ba,niet-EER,realisatie,59.0,26.0,25.0,13.0,21.0,25.0,13.0,21.0,
299,01VU00,01VU,Christelijke Hogeschool Windesheim,Zwolle,2023,voltijd,hbo,ba,niet-EER,realisatie,73.0,25.0,23.0,22.0,28.0,23.0,22.0,28.0,
300,01VU00,01VU,Christelijke Hogeschool Windesheim,Zwolle,2024,voltijd,hbo,ba,niet-EER,realisatie,90.0,32.0,30.0,17.0,43.0,30.0,17.0,43.0,
301,01VU00,01VU,Christelijke Hogeschool Windesheim,Zwolle,2017,voltijd,hbo,ma,NL,realisatie,8.0,0.0,0.0,0.0,8.0,0.0,0.0,0.0,
302,01VU00,01VU,Christelijke Hogeschool Windesheim,Zwolle,2018,voltijd,hbo,ma,NL,realisatie,0.0,0.0,0.0,0.0,0.0,0.0,0.0,0.0,
303,01VU00,01VU,Christelijke Hogeschool Windesheim,Zwolle,2019,voltijd,hbo,ma,NL,realisatie,0.0,0.0,0.0,0.0,0.0,0.0,0.0,0.0,
304,01VU01,01VU,Christelijke Hogeschool Windesheim,Leeuwarden,2017,deeltijd,hbo,ma,NL,realisatie,70.0,21.0,0.0,0.0,67.0,16.0,24.0,30.0,Friesland
305,01VU01,01VU,Christelijke Hogeschool Windesheim,Leeuwarden,2018,deeltijd,hbo,ma,NL,realisatie,46.0,10.0,0.0,0.0,45.0,9.0,16.0,21.0,Friesland
306,01VU01,01VU,Christelijke Hogeschool Windesheim,Leeuwarden,2019,deeltijd,hbo,ma,NL,realisatie,13.0,0.0,0.0,0.0,12.0,0.0,7.0,6.0,Friesland
307,01VU01,01VU,Christelijke Hogeschool Windesheim,Leeuwarden,2020,deeltijd,hbo,ma,NL,realisatie,0.0,0.0,0.0,0.0,0.0,0.0,0.0,0.0,Friesland
308,01VU01,01VU,Christelijke Hogeschool Windesheim,Leeuwarden,2021,deeltijd,hbo,ma,NL,realisatie,0.0,0.0,0.0,0.0,0.0,0.0,0.0,0.0,Friesland
309,01VU01,01VU,Christelijke Hogeschool Windesheim,Leeuwarden,2022,deeltijd,hbo,ma,NL,realisatie,6.0,0.0,0.0,0.0,6.0,0.0,0.0,0.0,Friesland
310,01VU01,01VU,Christelijke Hogeschool Windesheim,Leeuwarden,2023,deeltijd,hbo,ma,NL,realisatie,6.0,0.0,0.0,0.0,6.0,0.0,0.0,0.0,Friesland
311,01VU01,01VU,Christelijke Hogeschool Windesheim,Leeuwarden,2024,deeltijd,hbo,ma,NL,realisatie,0.0,0.0,0.0,0.0,0.0,0.0,0.0,0.0,Friesland
312,01VU03,01VU,Christelijke Hogeschool Windesheim,Utrecht,2017,deeltijd,hbo,ma,NL,realisatie,21.0,10.0,0.0,0.0,20.0,9.0,12.0,0.0,Utrecht
313,01VU03,01VU,Christelijke Hogeschool Windesheim,Utrecht,2018,deeltijd,hbo,ma,NL,realisatie,22.0,0.0,0.0,0.0,21.0,0.0,6.0,11.0,Utrecht
314,01VU03,01VU,Christelijke Hogeschool Windesheim,Utrecht,2019,deeltijd,hbo,ma,NL,realisatie,15.0,0.0,0.0,0.0,15.0,0.0,0.0,12.0,Utrecht
315,01VU03,01VU,Christelijke Hogeschool Windesheim,Utrecht,2020,deeltijd,hbo,ma,NL,realisatie,9.0,0.0,0.0,0.0,9.0,0.0,0.0,9.0,Utrecht
316,01VU03,01VU,Christelijke Hogeschool Windesheim,Utrecht,2021,deeltijd,hbo,ma,NL,realisatie,0.0,0.0,0.0,0.0,0.0,0.0,0.0,0.0,Utrecht
317,01VU05,01VU,Christelijke Hogeschool Windesheim,Groningen,2017,deeltijd,hbo,ma,NL,realisatie,76.0,30.0,0.0,0.0,75.0,22.0,36.0,18.0,Groningen
318,01VU05,01VU,Christelijke Hogeschool Windesheim,Groningen,2018,deeltijd,hbo,ma,NL,realisatie,32.0,0.0,0.0,0.0,31.0,0.0,16.0,11.0,Groningen
319,01VU05,01VU,Christelijke Hogeschool Windesheim,Groningen,2019,deeltijd,hbo,ma,NL,realisatie,31.0,21.0,0.0,0.0,31.0,19.0,6.0,6.0,Groningen
320,01VU05,01VU,Christelijke Hogeschool Windesheim,Groningen,2020,deeltijd,hbo,ma,NL,realisatie,31.0,12.0,0.0,0.0,31.0,10.0,18.0,0.0,Groningen
321,01VU05,01VU,Christelijke Hogeschool Windesheim,Groningen,2021,deeltijd,hbo,ma,NL,realisatie,30.0,15.0,0.0,0.0,30.0,14.0,11.0,0.0,Groningen
322,01VU05,01VU,Christelijke Hogeschool Windesheim,Groningen,2022,deeltijd,hbo,ma,NL,realisatie,28.0,11.0,0.0,0.0,28.0,9.0,12.0,7.0,Groningen
323,01VU05,01VU,Christelijke Hogeschool Windesheim,Groningen,2023,deeltijd,hbo,ma,NL,realisatie,18.0,8.0,0.0,0.0,18.0,6.0,7.0,0.0,Groningen
324,01VU05,01VU,Christelijke Hogeschool Windesheim,Groningen,2024,deeltijd,hbo,ma,NL,realisatie,13.0,0.0,0.0,0.0,13.0,0.0,6.0,0.0,Groningen
325,01VU06,01VU,Christelijke Hogeschool Windesheim,Enschede,2017,deeltijd,hbo,ma,EER,realisatie,0.0,0.0,0.0,0.0,0.0,0.0,0.0,0.0,Overijssel
326,01VU06,01VU,Christelijke Hogeschool Windesheim,Enschede,2018,deeltijd,hbo,ma,EER,realisatie,0.0,0.0,0.0,0.0,0.0,0.0,0.0,0.0,Overijssel
327,01VU06,01VU,Christelijke Hogeschool Windesheim,Enschede,2017,deeltijd,hbo,ma,NL,realisatie,91.0,30.0,0.0,0.0,90.0,26.0,41.0,24.0,Overijssel
328,01VU06,01VU,Christelijke Hogeschool Windesheim,Enschede,2018,deeltijd,hbo,ma,NL,realisatie,63.0,27.0,0.0,0.0,63.0,24.0,26.0,13.0,Overijssel
329,01VU06,01VU,Christelijke Hogeschool Windesheim,Enschede,2019,deeltijd,hbo,ma,NL,realisatie,57.0,32.0,0.0,0.0,57.0,26.0,21.0,10.0,Overijssel
330,01VU06,01VU,Christelijke Hogeschool Windesheim,Enschede,2020,deeltijd,hbo,ma,NL,realisatie,37.0,8.0,0.0,0.0,37.0,8.0,22.0,7.0,Overijssel
331,01VU06,01VU,Christelijke Hogeschool Windesheim,Enschede,2021,deeltijd,hbo,ma,NL,realisatie,18.0,7.0,0.0,0.0,18.0,7.0,8.0,0.0,Overijssel
332,01VU06,01VU,Christelijke Hogeschool Windesheim,Enschede,2022,deeltijd,hbo,ma,NL,realisatie,11.0,0.0,0.0,0.0,11.0,0.0,0.0,0.0,Overijssel
333,01VU06,01VU,Christelijke Hogeschool Windesheim,Enschede,2023,deeltijd,hbo,ma,NL,realisatie,8.0,0.0,0.0,0.0,7.0,0.0,0.0,0.0,Overijssel
334,01VU06,01VU,Christelijke Hogeschool Windesheim,Enschede,2024,deeltijd,hbo,ma,NL,realisatie,6.0,0.0,0.0,0.0,0.0,0.0,0.0,0.0,Overijssel
335,01VU11,01VU,Christelijke Hogeschool Windesheim,Almere,2020,deeltijd,hbo,ad,EER,realisatie,0.0,0.0,0.0,0.0,0.0,0.0,0.0,0.0,
336,01VU11,01VU,Christelijke Hogeschool Windesheim,Almere,2021,deeltijd,hbo,ad,EER,realisatie,0.0,0.0,0.0,0.0,0.0,0.0,0.0,0.0,
337,01VU11,01VU,Christelijke Hogeschool Windesheim,Almere,2022,deeltijd,hbo,ad,EER,realisatie,0.0,0.0,0.0,0.0,0.0,0.0,0.0,0.0,
338,01VU11,01VU,Christelijke Hogeschool Windesheim,Almere,2023,deeltijd,hbo,ad,EER,realisatie,0.0,0.0,0.0,0.0,0.0,0.0,0.0,0.0,
339,01VU11,01VU,Christelijke Hogeschool Windesheim,Almere,2024,deeltijd,hbo,ad,EER,realisatie,0.0,0.0,0.0,0.0,0.0,0.0,0.0,0.0,
340,01VU11,01VU,Christelijke Hogeschool Windesheim,Almere,2018,deeltijd,hbo,ad,NL,realisatie,35.0,35.0,23.0,0.0,9.0,34.0,0.0,0.0,
341,01VU11,01VU,Christelijke Hogeschool Windesheim,Almere,2019,deeltijd,hbo,ad,NL,realisatie,89.0,69.0,40.0,21.0,28.0,68.0,21.0,0.0,
342,01VU11,01VU,Christelijke Hogeschool Windesheim,Almere,2020,deeltijd,hbo,ad,NL,realisatie,100.0,54.0,27.0,40.0,33.0,49.0,47.0,0.0,
343,01VU11,01VU,Christelijke Hogeschool Windesheim,Almere,2021,deeltijd,hbo,ad,NL,realisatie,179.0,130.0,62.0,47.0,70.0,129.0,32.0,18.0,
344,01VU11,01VU,Christelijke Hogeschool Windesheim,Almere,2022,deeltijd,hbo,ad,NL,realisatie,211.0,104.0,44.0,68.0,99.0,97.0,96.0,18.0,
345,01VU11,01VU,Christelijke Hogeschool Windesheim,Almere,2023,deeltijd,hbo,ad,NL,realisatie,222.0,115.0,55.0,65.0,102.0,108.0,78.0,36.0,
346,01VU11,01VU,Christelijke Hogeschool Windesheim,Almere,2024,deeltijd,hbo,ad,NL,realisatie,236.0,116.0,51.0,61.0,124.0,110.0,80.0,46.0,
347,01VU11,01VU,Christelijke Hogeschool Windesheim,Almere,2019,deeltijd,hbo,ad,niet-EER,realisatie,0.0,0.0,0.0,0.0,0.0,0.0,0.0,0.0,
348,01VU11,01VU,Christelijke Hogeschool Windesheim,Almere,2020,deeltijd,hbo,ad,niet-EER,realisatie,0.0,0.0,0.0,0.0,0.0,0.0,0.0,0.0,
349,01VU11,01VU,Christelijke Hogeschool Windesheim,Almere,2022,deeltijd,hbo,ad,niet-EER,realisatie,0.0,0.0,0.0,0.0,0.0,0.0,0.0,0.0,
350,01VU11,01VU,Christelijke Hogeschool Windesheim,Almere,2023,deeltijd,hbo,ad,niet-EER,realisatie,0.0,0.0,0.0,0.0,0.0,0.0,0.0,0.0,
351,01VU11,01VU,Christelijke Hogeschool Windesheim,Almere,2024,deeltijd,hbo,ad,niet-EER,realisatie,0.0,0.0,0.0,0.0,0.0,0.0,0.0,0.0,
352,01VU11,01VU,Christelijke Hogeschool Windesheim,Almere,2017,deeltijd,hbo,ba,EER,realisatie,0.0,0.0,0.0,0.0,0.0,0.0,0.0,0.0,
353,01VU11,01VU,Christelijke Hogeschool Windesheim,Almere,2018,deeltijd,hbo,ba,EER,realisatie,0.0,0.0,0.0,0.0,0.0,0.0,0.0,0.0,
354,01VU11,01VU,Christelijke Hogeschool Windesheim,Almere,2019,deeltijd,hbo,ba,EER,realisatie,0.0,0.0,0.0,0.0,0.0,0.0,0.0,0.0,
355,01VU11,01VU,Christelijke Hogeschool Windesheim,Almere,2020,deeltijd,hbo,ba,EER,realisatie,6.0,0.0,0.0,0.0,0.0,0.0,0.0,0.0,
356,01VU11,01VU,Christelijke Hogeschool Windesheim,Almere,2021,deeltijd,hbo,ba,EER,realisatie,9.0,0.0,0.0,0.0,0.0,0.0,0.0,0.0,
357,01VU11,01VU,Christelijke Hogeschool Windesheim,Almere,2022,deeltijd,hbo,ba,EER,realisatie,10.0,0.0,0.0,0.0,0.0,0.0,0.0,0.0,
358,01VU11,01VU,Christelijke Hogeschool Windesheim,Almere,2023,deeltijd,hbo,ba,EER,realisatie,10.0,0.0,0.0,0.0,0.0,0.0,0.0,0.0,
359,01VU11,01VU,Christelijke Hogeschool Windesheim,Almere,2024,deeltijd,hbo,ba,EER,realisatie,8.0,0.0,0.0,0.0,7.0,0.0,0.0,7.0,
360,01VU11,01VU,Christelijke Hogeschool Windesheim,Almere,2017,deeltijd,hbo,ba,NL,realisatie,38.0,30.0,20.0,0.0,14.0,21.0,0.0,12.0,
361,01VU11,01VU,Christelijke Hogeschool Windesheim,Almere,2018,deeltijd,hbo,ba,NL,realisatie,141.0,112.0,65.0,18.0,58.0,66.0,21.0,54.0,
362,01VU11,01VU,Christelijke Hogeschool Windesheim,Almere,2019,deeltijd,hbo,ba,NL,realisatie,255.0,149.0,69.0,69.0,117.0,79.0,73.0,103.0,
363,01VU11,01VU,Christelijke Hogeschool Windesheim,Almere,2020,deeltijd,hbo,ba,NL,realisatie,353.0,160.0,77.0,67.0,209.0,87.0,72.0,194.0,
364,01VU11,01VU,Christelijke Hogeschool Windesheim,Almere,2021,deeltijd,hbo,ba,NL,realisatie,427.0,190.0,55.0,80.0,292.0,78.0,95.0,254.0,
365,01VU11,01VU,Christelijke Hogeschool Windesheim,Almere,2022,deeltijd,hbo,ba,NL,realisatie,508.0,203.0,88.0,71.0,349.0,103.0,90.0,315.0,
366,01VU11,01VU,Christelijke Hogeschool Windesheim,Almere,2023,deeltijd,hbo,ba,NL,realisatie,571.0,215.0,68.0,79.0,424.0,101.0,98.0,372.0,
367,01VU11,01VU,Christelijke Hogeschool Windesheim,Almere,2024,deeltijd,hbo,ba,NL,realisatie,521.0,157.0,63.0,63.0,395.0,77.0,87.0,357.0,
368,01VU11,01VU,Christelijke Hogeschool Windesheim,Almere,2021,deeltijd,hbo,ba,niet-EER,realisatie,0.0,0.0,0.0,0.0,0.0,0.0,0.0,0.0,
369,01VU11,01VU,Christelijke Hogeschool Windesheim,Almere,2022,deeltijd,hbo,ba,niet-EER,realisatie,0.0,0.0,0.0,0.0,0.0,0.0,0.0,0.0,
370,01VU11,01VU,Christelijke Hogeschool Windesheim,Almere,2023,deeltijd,hbo,ba,niet-EER,realisatie,0.0,0.0,0.0,0.0,0.0,0.0,0.0,0.0,
371,01VU11,01VU,Christelijke Hogeschool Windesheim,Almere,2024,deeltijd,hbo,ba,niet-EER,realisatie,0.0,0.0,0.0,0.0,0.0,0.0,0.0,0.0,
372,01VU11,01VU,Christelijke Hogeschool Windesheim,Almere,2020,deeltijd,hbo,ma,EER,realisatie,0.0,0.0,0.0,0.0,0.0,0.0,0.0,0.0,
373,01VU11,01VU,Christelijke Hogeschool Windesheim,Almere,2017,deeltijd,hbo,ma,NL,realisatie,27.0,27.0,0.0,0.0,25.0,23.0,0.0,0.0,
374,01VU11,01VU,Christelijke Hogeschool Windesheim,Almere,2018,deeltijd,hbo,ma,NL,realisatie,43.0,19.0,0.0,0.0,40.0,19.0,19.0,0.0,
375,01VU11,01VU,Christelijke Hogeschool Windesheim,Almere,2019,deeltijd,hbo,ma,NL,realisatie,38.0,14.0,0.0,0.0,37.0,12.0,17.0,9.0,
376,01VU11,01VU,Christelijke Hogeschool Windesheim,Almere,2020,deeltijd,hbo,ma,NL,realisatie,18.0,0.0,0.0,0.0,18.0,0.0,9.0,6.0,
377,01VU11,01VU,Christelijke Hogeschool Windesheim,Almere,2021,deeltijd,hbo,ma,NL,realisatie,11.0,6.0,0.0,0.0,11.0,6.0,0.0,0.0,
378,01VU11,01VU,Christelijke Hogeschool Windesheim,Almere,2022,deeltijd,hbo,ma,NL,realisatie,13.0,0.0,0.0,0.0,12.0,0.0,6.0,0.0,
379,01VU11,01VU,Christelijke Hogeschool Windesheim,Almere,2023,deeltijd,hbo,ma,NL,realisatie,9.0,0.0,0.0,0.0,8.0,0.0,0.0,0.0,
380,01VU11,01VU,Christelijke Hogeschool Windesheim,Almere,2024,deeltijd,hbo,ma,NL,realisatie,0.0,0.0,0.0,0.0,0.0,0.0,0.0,0.0,
381,01VU11,01VU,Christelijke Hogeschool Windesheim,Almere,2017,voltijd,hbo,ad,EER,realisatie,0.0,0.0,0.0,0.0,0.0,0.0,0.0,0.0,
382,01VU11,01VU,Christelijke Hogeschool Windesheim,Almere,2018,voltijd,hbo,ad,EER,realisatie,0.0,0.0,0.0,0.0,0.0,0.0,0.0,0.0,
383,01VU11,01VU,Christelijke Hogeschool Windesheim,Almere,2020,voltijd,hbo,ad,EER,realisatie,0.0,0.0,0.0,0.0,0.0,0.0,0.0,0.0,
384,01VU11,01VU,Christelijke Hogeschool Windesheim,Almere,2021,voltijd,hbo,ad,EER,realisatie,0.0,0.0,0.0,0.0,0.0,0.0,0.0,0.0,
385,01VU11,01VU,Christelijke Hogeschool Windesheim,Almere,2022,voltijd,hbo,ad,EER,realisatie,0.0,0.0,0.0,0.0,0.0,0.0,0.0,0.0,
386,01VU11,01VU,Christelijke Hogeschool Windesheim,Almere,2023,voltijd,hbo,ad,EER,realisatie,6.0,0.0,0.0,0.0,0.0,0.0,0.0,0.0,
387,01VU11,01VU,Christelijke Hogeschool Windesheim,Almere,2024,voltijd,hbo,ad,EER,realisatie,7.0,0.0,0.0,0.0,0.0,0.0,0.0,0.0,
388,01VU11,01VU,Christelijke Hogeschool Windesheim,Almere,2017,voltijd,hbo,ad,NL,realisatie,357.0,252.0,151.0,104.0,102.0,252.0,82.0,23.0,
389,01VU11,01VU,Christelijke Hogeschool Windesheim,Almere,2018,voltijd,hbo,ad,NL,realisatie,528.0,317.0,210.0,177.0,141.0,314.0,180.0,34.0,
390,01VU11,01VU,Christelijke Hogeschool Windesheim,Almere,2019,voltijd,hbo,ad,NL,realisatie,648.0,336.0,221.0,220.0,207.0,333.0,231.0,84.0,
391,01VU11,01VU,Christelijke Hogeschool Windesheim,Almere,2020,voltijd,hbo,ad,NL,realisatie,671.0,305.0,209.0,209.0,253.0,292.0,253.0,126.0,
392,01VU11,01VU,Christelijke Hogeschool Windesheim,Almere,2021,voltijd,hbo,ad,NL,realisatie,639.0,278.0,163.0,192.0,284.0,266.0,199.0,174.0,
393,01VU11,01VU,Christelijke Hogeschool Windesheim,Almere,2022,voltijd,hbo,ad,NL,realisatie,604.0,267.0,155.0,158.0,291.0,259.0,181.0,164.0,
394,01VU11,01VU,Christelijke Hogeschool Windesheim,Almere,2023,voltijd,hbo,ad,NL,realisatie,596.0,284.0,142.0,155.0,299.0,274.0,172.0,150.0,
395,01VU11,01VU,Christelijke Hogeschool Windesheim,Almere,2024,voltijd,hbo,ad,NL,realisatie,590.0,227.0,127.0,148.0,315.0,213.0,218.0,159.0,
396,01VU11,01VU,Christelijke Hogeschool Windesheim,Almere,2017,voltijd,hbo,ad,niet-EER,realisatie,0.0,0.0,0.0,0.0,0.0,0.0,0.0,0.0,
397,01VU11,01VU,Christelijke Hogeschool Windesheim,Almere,2018,voltijd,hbo,ad,niet-EER,realisatie,0.0,0.0,0.0,0.0,0.0,0.0,0.0,0.0,
398,01VU11,01VU,Christelijke Hogeschool Windesheim,Almere,2019,voltijd,hbo,ad,niet-EER,realisatie,0.0,0.0,0.0,0.0,0.0,0.0,0.0,0.0,
399,01VU11,01VU,Christelijke Hogeschool Windesheim,Almere,2020,voltijd,hbo,ad,niet-EER,realisatie,6.0,0.0,0.0,0.0,0.0,0.0,0.0,0.0,
400,01VU11,01VU,Christelijke Hogeschool Windesheim,Almere,2021,voltijd,hbo,ad,niet-EER,realisatie,0.0,0.0,0.0,0.0,0.0,0.0,0.0,0.0,
401,01VU11,01VU,Christelijke Hogeschool Windesheim,Almere,2022,voltijd,hbo,ad,niet-EER,realisatie,0.0,0.0,0.0,0.0,0.0,0.0,0.0,0.0,
402,01VU11,01VU,Christelijke Hogeschool Windesheim,Almere,2023,voltijd,hbo,ad,niet-EER,realisatie,0.0,0.0,0.0,0.0,0.0,0.0,0.0,0.0,
403,01VU11,01VU,Christelijke Hogeschool Windesheim,Almere,2024,voltijd,hbo,ad,niet-EER,realisatie,7.0,0.0,0.0,0.0,0.0,0.0,0.0,0.0,
404,01VU11,01VU,Christelijke Hogeschool Windesheim,Almere,2017,voltijd,hbo,ba,EER,realisatie,13.0,0.0,0.0,0.0,7.0,0.0,0.0,7.0,
405,01VU11,01VU,Christelijke Hogeschool Windesheim,Almere,2018,voltijd,hbo,ba,EER,realisatie,15.0,6.0,0.0,0.0,7.0,6.0,0.0,7.0,
406,01VU11,01VU,Christelijke Hogeschool Windesheim,Almere,2019,voltijd,hbo,ba,EER,realisatie,14.0,6.0,0.0,0.0,0.0,0.0,0.0,0.0,
407,01VU11,01VU,Christelijke Hogeschool Windesheim,Almere,2020,voltijd,hbo,ba,EER,realisatie,20.0,9.0,9.0,0.0,6.0,9.0,0.0,6.0,
408,01VU11,01VU,Christelijke Hogeschool Windesheim,Almere,2021,voltijd,hbo,ba,EER,realisatie,21.0,9.0,7.0,7.0,7.0,8.0,6.0,7.0,
409,01VU11,01VU,Christelijke Hogeschool Windesheim,Almere,2022,voltijd,hbo,ba,EER,realisatie,24.0,7.0,7.0,6.0,11.0,7.0,6.0,11.0,
410,01VU11,01VU,Christelijke Hogeschool Windesheim,Almere,2023,voltijd,hbo,ba,EER,realisatie,30.0,13.0,11.0,0.0,14.0,12.0,0.0,14.0,
411,01VU11,01VU,Christelijke Hogeschool Windesheim,Almere,2024,voltijd,hbo,ba,EER,realisatie,27.0,6.0,0.0,8.0,14.0,6.0,8.0,13.0,
412,01VU11,01VU,Christelijke Hogeschool Windesheim,Almere,2017,voltijd,hbo,ba,NL,realisatie,2679.0,767.0,656.0,543.0,1480.0,674.0,547.0,1458.0,
413,01VU11,01VU,Christelijke Hogeschool Windesheim,Almere,2018,voltijd,hbo,ba,NL,realisatie,2959.0,812.0,699.0,598.0,1662.0,725.0,609.0,1625.0,
414,01VU11,01VU,Christelijke Hogeschool Windesheim,Almere,2019,voltijd,hbo,ba,NL,realisatie,3183.0,860.0,718.0,643.0,1822.0,758.0,667.0,1758.0,
415,01VU11,01VU,Christelijke Hogeschool Windesheim,Almere,2020,voltijd,hbo,ba,NL,realisatie,3520.0,1022.0,824.0,645.0,2051.0,897.0,689.0,1934.0,
416,01VU11,01VU,Christelijke Hogeschool Windesheim,Almere,2021,voltijd,hbo,ba,NL,realisatie,3479.0,820.0,671.0,704.0,2104.0,735.0,780.0,1964.0,
417,01VU11,01VU,Christelijke Hogeschool Windesheim,Almere,2022,voltijd,hbo,ba,NL,realisatie,3293.0,692.0,581.0,574.0,2138.0,617.0,625.0,2051.0,
418,01VU11,01VU,Christelijke Hogeschool Windesheim,Almere,2023,voltijd,hbo,ba,NL,realisatie,2987.0,628.0,515.0,472.0,2000.0,552.0,510.0,1925.0,
419,01VU11,01VU,Christelijke Hogeschool Windesheim,Almere,2024,voltijd,hbo,ba,NL,realisatie,2789.0,632.0,518.0,419.0,1852.0,560.0,445.0,1784.0,
420,01VU11,01VU,Christelijke Hogeschool Windesheim,Almere,2017,voltijd,hbo,ba,niet-EER,realisatie,8.0,0.0,0.0,0.0,0.0,0.0,0.0,0.0,
421,01VU11,01VU,Christelijke Hogeschool Windesheim,Almere,2018,voltijd,hbo,ba,niet-EER,realisatie,6.0,0.0,0.0,0.0,0.0,0.0,0.0,0.0,
422,01VU11,01VU,Christelijke Hogeschool Windesheim,Almere,2019,voltijd,hbo,ba,niet-EER,realisatie,12.0,6.0,0.0,0.0,0.0,0.0,0.0,0.0,
423,01VU11,01VU,Christelijke Hogeschool Windesheim,Almere,2020,voltijd,hbo,ba,niet-EER,realisatie,12.0,0.0,0.0,0.0,6.0,0.0,0.0,6.0,
424,01VU11,01VU,Christelijke Hogeschool Windesheim,Almere,2021,voltijd,hbo,ba,niet-EER,realisatie,10.0,0.0,0.0,0.0,8.0,0.0,0.0,8.0,
425,01VU11,01VU,Christelijke Hogeschool Windesheim,Almere,2022,voltijd,hbo,ba,niet-EER,realisatie,13.0,0.0,0.0,0.0,9.0,0.0,0.0,8.0,
426,01VU11,01VU,Christelijke Hogeschool Windesheim,Almere,2023,voltijd,hbo,ba,niet-EER,realisatie,12.0,0.0,0.0,0.0,11.0,0.0,0.0,9.0,
427,01VU11,01VU,Christelijke Hogeschool Windesheim,Almere,2024,voltijd,hbo,ba,niet-EER,realisatie,11.0,0.0,0.0,0.0,7.0,0.0,0.0,7.0,
428,02BY00,02BY,Gerrit Rietveld Academie,Amsterdam,2017,deeltijd,hbo,ba,EER,realisatie,18.0,0.0,0.0,0.0,10.0,0.0,0.0,10.0,Noord-Holland
429,02BY00,02BY,Gerrit Rietveld Academie,Amsterdam,2018,deeltijd,hbo,ba,EER,realisatie,18.0,8.0,0.0,0.0,12.0,6.0,0.0,11.0,Noord-Holland
430,02BY00,02BY,Gerrit Rietveld Academie,Amsterdam,2019,deeltijd,hbo,ba,EER,realisatie,19.0,6.0,0.0,0.0,10.0,6.0,0.0,9.0,Noord-Holland
431,02BY00,02BY,Gerrit Rietveld Academie,Amsterdam,2020,deeltijd,hbo,ba,EER,realisatie,22.0,9.0,6.0,0.0,11.0,8.0,7.0,7.0,Noord-Holland
432,02BY00,02BY,Gerrit Rietveld Academie,Amsterdam,2021,deeltijd,hbo,ba,EER,realisatie,19.0,0.0,0.0,0.0,13.0,0.0,6.0,10.0,Noord-Holland
433,02BY00,02BY,Gerrit Rietveld Academie,Amsterdam,2022,deeltijd,hbo,ba,EER,realisatie,17.0,0.0,0.0,0.0,11.0,0.0,0.0,10.0,Noord-Holland
434,02BY00,02BY,Gerrit Rietveld Academie,Amsterdam,2023,deeltijd,hbo,ba,EER,realisatie,15.0,7.0,0.0,0.0,7.0,0.0,0.0,7.0,Noord-Holland
435,02BY00,02BY,Gerrit Rietveld Academie,Amsterdam,2024,deeltijd,hbo,ba,EER,realisatie,15.0,7.0,0.0,0.0,7.0,0.0,0.0,6.0,Noord-Holland
436,02BY00,02BY,Gerrit Rietveld Academie,Amsterdam,2017,deeltijd,hbo,ba,NL,realisatie,66.0,20.0,0.0,0.0,60.0,11.0,12.0,43.0,Noord-Holland
437,02BY00,02BY,Gerrit Rietveld Academie,Amsterdam,2018,deeltijd,hbo,ba,NL,realisatie,61.0,10.0,0.0,0.0,57.0,7.0,10.0,44.0,Noord-Holland
438,02BY00,02BY,Gerrit Rietveld Academie,Amsterdam,2019,deeltijd,hbo,ba,NL,realisatie,65.0,19.0,6.0,0.0,57.0,12.0,6.0,47.0,Noord-Holland
439,02BY00,02BY,Gerrit Rietveld Academie,Amsterdam,2020,deeltijd,hbo,ba,NL,realisatie,64.0,17.0,0.0,7.0,55.0,10.0,14.0,40.0,Noord-Holland
440,02BY00,02BY,Gerrit Rietveld Academie,Amsterdam,2021,deeltijd,hbo,ba,NL,realisatie,60.0,9.0,0.0,0.0,55.0,8.0,10.0,42.0,Noord-Holland
441,02BY00,02BY,Gerrit Rietveld Academie,Amsterdam,2022,deeltijd,hbo,ba,NL,realisatie,50.0,10.0,0.0,0.0,45.0,6.0,9.0,35.0,Noord-Holland
442,02BY00,02BY,Gerrit Rietveld Academie,Amsterdam,2023,deeltijd,hbo,ba,NL,realisatie,45.0,12.0,0.0,0.0,42.0,6.0,7.0,32.0,Noord-Holland
443,02BY00,02BY,Gerrit Rietveld Academie,Amsterdam,2024,deeltijd,hbo,ba,NL,realisatie,44.0,14.0,7.0,0.0,36.0,12.0,0.0,27.0,Noord-Holland
444,02BY00,02BY,Gerrit Rietveld Academie,Amsterdam,2017,deeltijd,hbo,ba,niet-EER,realisatie,0.0,0.0,0.0,0.0,0.0,0.0,0.0,0.0,Noord-Holland
445,02BY00,02BY,Gerrit Rietveld Academie,Amsterdam,2018,deeltijd,hbo,ba,niet-EER,realisatie,0.0,0.0,0.0,0.0,0.0,0.0,0.0,0.0,Noord-Holland
446,02BY00,02BY,Gerrit Rietveld Academie,Amsterdam,2019,deeltijd,hbo,ba,niet-EER,realisatie,0.0,0.0,0.0,0.0,0.0,0.0,0.0,0.0,Noord-Holland
447,02BY00,02BY,Gerrit Rietveld Academie,Amsterdam,2020,deeltijd,hbo,ba,niet-EER,realisatie,0.0,0.0,0.0,0.0,0.0,0.0,0.0,0.0,Noord-Holland
448,02BY00,02BY,Gerrit Rietveld Academie,Amsterdam,2021,deeltijd,hbo,ba,niet-EER,realisatie,0.0,0.0,0.0,0.0,0.0,0.0,0.0,0.0,Noord-Holland
449,02BY00,02BY,Gerrit Rietveld Academie,Amsterdam,2022,deeltijd,hbo,ba,niet-EER,realisatie,0.0,0.0,0.0,0.0,0.0,0.0,0.0,0.0,Noord-Holland
450,02BY00,02BY,Gerrit Rietveld Academie,Amsterdam,2023,deeltijd,hbo,ba,niet-EER,realisatie,0.0,0.0,0.0,0.0,0.0,0.0,0.0,0.0,Noord-Holland
451,02BY00,02BY,Gerrit Rietveld Academie,Amsterdam,2024,deeltijd,hbo,ba,niet-EER,realisatie,8.0,0.0,0.0,0.0,0.0,0.0,0.0,0.0,Noord-Holland
452,02BY00,02BY,Gerrit Rietveld Academie,Amsterdam,2017,voltijd,hbo,ba,EER,realisatie,337.0,103.0,98.0,84.0,155.0,99.0,83.0,155.0,Noord-Holland
453,02BY00,02BY,Gerrit Rietveld Academie,Amsterdam,2018,voltijd,hbo,ba,EER,realisatie,326.0,95.0,89.0,87.0,150.0,91.0,86.0,149.0,Noord-Holland
454,02BY00,02BY,Gerrit Rietveld Academie,Amsterdam,2019,voltijd,hbo,ba,EER,realisatie,305.0,86.0,82.0,73.0,150.0,82.0,75.0,148.0,Noord-Holland
455,02BY00,02BY,Gerrit Rietveld Academie,Amsterdam,2020,voltijd,hbo,ba,EER,realisatie,300.0,100.0,94.0,67.0,139.0,95.0,66.0,139.0,Noord-Holland
456,02BY00,02BY,Gerrit Rietveld Academie,Amsterdam,2021,voltijd,hbo,ba,EER,realisatie,321.0,106.0,98.0,87.0,136.0,100.0,87.0,134.0,Noord-Holland
457,02BY00,02BY,Gerrit Rietveld Academie,Amsterdam,2022,voltijd,hbo,ba,EER,realisatie,329.0,107.0,96.0,83.0,150.0,101.0,83.0,145.0,Noord-Holland
458,02BY00,02BY,Gerrit Rietveld Academie,Amsterdam,2023,voltijd,hbo,ba,EER,realisatie,334.0,100.0,94.0,78.0,162.0,96.0,80.0,158.0,Noord-Holland
459,02BY00,02BY,Gerrit Rietveld Academie,Amsterdam,2024,voltijd,hbo,ba,EER,realisatie,340.0,101.0,92.0,90.0,158.0,95.0,90.0,155.0,Noord-Holland
460,02BY00,02BY,Gerrit Rietveld Academie,Amsterdam,2017,voltijd,hbo,ba,NL,realisatie,180.0,43.0,27.0,34.0,119.0,34.0,37.0,109.0,Noord-Holland
461,02BY00,02BY,Gerrit Rietveld Academie,Amsterdam,2018,voltijd,hbo,ba,NL,realisatie,203.0,57.0,40.0,35.0,128.0,46.0,40.0,117.0,Noord-Holland
462,02BY00,02BY,Gerrit Rietveld Academie,Amsterdam,2019,voltijd,hbo,ba,NL,realisatie,208.0,48.0,29.0,49.0,130.0,36.0,53.0,119.0,Noord-Holland
463,02BY00,02BY,Gerrit Rietveld Academie,Amsterdam,2020,voltijd,hbo,ba,NL,realisatie,217.0,57.0,37.0,37.0,143.0,45.0,42.0,130.0,Noord-Holland
464,02BY00,02BY,Gerrit Rietveld Academie,Amsterdam,2021,voltijd,hbo,ba,NL,realisatie,217.0,43.0,31.0,42.0,144.0,36.0,48.0,133.0,Noord-Holland
465,02BY00,02BY,Gerrit Rietveld Academie,Amsterdam,2022,voltijd,hbo,ba,NL,realisatie,201.0,35.0,21.0,35.0,145.0,26.0,37.0,138.0,Noord-Holland
466,02BY00,02BY,Gerrit Rietveld Academie,Amsterdam,2023,voltijd,hbo,ba,NL,realisatie,195.0,56.0,38.0,27.0,130.0,43.0,29.0,123.0,Noord-Holland
467,02BY00,02BY,Gerrit Rietveld Academie,Amsterdam,2024,voltijd,hbo,ba,NL,realisatie,203.0,57.0,43.0,44.0,116.0,46.0,46.0,111.0,Noord-Holland
468,02BY00,02BY,Gerrit Rietveld Academie,Amsterdam,2017,voltijd,hbo,ba,niet-EER,realisatie,107.0,34.0,34.0,28.0,45.0,34.0,28.0,45.0,Noord-Holland
469,02BY00,02BY,Gerrit Rietveld Academie,Amsterdam,2018,voltijd,hbo,ba,niet-EER,realisatie,110.0,33.0,31.0,32.0,47.0,31.0,32.0,47.0,Noord-Holland
470,02BY00,02BY,Gerrit Rietveld Academie,Amsterdam,2019,voltijd,hbo,ba,niet-EER,realisatie,112.0,31.0,27.0,25.0,60.0,28.0,25.0,59.0,Noord-Holland
471,02BY00,02BY,Gerrit Rietveld Academie,Amsterdam,2020,voltijd,hbo,ba,niet-EER,realisatie,111.0,25.0,23.0,27.0,61.0,23.0,28.0,60.0,Noord-Holland
472,02BY00,02BY,Gerrit Rietveld Academie,Amsterdam,2021,voltijd,hbo,ba,niet-EER,realisatie,98.0,22.0,19.0,27.0,52.0,19.0,27.0,52.0,Noord-Holland
473,02BY00,02BY,Gerrit Rietveld Academie,Amsterdam,2022,voltijd,hbo,ba,niet-EER,realisatie,94.0,25.0,19.0,15.0,60.0,21.0,15.0,58.0,Noord-Holland
474,02BY00,02BY,Gerrit Rietveld Academie,Amsterdam,2023,voltijd,hbo,ba,niet-EER,realisatie,88.0,24.0,21.0,20.0,47.0,22.0,20.0,46.0,Noord-Holland
475,02BY00,02BY,Gerrit Rietveld Academie,Amsterdam,2024,voltijd,hbo,ba,niet-EER,realisatie,84.0,21.0,18.0,23.0,43.0,19.0,23.0,42.0,Noord-Holland
476,02BY00,02BY,Gerrit Rietveld Academie,Amsterdam,2017,voltijd,hbo,ma,EER,realisatie,76.0,47.0,42.0,22.0,12.0,47.0,29.0,0.0,Noord-Holland
477,02BY00,02BY,Gerrit Rietveld Academie,Amsterdam,2018,voltijd,hbo,ma,EER,realisatie,89.0,44.0,33.0,40.0,16.0,42.0,46.0,0.0,Noord-Holland
478,02BY00,02BY,Gerrit Rietveld Academie,Amsterdam,2019,voltijd,hbo,ma,EER,realisatie,81.0,41.0,34.0,32.0,15.0,41.0,39.0,0.0,Noord-Holland
479,02BY00,02BY,Gerrit Rietveld Academie,Amsterdam,2020,voltijd,hbo,ma,EER,realisatie,85.0,48.0,38.0,31.0,16.0,48.0,37.0,0.0,Noord-Holland
480,02BY00,02BY,Gerrit Rietveld Academie,Amsterdam,2021,voltijd,hbo,ma,EER,realisatie,77.0,30.0,25.0,35.0,17.0,30.0,43.0,0.0,Noord-Holland
481,02BY00,02BY,Gerrit Rietveld Academie,Amsterdam,2022,voltijd,hbo,ma,EER,realisatie,67.0,42.0,33.0,23.0,11.0,42.0,25.0,0.0,Noord-Holland
482,02BY00,02BY,Gerrit Rietveld Academie,Amsterdam,2023,voltijd,hbo,ma,EER,realisatie,101.0,61.0,37.0,34.0,30.0,60.0,39.0,0.0,Noord-Holland
483,02BY00,02BY,Gerrit Rietveld Academie,Amsterdam,2024,voltijd,hbo,ma,EER,realisatie,109.0,48.0,33.0,38.0,38.0,48.0,56.0,0.0,Noord-Holland
484,02BY00,02BY,Gerrit Rietveld Academie,Amsterdam,2017,voltijd,hbo,ma,NL,realisatie,35.0,14.0,0.0,0.0,32.0,14.0,20.0,0.0,Noord-Holland
485,02BY00,02BY,Gerrit Rietveld Academie,Amsterdam,2018,voltijd,hbo,ma,NL,realisatie,30.0,15.0,0.0,0.0,29.0,14.0,11.0,0.0,Noord-Holland
486,02BY00,02BY,Gerrit Rietveld Academie,Amsterdam,2019,voltijd,hbo,ma,NL,realisatie,29.0,17.0,0.0,0.0,27.0,16.0,12.0,0.0,Noord-Holland
487,02BY00,02BY,Gerrit Rietveld Academie,Amsterdam,2020,voltijd,hbo,ma,NL,realisatie,29.0,13.0,0.0,0.0,27.0,12.0,15.0,0.0,Noord-Holland
488,02BY00,02BY,Gerrit Rietveld Academie,Amsterdam,2021,voltijd,hbo,ma,NL,realisatie,37.0,25.0,0.0,0.0,35.0,25.0,11.0,0.0,Noord-Holland
489,02BY00,02BY,Gerrit Rietveld Academie,Amsterdam,2022,voltijd,hbo,ma,NL,realisatie,45.0,19.0,0.0,0.0,42.0,19.0,25.0,0.0,Noord-Holland
490,02BY00,02BY,Gerrit Rietveld Academie,Amsterdam,2023,voltijd,hbo,ma,NL,realisatie,35.0,14.0,0.0,0.0,33.0,13.0,18.0,0.0,Noord-Holland
491,02BY00,02BY,Gerrit Rietveld Academie,Amsterdam,2024,voltijd,hbo,ma,NL,realisatie,28.0,15.0,0.0,0.0,25.0,15.0,12.0,0.0,Noord-Holland
492,02BY00,02BY,Gerrit Rietveld Academie,Amsterdam,2017,voltijd,hbo,ma,niet-EER,realisatie,50.0,34.0,30.0,12.0,8.0,34.0,16.0,0.0,Noord-Holland
493,02BY00,02BY,Gerrit Rietveld Academie,Amsterdam,2018,voltijd,hbo,ma,niet-EER,realisatie,53.0,20.0,18.0,29.0,6.0,20.0,33.0,0.0,Noord-Holland
494,02BY00,02BY,Gerrit Rietveld Academie,Amsterdam,2019,voltijd,hbo,ma,niet-EER,realisatie,38.0,20.0,17.0,17.0,0.0,20.0,18.0,0.0,Noord-Holland
495,02BY00,02BY,Gerrit Rietveld Academie,Amsterdam,2020,voltijd,hbo,ma,niet-EER,realisatie,41.0,22.0,21.0,15.0,0.0,22.0,17.0,0.0,Noord-Holland
496,02BY00,02BY,Gerrit Rietveld Academie,Amsterdam,2021,voltijd,hbo,ma,niet-EER,realisatie,36.0,16.0,10.0,23.0,0.0,13.0,23.0,0.0,Noord-Holland
497,02BY00,02BY,Gerrit Rietveld Academie,Amsterdam,2022,voltijd,hbo,ma,niet-EER,realisatie,30.0,16.0,9.0,10.0,11.0,15.0,13.0,0.0,Noord-Holland
498,02BY00,02BY,Gerrit Rietveld Academie,Amsterdam,2023,voltijd,hbo,ma,niet-EER,realisatie,29.0,11.0,0.0,11.0,16.0,11.0,16.0,0.0,Noord-Holland
499,02BY00,02BY,Gerrit Rietveld Academie,Amsterdam,2024,voltijd,hbo,ma,niet-EER,realisatie,19.0,8.0,7.0,0.0,10.0,8.0,10.0,0.0,Noord-Holland
500,02NR00,02NR,Hotelschool The Hague,'s-Gravenhage,2017,voltijd,hbo,ba,EER,realisatie,390.0,113.0,109.0,80.0,201.0,110.0,81.0,199.0,Zuid-Holland
501,02NR00,02NR,Hotelschool The Hague,'s-Gravenhage,2018,voltijd,hbo,ba,EER,realisatie,414.0,101.0,96.0,102.0,216.0,98.0,102.0,214.0,Zuid-Holland
502,02NR00,02NR,Hotelschool The Hague,'s-Gravenhage,2019,voltijd,hbo,ba,EER,realisatie,440.0,93.0,90.0,90.0,260.0,92.0,91.0,257.0,Zuid-Holland
503,02NR00,02NR,Hotelschool The Hague,'s-Gravenhage,2020,voltijd,hbo,ba,EER,realisatie,424.0,87.0,84.0,82.0,258.0,84.0,84.0,256.0,Zuid-Holland
504,02NR00,02NR,Hotelschool The Hague,'s-Gravenhage,2021,voltijd,hbo,ba,EER,realisatie,413.0,87.0,84.0,87.0,242.0,86.0,85.0,242.0,Zuid-Holland
505,02NR00,02NR,Hotelschool The Hague,'s-Gravenhage,2022,voltijd,hbo,ba,EER,realisatie,377.0,67.0,65.0,83.0,229.0,66.0,84.0,227.0,Zuid-Holland
506,02NR00,02NR,Hotelschool The Hague,'s-Gravenhage,2023,voltijd,hbo,ba,EER,realisatie,340.0,68.0,65.0,67.0,208.0,67.0,67.0,206.0,Zuid-Holland
507,02NR00,02NR,Hotelschool The Hague,'s-Gravenhage,2024,voltijd,hbo,ba,EER,realisatie,317.0,71.0,66.0,60.0,191.0,68.0,61.0,188.0,Zuid-Holland
508,02NR00,02NR,Hotelschool The Hague,'s-Gravenhage,2017,voltijd,hbo,ba,NL,realisatie,869.0,154.0,128.0,154.0,587.0,142.0,157.0,570.0,Zuid-Holland
509,02NR00,02NR,Hotelschool The Hague,'s-Gravenhage,2018,voltijd,hbo,ba,NL,realisatie,858.0,173.0,151.0,141.0,566.0,164.0,146.0,548.0,Zuid-Holland
510,02NR00,02NR,Hotelschool The Hague,'s-Gravenhage,2019,voltijd,hbo,ba,NL,realisatie,882.0,178.0,153.0,167.0,562.0,162.0,173.0,547.0,Zuid-Holland
511,02NR00,02NR,Hotelschool The Hague,'s-Gravenhage,2020,voltijd,hbo,ba,NL,realisatie,888.0,186.0,168.0,156.0,564.0,176.0,160.0,552.0,Zuid-Holland
512,02NR00,02NR,Hotelschool The Hague,'s-Gravenhage,2021,voltijd,hbo,ba,NL,realisatie,888.0,178.0,148.0,188.0,552.0,161.0,188.0,539.0,Zuid-Holland
513,02NR00,02NR,Hotelschool The Hague,'s-Gravenhage,2022,voltijd,hbo,ba,NL,realisatie,864.0,185.0,148.0,173.0,543.0,162.0,176.0,526.0,Zuid-Holland
514,02NR00,02NR,Hotelschool The Hague,'s-Gravenhage,2023,voltijd,hbo,ba,NL,realisatie,913.0,196.0,155.0,176.0,582.0,172.0,179.0,562.0,Zuid-Holland
515,02NR00,02NR,Hotelschool The Hague,'s-Gravenhage,2024,voltijd,hbo,ba,NL,realisatie,901.0,192.0,167.0,176.0,558.0,176.0,187.0,538.0,Zuid-Holland
516,02NR00,02NR,Hotelschool The Hague,'s-Gravenhage,2017,voltijd,hbo,ba,niet-EER,realisatie,65.0,18.0,18.0,11.0,36.0,18.0,12.0,35.0,Zuid-Holland
517,02NR00,02NR,Hotelschool The Hague,'s-Gravenhage,2018,voltijd,hbo,ba,niet-EER,realisatie,60.0,12.0,12.0,14.0,34.0,12.0,14.0,34.0,Zuid-Holland
518,02NR00,02NR,Hotelschool The Hague,'s-Gravenhage,2019,voltijd,hbo,ba,niet-EER,realisatie,51.0,0.0,0.0,10.0,36.0,0.0,10.0,36.0,Zuid-Holland
519,02NR00,02NR,Hotelschool The Hague,'s-Gravenhage,2020,voltijd,hbo,ba,niet-EER,realisatie,38.0,0.0,0.0,0.0,33.0,0.0,0.0,33.0,Zuid-Holland
520,02NR00,02NR,Hotelschool The Hague,'s-Gravenhage,2021,voltijd,hbo,ba,niet-EER,realisatie,37.0,10.0,10.0,0.0,26.0,10.0,0.0,26.0,Zuid-Holland
521,02NR00,02NR,Hotelschool The Hague,'s-Gravenhage,2022,voltijd,hbo,ba,niet-EER,realisatie,25.0,7.0,7.0,9.0,9.0,7.0,9.0,9.0,Zuid-Holland
522,02NR00,02NR,Hotelschool The Hague,'s-Gravenhage,2023,voltijd,hbo,ba,niet-EER,realisatie,22.0,0.0,0.0,6.0,14.0,0.0,6.0,14.0,Zuid-Holland
523,02NR00,02NR,Hotelschool The Hague,'s-Gravenhage,2024,voltijd,hbo,ba,niet-EER,realisatie,22.0,6.0,6.0,0.0,15.0,6.0,0.0,15.0,Zuid-Holland
524,02NR01,02NR,Hotelschool The Hague,Amsterdam,2017,voltijd,hbo,ba,EER,realisatie,331.0,91.0,88.0,83.0,160.0,91.0,82.0,158.0,Noord-Holland
525,02NR01,02NR,Hotelschool The Hague,Amsterdam,2018,voltijd,hbo,ba,EER,realisatie,375.0,98.0,96.0,79.0,200.0,96.0,80.0,199.0,Noord-Holland
526,02NR01,02NR,Hotelschool The Hague,Amsterdam,2019,voltijd,hbo,ba,EER,realisatie,404.0,90.0,86.0,95.0,223.0,88.0,93.0,223.0,Noord-Holland
527,02NR01,02NR,Hotelschool The Hague,Amsterdam,2020,voltijd,hbo,ba,EER,realisatie,386.0,69.0,67.0,84.0,235.0,67.0,86.0,233.0,Noord-Holland
528,02NR01,02NR,Hotelschool The Hague,Amsterdam,2021,voltijd,hbo,ba,EER,realisatie,341.0,65.0,63.0,60.0,218.0,63.0,60.0,218.0,Noord-Holland
529,02NR01,02NR,Hotelschool The Hague,Amsterdam,2022,voltijd,hbo,ba,EER,realisatie,287.0,56.0,52.0,63.0,172.0,54.0,61.0,172.0,Noord-Holland
530,02NR01,02NR,Hotelschool The Hague,Amsterdam,2023,voltijd,hbo,ba,EER,realisatie,267.0,61.0,54.0,52.0,161.0,58.0,51.0,158.0,Noord-Holland
531,02NR01,02NR,Hotelschool The Hague,Amsterdam,2024,voltijd,hbo,ba,EER,realisatie,248.0,52.0,46.0,50.0,152.0,49.0,51.0,148.0,Noord-Holland
532,02NR01,02NR,Hotelschool The Hague,Amsterdam,2017,voltijd,hbo,ba,NL,realisatie,915.0,180.0,161.0,151.0,603.0,166.0,161.0,588.0,Noord-Holland
533,02NR01,02NR,Hotelschool The Hague,Amsterdam,2018,voltijd,hbo,ba,NL,realisatie,889.0,170.0,146.0,174.0,569.0,160.0,170.0,559.0,Noord-Holland
534,02NR01,02NR,Hotelschool The Hague,Amsterdam,2019,voltijd,hbo,ba,NL,realisatie,871.0,183.0,154.0,157.0,560.0,166.0,162.0,543.0,Noord-Holland
535,02NR01,02NR,Hotelschool The Hague,Amsterdam,2020,voltijd,hbo,ba,NL,realisatie,892.0,192.0,165.0,185.0,542.0,173.0,189.0,530.0,Noord-Holland
536,02NR01,02NR,Hotelschool The Hague,Amsterdam,2021,voltijd,hbo,ba,NL,realisatie,939.0,194.0,168.0,196.0,575.0,179.0,193.0,567.0,Noord-Holland
537,02NR01,02NR,Hotelschool The Hague,Amsterdam,2022,voltijd,hbo,ba,NL,realisatie,927.0,182.0,148.0,196.0,583.0,163.0,200.0,564.0,Noord-Holland
538,02NR01,02NR,Hotelschool The Hague,Amsterdam,2023,voltijd,hbo,ba,NL,realisatie,946.0,205.0,155.0,177.0,614.0,172.0,178.0,596.0,Noord-Holland
539,02NR01,02NR,Hotelschool The Hague,Amsterdam,2024,voltijd,hbo,ba,NL,realisatie,961.0,195.0,151.0,177.0,633.0,163.0,187.0,611.0,Noord-Holland
540,02NR01,02NR,Hotelschool The Hague,Amsterdam,2017,voltijd,hbo,ba,niet-EER,realisatie,39.0,10.0,10.0,0.0,25.0,10.0,0.0,24.0,Noord-Holland
541,02NR01,02NR,Hotelschool The Hague,Amsterdam,2018,voltijd,hbo,ba,niet-EER,realisatie,42.0,9.0,7.0,10.0,25.0,7.0,10.0,25.0,Noord-Holland
542,02NR01,02NR,Hotelschool The Hague,Amsterdam,2019,voltijd,hbo,ba,niet-EER,realisatie,41.0,7.0,6.0,7.0,28.0,7.0,6.0,28.0,Noord-Holland
543,02NR01,02NR,Hotelschool The Hague,Amsterdam,2020,voltijd,hbo,ba,niet-EER,realisatie,30.0,7.0,7.0,0.0,18.0,7.0,6.0,17.0,Noord-Holland
544,02NR01,02NR,Hotelschool The Hague,Amsterdam,2021,voltijd,hbo,ba,niet-EER,realisatie,34.0,9.0,7.0,9.0,18.0,8.0,8.0,18.0,Noord-Holland
545,02NR01,02NR,Hotelschool The Hague,Amsterdam,2022,voltijd,hbo,ba,niet-EER,realisatie,31.0,6.0,0.0,8.0,19.0,0.0,8.0,18.0,Noord-Holland
546,02NR01,02NR,Hotelschool The Hague,Amsterdam,2023,voltijd,hbo,ba,niet-EER,realisatie,26.0,0.0,0.0,0.0,20.0,0.0,0.0,19.0,Noord-Holland
547,02NR01,02NR,Hotelschool The Hague,Amsterdam,2024,voltijd,hbo,ba,niet-EER,realisatie,29.0,12.0,11.0,0.0,17.0,12.0,0.0,15.0,Noord-Holland
548,02NR01,02NR,Hotelschool The Hague,Amsterdam,2021,voltijd,hbo,ma,EER,realisatie,6.0,6.0,0.0,0.0,0.0,6.0,0.0,0.0,Noord-Holland
549,02NR01,02NR,Hotelschool The Hague,Amsterdam,2022,voltijd,hbo,ma,EER,realisatie,0.0,0.0,0.0,0.0,0.0,0.0,0.0,0.0,Noord-Holland
550,02NR01,02NR,Hotelschool The Hague,Amsterdam,2023,voltijd,hbo,ma,EER,realisatie,0.0,0.0,0.0,0.0,0.0,0.0,0.0,0.0,Noord-Holland
551,02NR01,02NR,Hotelschool The Hague,Amsterdam,2024,voltijd,hbo,ma,EER,realisatie,11.0,10.0,8.0,0.0,0.0,10.0,0.0,0.0,Noord-Holland
552,02NR01,02NR,Hotelschool The Hague,Amsterdam,2021,voltijd,hbo,ma,NL,realisatie,9.0,9.0,0.0,0.0,8.0,9.0,0.0,0.0,Noord-Holland
553,02NR01,02NR,Hotelschool The Hague,Amsterdam,2022,voltijd,hbo,ma,NL,realisatie,0.0,0.0,0.0,0.0,0.0,0.0,0.0,0.0,Noord-Holland
554,02NR01,02NR,Hotelschool The Hague,Amsterdam,2023,voltijd,hbo,ma,NL,realisatie,9.0,9.0,0.0,0.0,8.0,9.0,0.0,0.0,Noord-Holland
555,02NR01,02NR,Hotelschool The Hague,Amsterdam,2024,voltijd,hbo,ma,NL,realisatie,9.0,7.0,0.0,0.0,9.0,7.0,0.0,0.0,Noord-Holland
556,02NR01,02NR,Hotelschool The Hague,Amsterdam,2023,voltijd,hbo,ma,niet-EER,realisatie,0.0,0.0,0.0,0.0,0.0,0.0,0.0,0.0,Noord-Holland
557,02NT00,02NT,Design Academy Eindhoven,Eindhoven,2017,voltijd,hbo,ba,EER,realisatie,258.0,63.0,59.0,50.0,149.0,60.0,49.0,149.0,Noord-Brabant
558,02NT00,02NT,Design Academy Eindhoven,Eindhoven,2018,voltijd,hbo,ba,EER,realisatie,258.0,74.0,70.0,50.0,138.0,71.0,50.0,137.0,Noord-Brabant
559,02NT00,02NT,Design Academy Eindhoven,Eindhoven,2019,voltijd,hbo,ba,EER,realisatie,272.0,89.0,85.0,67.0,120.0,86.0,68.0,118.0,Noord-Brabant
560,02NT00,02NT,Design Academy Eindhoven,Eindhoven,2020,voltijd,hbo,ba,EER,realisatie,296.0,99.0,97.0,71.0,128.0,98.0,73.0,125.0,Noord-Brabant
561,02NT00,02NT,Design Academy Eindhoven,Eindhoven,2021,voltijd,hbo,ba,EER,realisatie,342.0,90.0,82.0,97.0,163.0,85.0,96.0,161.0,Noord-Brabant
562,02NT00,02NT,Design Academy Eindhoven,Eindhoven,2022,voltijd,hbo,ba,EER,realisatie,334.0,80.0,75.0,81.0,178.0,76.0,84.0,174.0,Noord-Brabant
563,02NT00,02NT,Design Academy Eindhoven,Eindhoven,2023,voltijd,hbo,ba,EER,realisatie,324.0,76.0,71.0,70.0,183.0,72.0,70.0,182.0,Noord-Brabant
564,02NT00,02NT,Design Academy Eindhoven,Eindhoven,2024,voltijd,hbo,ba,EER,realisatie,296.0,66.0,58.0,66.0,172.0,59.0,67.0,170.0,Noord-Brabant
565,02NT00,02NT,Design Academy Eindhoven,Eindhoven,2017,voltijd,hbo,ba,NL,realisatie,204.0,44.0,36.0,31.0,137.0,38.0,35.0,131.0,Noord-Brabant
566,02NT00,02NT,Design Academy Eindhoven,Eindhoven,2018,voltijd,hbo,ba,NL,realisatie,176.0,44.0,32.0,36.0,108.0,37.0,36.0,103.0,Noord-Brabant
567,02NT00,02NT,Design Academy Eindhoven,Eindhoven,2019,voltijd,hbo,ba,NL,realisatie,163.0,36.0,30.0,27.0,106.0,31.0,30.0,102.0,Noord-Brabant
568,02NT00,02NT,Design Academy Eindhoven,Eindhoven,2020,voltijd,hbo,ba,NL,realisatie,162.0,53.0,43.0,24.0,95.0,48.0,25.0,89.0,Noord-Brabant
569,02NT00,02NT,Design Academy Eindhoven,Eindhoven,2021,voltijd,hbo,ba,NL,realisatie,164.0,37.0,30.0,47.0,87.0,31.0,50.0,83.0,Noord-Brabant
570,02NT00,02NT,Design Academy Eindhoven,Eindhoven,2022,voltijd,hbo,ba,NL,realisatie,148.0,35.0,26.0,32.0,90.0,29.0,33.0,86.0,Noord-Brabant
571,02NT00,02NT,Design Academy Eindhoven,Eindhoven,2023,voltijd,hbo,ba,NL,realisatie,158.0,51.0,44.0,26.0,88.0,47.0,28.0,83.0,Noord-Brabant
572,02NT00,02NT,Design Academy Eindhoven,Eindhoven,2024,voltijd,hbo,ba,NL,realisatie,155.0,34.0,28.0,41.0,86.0,29.0,44.0,82.0,Noord-Brabant
573,02NT00,02NT,Design Academy Eindhoven,Eindhoven,2017,voltijd,hbo,ba,niet-EER,realisatie,97.0,38.0,34.0,20.0,43.0,34.0,20.0,43.0,Noord-Brabant
574,02NT00,02NT,Design Academy Eindhoven,Eindhoven,2018,voltijd,hbo,ba,niet-EER,realisatie,106.0,33.0,32.0,26.0,48.0,32.0,26.0,48.0,Noord-Brabant
575,02NT00,02NT,Design Academy Eindhoven,Eindhoven,2019,voltijd,hbo,ba,niet-EER,realisatie,100.0,25.0,23.0,28.0,49.0,23.0,28.0,49.0,Noord-Brabant
576,02NT00,02NT,Design Academy Eindhoven,Eindhoven,2020,voltijd,hbo,ba,niet-EER,realisatie,86.0,23.0,22.0,17.0,47.0,22.0,17.0,47.0,Noord-Brabant
577,02NT00,02NT,Design Academy Eindhoven,Eindhoven,2021,voltijd,hbo,ba,niet-EER,realisatie,91.0,34.0,25.0,23.0,43.0,25.0,23.0,43.0,Noord-Brabant
578,02NT00,02NT,Design Academy Eindhoven,Eindhoven,2022,voltijd,hbo,ba,niet-EER,realisatie,107.0,41.0,38.0,21.0,48.0,38.0,21.0,48.0,Noord-Brabant
579,02NT00,02NT,Design Academy Eindhoven,Eindhoven,2023,voltijd,hbo,ba,niet-EER,realisatie,112.0,36.0,30.0,35.0,47.0,30.0,35.0,47.0,Noord-Brabant
580,02NT00,02NT,Design Academy Eindhoven,Eindhoven,2024,voltijd,hbo,ba,niet-EER,realisatie,127.0,41.0,39.0,27.0,61.0,39.0,27.0,61.0,Noord-Brabant
581,02NT00,02NT,Design Academy Eindhoven,Eindhoven,2017,voltijd,hbo,ma,EER,realisatie,79.0,43.0,43.0,34.0,0.0,43.0,34.0,0.0,Noord-Brabant
582,02NT00,02NT,Design Academy Eindhoven,Eindhoven,2018,voltijd,hbo,ma,EER,realisatie,92.0,57.0,57.0,31.0,0.0,57.0,31.0,0.0,Noord-Brabant
583,02NT00,02NT,Design Academy Eindhoven,Eindhoven,2019,voltijd,hbo,ma,EER,realisatie,110.0,59.0,57.0,49.0,0.0,59.0,49.0,0.0,Noord-Brabant
584,02NT00,02NT,Design Academy Eindhoven,Eindhoven,2020,voltijd,hbo,ma,EER,realisatie,124.0,68.0,67.0,49.0,8.0,68.0,51.0,0.0,Noord-Brabant
585,02NT00,02NT,Design Academy Eindhoven,Eindhoven,2021,voltijd,hbo,ma,EER,realisatie,143.0,73.0,67.0,62.0,14.0,72.0,63.0,8.0,Noord-Brabant
586,02NT00,02NT,Design Academy Eindhoven,Eindhoven,2022,voltijd,hbo,ma,EER,realisatie,122.0,57.0,52.0,61.0,9.0,56.0,63.0,0.0,Noord-Brabant
587,02NT00,02NT,Design Academy Eindhoven,Eindhoven,2023,voltijd,hbo,ma,EER,realisatie,111.0,56.0,51.0,51.0,9.0,54.0,53.0,0.0,Noord-Brabant
588,02NT00,02NT,Design Academy Eindhoven,Eindhoven,2024,voltijd,hbo,ma,EER,realisatie,112.0,60.0,55.0,48.0,9.0,60.0,49.0,0.0,Noord-Brabant
589,02NT00,02NT,Design Academy Eindhoven,Eindhoven,2017,voltijd,hbo,ma,NL,realisatie,14.0,11.0,0.0,0.0,13.0,11.0,0.0,0.0,Noord-Brabant
590,02NT00,02NT,Design Academy Eindhoven,Eindhoven,2018,voltijd,hbo,ma,NL,realisatie,14.0,6.0,0.0,0.0,13.0,6.0,8.0,0.0,Noord-Brabant
591,02NT00,02NT,Design Academy Eindhoven,Eindhoven,2019,voltijd,hbo,ma,NL,realisatie,9.0,0.0,0.0,0.0,6.0,0.0,6.0,0.0,Noord-Brabant
592,02NT00,02NT,Design Academy Eindhoven,Eindhoven,2020,voltijd,hbo,ma,NL,realisatie,10.0,9.0,0.0,0.0,8.0,8.0,0.0,0.0,Noord-Brabant
593,02NT00,02NT,Design Academy Eindhoven,Eindhoven,2021,voltijd,hbo,ma,NL,realisatie,15.0,9.0,0.0,0.0,13.0,9.0,6.0,0.0,Noord-Brabant
594,02NT00,02NT,Design Academy Eindhoven,Eindhoven,2022,voltijd,hbo,ma,NL,realisatie,10.0,0.0,0.0,0.0,9.0,0.0,7.0,0.0,Noord-Brabant
595,02NT00,02NT,Design Academy Eindhoven,Eindhoven,2023,voltijd,hbo,ma,NL,realisatie,16.0,13.0,0.0,0.0,14.0,13.0,0.0,0.0,Noord-Brabant
596,02NT00,02NT,Design Academy Eindhoven,Eindhoven,2024,voltijd,hbo,ma,NL,realisatie,17.0,0.0,0.0,0.0,14.0,0.0,12.0,0.0,Noord-Brabant
597,02NT00,02NT,Design Academy Eindhoven,Eindhoven,2017,voltijd,hbo,ma,niet-EER,realisatie,59.0,36.0,36.0,23.0,0.0,36.0,23.0,0.0,Noord-Brabant
598,02NT00,02NT,Design Academy Eindhoven,Eindhoven,2018,voltijd,hbo,ma,niet-EER,realisatie,55.0,26.0,23.0,30.0,0.0,25.0,29.0,0.0,Noord-Brabant
599,02NT00,02NT,Design Academy Eindhoven,Eindhoven,2019,voltijd,hbo,ma,niet-EER,realisatie,57.0,33.0,30.0,20.0,7.0,31.0,22.0,0.0,Noord-Brabant
600,02NT00,02NT,Design Academy Eindhoven,Eindhoven,2020,voltijd,hbo,ma,niet-EER,realisatie,53.0,30.0,29.0,20.0,0.0,30.0,20.0,0.0,Noord-Brabant
601,02NT00,02NT,Design Academy Eindhoven,Eindhoven,2021,voltijd,hbo,ma,niet-EER,realisatie,77.0,48.0,44.0,29.0,0.0,46.0,30.0,0.0,Noord-Brabant
602,02NT00,02NT,Design Academy Eindhoven,Eindhoven,2022,voltijd,hbo,ma,niet-EER,realisatie,66.0,22.0,20.0,42.0,0.0,21.0,44.0,0.0,Noord-Brabant
603,02NT00,02NT,Design Academy Eindhoven,Eindhoven,2023,voltijd,hbo,ma,niet-EER,realisatie,61.0,40.0,38.0,19.0,0.0,39.0,20.0,0.0,Noord-Brabant
604,02NT00,02NT,Design Academy Eindhoven,Eindhoven,2024,voltijd,hbo,ma,niet-EER,realisatie,65.0,29.0,29.0,32.0,0.0,29.0,33.0,0.0,Noord-Brabant
605,07GR00,07GR,Avans Hogeschool,Breda,2017,deeltijd,hbo,ad,EER,realisatie,0.0,0.0,0.0,0.0,0.0,0.0,0.0,0.0,Noord-Brabant
606,07GR00,07GR,Avans Hogeschool,Breda,2018,deeltijd,hbo,ad,EER,realisatie,0.0,0.0,0.0,0.0,0.0,0.0,0.0,0.0,Noord-Brabant
607,07GR00,07GR,Avans Hogeschool,Breda,2019,deeltijd,hbo,ad,EER,realisatie,0.0,0.0,0.0,0.0,0.0,0.0,0.0,0.0,Noord-Brabant
608,07GR00,07GR,Avans Hogeschool,Breda,2020,deeltijd,hbo,ad,EER,realisatie,6.0,0.0,0.0,0.0,0.0,0.0,0.0,0.0,Noord-Brabant
609,07GR00,07GR,Avans Hogeschool,Breda,2021,deeltijd,hbo,ad,EER,realisatie,0.0,0.0,0.0,0.0,0.0,0.0,0.0,0.0,Noord-Brabant
610,07GR00,07GR,Avans Hogeschool,Breda,2022,deeltijd,hbo,ad,EER,realisatie,0.0,0.0,0.0,0.0,0.0,0.0,0.0,0.0,Noord-Brabant
611,07GR00,07GR,Avans Hogeschool,Breda,2023,deeltijd,hbo,ad,EER,realisatie,7.0,0.0,0.0,0.0,0.0,0.0,0.0,0.0,Noord-Brabant
612,07GR00,07GR,Avans Hogeschool,Breda,2024,deeltijd,hbo,ad,EER,realisatie,10.0,0.0,0.0,0.0,0.0,0.0,0.0,0.0,Noord-Brabant
613,07GR00,07GR,Avans Hogeschool,Breda,2017,deeltijd,hbo,ad,NL,realisatie,449.0,264.0,146.0,127.0,176.0,249.0,145.0,55.0,Noord-Brabant
614,07GR00,07GR,Avans Hogeschool,Breda,2018,deeltijd,hbo,ad,NL,realisatie,521.0,302.0,158.0,144.0,219.0,286.0,160.0,75.0,Noord-Brabant
615,07GR00,07GR,Avans Hogeschool,Breda,2019,deeltijd,hbo,ad,NL,realisatie,644.0,375.0,216.0,164.0,264.0,358.0,200.0,86.0,Noord-Brabant
616,07GR00,07GR,Avans Hogeschool,Breda,2020,deeltijd,hbo,ad,NL,realisatie,813.0,442.0,251.0,222.0,340.0,414.0,270.0,129.0,Noord-Brabant
617,07GR00,07GR,Avans Hogeschool,Breda,2021,deeltijd,hbo,ad,NL,realisatie,849.0,441.0,268.0,231.0,350.0,419.0,287.0,143.0,Noord-Brabant
618,07GR00,07GR,Avans Hogeschool,Breda,2022,deeltijd,hbo,ad,NL,realisatie,858.0,432.0,246.0,253.0,359.0,409.0,303.0,146.0,Noord-Brabant
619,07GR00,07GR,Avans Hogeschool,Breda,2023,deeltijd,hbo,ad,NL,realisatie,811.0,404.0,204.0,221.0,386.0,382.0,268.0,161.0,Noord-Brabant
620,07GR00,07GR,Avans Hogeschool,Breda,2024,deeltijd,hbo,ad,NL,realisatie,814.0,414.0,234.0,201.0,379.0,386.0,280.0,148.0,Noord-Brabant
621,07GR00,07GR,Avans Hogeschool,Breda,2019,deeltijd,hbo,ad,niet-EER,realisatie,0.0,0.0,0.0,0.0,0.0,0.0,0.0,0.0,Noord-Brabant
622,07GR00,07GR,Avans Hogeschool,Breda,2021,deeltijd,hbo,ad,niet-EER,realisatie,0.0,0.0,0.0,0.0,0.0,0.0,0.0,0.0,Noord-Brabant
623,07GR00,07GR,Avans Hogeschool,Breda,2023,deeltijd,hbo,ad,niet-EER,realisatie,0.0,0.0,0.0,0.0,0.0,0.0,0.0,0.0,Noord-Brabant
624,07GR00,07GR,Avans Hogeschool,Breda,2017,deeltijd,hbo,ba,EER,realisatie,15.0,0.0,0.0,0.0,12.0,0.0,0.0,11.0,Noord-Brabant
625,07GR00,07GR,Avans Hogeschool,Breda,2018,deeltijd,hbo,ba,EER,realisatie,15.0,0.0,0.0,0.0,12.0,0.0,0.0,9.0,Noord-Brabant
626,07GR00,07GR,Avans Hogeschool,Breda,2019,deeltijd,hbo,ba,EER,realisatie,14.0,6.0,6.0,0.0,7.0,6.0,0.0,6.0,Noord-Brabant
627,07GR00,07GR,Avans Hogeschool,Breda,2020,deeltijd,hbo,ba,EER,realisatie,9.0,0.0,0.0,0.0,6.0,0.0,0.0,0.0,Noord-Brabant
628,07GR00,07GR,Avans Hogeschool,Breda,2021,deeltijd,hbo,ba,EER,realisatie,9.0,0.0,0.0,0.0,8.0,0.0,0.0,6.0,Noord-Brabant
629,07GR00,07GR,Avans Hogeschool,Breda,2022,deeltijd,hbo,ba,EER,realisatie,16.0,11.0,0.0,0.0,8.0,7.0,0.0,0.0,Noord-Brabant
630,07GR00,07GR,Avans Hogeschool,Breda,2023,deeltijd,hbo,ba,EER,realisatie,19.0,12.0,8.0,0.0,8.0,10.0,0.0,0.0,Noord-Brabant
631,07GR00,07GR,Avans Hogeschool,Breda,2024,deeltijd,hbo,ba,EER,realisatie,16.0,0.0,0.0,6.0,8.0,0.0,8.0,6.0,Noord-Brabant
632,07GR00,07GR,Avans Hogeschool,Breda,2017,deeltijd,hbo,ba,NL,realisatie,1867.0,582.0,312.0,279.0,1276.0,336.0,308.0,1223.0,Noord-Brabant
633,07GR00,07GR,Avans Hogeschool,Breda,2018,deeltijd,hbo,ba,NL,realisatie,1878.0,642.0,337.0,281.0,1260.0,380.0,319.0,1179.0,Noord-Brabant
634,07GR00,07GR,Avans Hogeschool,Breda,2019,deeltijd,hbo,ba,NL,realisatie,2026.0,779.0,382.0,352.0,1292.0,443.0,397.0,1186.0,Noord-Brabant
635,07GR00,07GR,Avans Hogeschool,Breda,2020,deeltijd,hbo,ba,NL,realisatie,2109.0,697.0,322.0,372.0,1415.0,397.0,441.0,1271.0,Noord-Brabant
636,07GR00,07GR,Avans Hogeschool,Breda,2021,deeltijd,hbo,ba,NL,realisatie,2133.0,703.0,273.0,307.0,1553.0,370.0,418.0,1345.0,Noord-Brabant
637,07GR00,07GR,Avans Hogeschool,Breda,2022,deeltijd,hbo,ba,NL,realisatie,2007.0,644.0,263.0,256.0,1488.0,351.0,377.0,1279.0,Noord-Brabant
638,07GR00,07GR,Avans Hogeschool,Breda,2023,deeltijd,hbo,ba,NL,realisatie,1862.0,594.0,235.0,243.0,1384.0,323.0,349.0,1190.0,Noord-Brabant
639,07GR00,07GR,Avans Hogeschool,Breda,2024,deeltijd,hbo,ba,NL,realisatie,1747.0,569.0,220.0,231.0,1296.0,300.0,336.0,1111.0,Noord-Brabant
640,07GR00,07GR,Avans Hogeschool,Breda,2017,deeltijd,hbo,ba,niet-EER,realisatie,6.0,0.0,0.0,0.0,6.0,0.0,0.0,0.0,Noord-Brabant
641,07GR00,07GR,Avans Hogeschool,Breda,2018,deeltijd,hbo,ba,niet-EER,realisatie,0.0,0.0,0.0,0.0,0.0,0.0,0.0,0.0,Noord-Brabant
642,07GR00,07GR,Avans Hogeschool,Breda,2019,deeltijd,hbo,ba,niet-EER,realisatie,0.0,0.0,0.0,0.0,0.0,0.0,0.0,0.0,Noord-Brabant
643,07GR00,07GR,Avans Hogeschool,Breda,2020,deeltijd,hbo,ba,niet-EER,realisatie,0.0,0.0,0.0,0.0,0.0,0.0,0.0,0.0,Noord-Brabant
644,07GR00,07GR,Avans Hogeschool,Breda,2021,deeltijd,hbo,ba,niet-EER,realisatie,0.0,0.0,0.0,0.0,0.0,0.0,0.0,0.0,Noord-Brabant
645,07GR00,07GR,Avans Hogeschool,Breda,2022,deeltijd,hbo,ba,niet-EER,realisatie,0.0,0.0,0.0,0.0,0.0,0.0,0.0,0.0,Noord-Brabant
646,07GR00,07GR,Avans Hogeschool,Breda,2023,deeltijd,hbo,ba,niet-EER,realisatie,0.0,0.0,0.0,0.0,0.0,0.0,0.0,0.0,Noord-Brabant
647,07GR00,07GR,Avans Hogeschool,Breda,2024,deeltijd,hbo,ba,niet-EER,realisatie,0.0,0.0,0.0,0.0,0.0,0.0,0.0,0.0,Noord-Brabant
648,07GR00,07GR,Avans Hogeschool,Breda,2017,voltijd,hbo,ba,EER,realisatie,384.0,116.0,112.0,110.0,162.0,112.0,111.0,161.0,Noord-Brabant
649,07GR00,07GR,Avans Hogeschool,Breda,2018,voltijd,hbo,ba,EER,realisatie,349.0,101.0,98.0,93.0,158.0,98.0,93.0,158.0,Noord-Brabant
650,07GR00,07GR,Avans Hogeschool,Breda,2019,voltijd,hbo,ba,EER,realisatie,348.0,127.0,125.0,71.0,152.0,126.0,71.0,151.0,Noord-Brabant
651,07GR00,07GR,Avans Hogeschool,Breda,2020,voltijd,hbo,ba,EER,realisatie,358.0,120.0,118.0,97.0,143.0,118.0,98.0,142.0,Noord-Brabant
652,07GR00,07GR,Avans Hogeschool,Breda,2021,voltijd,hbo,ba,EER,realisatie,417.0,161.0,152.0,109.0,156.0,153.0,109.0,155.0,Noord-Brabant
653,07GR00,07GR,Avans Hogeschool,Breda,2022,voltijd,hbo,ba,EER,realisatie,493.0,164.0,156.0,130.0,207.0,160.0,128.0,205.0,Noord-Brabant
654,07GR00,07GR,Avans Hogeschool,Breda,2023,voltijd,hbo,ba,EER,realisatie,532.0,170.0,165.0,144.0,223.0,170.0,144.0,218.0,Noord-Brabant
655,07GR00,07GR,Avans Hogeschool,Breda,2024,voltijd,hbo,ba,EER,realisatie,558.0,158.0,152.0,148.0,258.0,154.0,151.0,253.0,Noord-Brabant
656,07GR00,07GR,Avans Hogeschool,Breda,2017,voltijd,hbo,ba,NL,realisatie,12471.0,3154.0,2847.0,2629.0,6995.0,2913.0,2647.0,6911.0,Noord-Brabant
657,07GR00,07GR,Avans Hogeschool,Breda,2018,voltijd,hbo,ba,NL,realisatie,12512.0,3142.0,2832.0,2552.0,7128.0,2908.0,2560.0,7044.0,Noord-Brabant
658,07GR00,07GR,Avans Hogeschool,Breda,2019,voltijd,hbo,ba,NL,realisatie,12504.0,3246.0,2916.0,2515.0,7073.0,3016.0,2509.0,6979.0,Noord-Brabant
659,07GR00,07GR,Avans Hogeschool,Breda,2020,voltijd,hbo,ba,NL,realisatie,12931.0,3455.0,3095.0,2645.0,7191.0,3208.0,2680.0,7043.0,Noord-Brabant
660,07GR00,07GR,Avans Hogeschool,Breda,2021,voltijd,hbo,ba,NL,realisatie,12763.0,3056.0,2765.0,2778.0,7220.0,2863.0,2858.0,7042.0,Noord-Brabant
661,07GR00,07GR,Avans Hogeschool,Breda,2022,voltijd,hbo,ba,NL,realisatie,12214.0,2813.0,2492.0,2375.0,7347.0,2613.0,2435.0,7166.0,Noord-Brabant
662,07GR00,07GR,Avans Hogeschool,Breda,2023,voltijd,hbo,ba,NL,realisatie,11251.0,2607.0,2255.0,2051.0,6945.0,2388.0,2086.0,6777.0,Noord-Brabant
663,07GR00,07GR,Avans Hogeschool,Breda,2024,voltijd,hbo,ba,NL,realisatie,10733.0,2611.0,2264.0,2023.0,6446.0,2379.0,2104.0,6250.0,Noord-Brabant
664,07GR00,07GR,Avans Hogeschool,Breda,2017,voltijd,hbo,ba,niet-EER,realisatie,81.0,26.0,25.0,19.0,37.0,25.0,19.0,37.0,Noord-Brabant
665,07GR00,07GR,Avans Hogeschool,Breda,2018,voltijd,hbo,ba,niet-EER,realisatie,75.0,20.0,20.0,13.0,42.0,20.0,13.0,42.0,Noord-Brabant
666,07GR00,07GR,Avans Hogeschool,Breda,2019,voltijd,hbo,ba,niet-EER,realisatie,77.0,23.0,20.0,19.0,38.0,20.0,19.0,38.0,Noord-Brabant
667,07GR00,07GR,Avans Hogeschool,Breda,2020,voltijd,hbo,ba,niet-EER,realisatie,77.0,23.0,23.0,15.0,39.0,23.0,15.0,39.0,Noord-Brabant
668,07GR00,07GR,Avans Hogeschool,Breda,2021,voltijd,hbo,ba,niet-EER,realisatie,86.0,36.0,35.0,21.0,30.0,35.0,21.0,30.0,Noord-Brabant
669,07GR00,07GR,Avans Hogeschool,Breda,2022,voltijd,hbo,ba,niet-EER,realisatie,105.0,38.0,32.0,31.0,42.0,32.0,31.0,42.0,Noord-Brabant
670,07GR00,07GR,Avans Hogeschool,Breda,2023,voltijd,hbo,ba,niet-EER,realisatie,112.0,35.0,34.0,24.0,54.0,35.0,23.0,54.0,Noord-Brabant
671,07GR00,07GR,Avans Hogeschool,Breda,2024,voltijd,hbo,ba,niet-EER,realisatie,115.0,34.0,30.0,29.0,56.0,31.0,29.0,55.0,Noord-Brabant
672,07GR04,07GR,Avans Hogeschool,Tilburg,2017,deeltijd,hbo,ba,EER,realisatie,0.0,0.0,0.0,0.0,0.0,0.0,0.0,0.0,Noord-Brabant
673,07GR04,07GR,Avans Hogeschool,Tilburg,2018,deeltijd,hbo,ba,EER,realisatie,0.0,0.0,0.0,0.0,0.0,0.0,0.0,0.0,Noord-Brabant
674,07GR04,07GR,Avans Hogeschool,Tilburg,2022,deeltijd,hbo,ba,EER,realisatie,0.0,0.0,0.0,0.0,0.0,0.0,0.0,0.0,Noord-Brabant
675,07GR04,07GR,Avans Hogeschool,Tilburg,2023,deeltijd,hbo,ba,EER,realisatie,0.0,0.0,0.0,0.0,0.0,0.0,0.0,0.0,Noord-Brabant
676,07GR04,07GR,Avans Hogeschool,Tilburg,2024,deeltijd,hbo,ba,EER,realisatie,0.0,0.0,0.0,0.0,0.0,0.0,0.0,0.0,Noord-Brabant
677,07GR04,07GR,Avans Hogeschool,Tilburg,2017,deeltijd,hbo,ba,NL,realisatie,130.0,40.0,27.0,27.0,76.0,27.0,28.0,75.0,Noord-Brabant
678,07GR04,07GR,Avans Hogeschool,Tilburg,2018,deeltijd,hbo,ba,NL,realisatie,136.0,36.0,26.0,28.0,82.0,26.0,28.0,82.0,Noord-Brabant
679,07GR04,07GR,Avans Hogeschool,Tilburg,2019,deeltijd,hbo,ba,NL,realisatie,145.0,40.0,29.0,24.0,92.0,30.0,24.0,91.0,Noord-Brabant
680,07GR04,07GR,Avans Hogeschool,Tilburg,2020,deeltijd,hbo,ba,NL,realisatie,143.0,40.0,29.0,31.0,83.0,30.0,32.0,81.0,Noord-Brabant
681,07GR04,07GR,Avans Hogeschool,Tilburg,2021,deeltijd,hbo,ba,NL,realisatie,143.0,34.0,24.0,25.0,94.0,24.0,26.0,93.0,Noord-Brabant
682,07GR04,07GR,Avans Hogeschool,Tilburg,2022,deeltijd,hbo,ba,NL,realisatie,135.0,32.0,22.0,16.0,97.0,22.0,19.0,94.0,Noord-Brabant
683,07GR04,07GR,Avans Hogeschool,Tilburg,2023,deeltijd,hbo,ba,NL,realisatie,120.0,39.0,22.0,21.0,77.0,22.0,22.0,76.0,Noord-Brabant
684,07GR04,07GR,Avans Hogeschool,Tilburg,2024,deeltijd,hbo,ba,NL,realisatie,95.0,23.0,15.0,17.0,63.0,15.0,19.0,61.0,Noord-Brabant
685,07GR04,07GR,Avans Hogeschool,Tilburg,2017,voltijd,hbo,ba,EER,realisatie,0.0,0.0,0.0,0.0,0.0,0.0,0.0,0.0,Noord-Brabant
686,07GR04,07GR,Avans Hogeschool,Tilburg,2018,voltijd,hbo,ba,EER,realisatie,0.0,0.0,0.0,0.0,0.0,0.0,0.0,0.0,Noord-Brabant
687,07GR04,07GR,Avans Hogeschool,Tilburg,2019,voltijd,hbo,ba,EER,realisatie,0.0,0.0,0.0,0.0,0.0,0.0,0.0,0.0,Noord-Brabant
688,07GR04,07GR,Avans Hogeschool,Tilburg,2020,voltijd,hbo,ba,EER,realisatie,6.0,0.0,0.0,0.0,0.0,0.0,0.0,0.0,Noord-Brabant
689,07GR04,07GR,Avans Hogeschool,Tilburg,2021,voltijd,hbo,ba,EER,realisatie,0.0,0.0,0.0,0.0,0.0,0.0,0.0,0.0,Noord-Brabant
690,07GR04,07GR,Avans Hogeschool,Tilburg,2022,voltijd,hbo,ba,EER,realisatie,0.0,0.0,0.0,0.0,0.0,0.0,0.0,0.0,Noord-Brabant
691,07GR04,07GR,Avans Hogeschool,Tilburg,2023,voltijd,hbo,ba,EER,realisatie,0.0,0.0,0.0,0.0,0.0,0.0,0.0,0.0,Noord-Brabant
692,07GR04,07GR,Avans Hogeschool,Tilburg,2024,voltijd,hbo,ba,EER,realisatie,6.0,0.0,0.0,0.0,0.0,0.0,0.0,0.0,Noord-Brabant
693,07GR04,07GR,Avans Hogeschool,Tilburg,2017,voltijd,hbo,ba,NL,realisatie,1174.0,263.0,226.0,216.0,732.0,235.0,219.0,720.0,Noord-Brabant
694,07GR04,07GR,Avans Hogeschool,Tilburg,2018,voltijd,hbo,ba,NL,realisatie,1135.0,268.0,229.0,234.0,672.0,239.0,235.0,661.0,Noord-Brabant
695,07GR04,07GR,Avans Hogeschool,Tilburg,2019,voltijd,hbo,ba,NL,realisatie,1147.0,306.0,267.0,217.0,663.0,278.0,220.0,649.0,Noord-Brabant
696,07GR04,07GR,Avans Hogeschool,Tilburg,2020,voltijd,hbo,ba,NL,realisatie,1236.0,317.0,287.0,271.0,678.0,300.0,270.0,666.0,Noord-Brabant
697,07GR04,07GR,Avans Hogeschool,Tilburg,2021,voltijd,hbo,ba,NL,realisatie,1212.0,269.0,231.0,257.0,724.0,243.0,268.0,701.0,Noord-Brabant
698,07GR04,07GR,Avans Hogeschool,Tilburg,2022,voltijd,hbo,ba,NL,realisatie,1260.0,318.0,277.0,234.0,749.0,294.0,242.0,724.0,Noord-Brabant
699,07GR04,07GR,Avans Hogeschool,Tilburg,2023,voltijd,hbo,ba,NL,realisatie,1185.0,282.0,232.0,233.0,720.0,256.0,238.0,691.0,Noord-Brabant
700,07GR04,07GR,Avans Hogeschool,Tilburg,2024,voltijd,hbo,ba,NL,realisatie,1263.0,332.0,287.0,226.0,750.0,305.0,244.0,714.0,Noord-Brabant
701,07GR04,07GR,Avans Hogeschool,Tilburg,2017,voltijd,hbo,ba,niet-EER,realisatie,0.0,0.0,0.0,0.0,0.0,0.0,0.0,0.0,Noord-Brabant
702,07GR04,07GR,Avans Hogeschool,Tilburg,2018,voltijd,hbo,ba,niet-EER,realisatie,6.0,0.0,0.0,0.0,0.0,0.0,0.0,0.0,Noord-Brabant
703,07GR04,07GR,Avans Hogeschool,Tilburg,2019,voltijd,hbo,ba,niet-EER,realisatie,0.0,0.0,0.0,0.0,0.0,0.0,0.0,0.0,Noord-Brabant
704,07GR04,07GR,Avans Hogeschool,Tilburg,2020,voltijd,hbo,ba,niet-EER,realisatie,6.0,0.0,0.0,0.0,0.0,0.0,0.0,0.0,Noord-Brabant
705,07GR04,07GR,Avans Hogeschool,Tilburg,2021,voltijd,hbo,ba,niet-EER,realisatie,0.0,0.0,0.0,0.0,0.0,0.0,0.0,0.0,Noord-Brabant
706,07GR04,07GR,Avans Hogeschool,Tilburg,2022,voltijd,hbo,ba,niet-EER,realisatie,0.0,0.0,0.0,0.0,0.0,0.0,0.0,0.0,Noord-Brabant
707,07GR04,07GR,Avans Hogeschool,Tilburg,2023,voltijd,hbo,ba,niet-EER,realisatie,0.0,0.0,0.0,0.0,0.0,0.0,0.0,0.0,Noord-Brabant
708,07GR04,07GR,Avans Hogeschool,Tilburg,2024,voltijd,hbo,ba,niet-EER,realisatie,0.0,0.0,0.0,0.0,0.0,0.0,0.0,0.0,Noord-Brabant
709,07GR06,07GR,Avans Hogeschool,'s-Hertogenbosch,2017,deeltijd,hbo,ad,EER,realisatie,0.0,0.0,0.0,0.0,0.0,0.0,0.0,0.0,Noord-Brabant
710,07GR06,07GR,Avans Hogeschool,'s-Hertogenbosch,2018,deeltijd,hbo,ad,EER,realisatie,0.0,0.0,0.0,0.0,0.0,0.0,0.0,0.0,Noord-Brabant
711,07GR06,07GR,Avans Hogeschool,'s-Hertogenbosch,2020,deeltijd,hbo,ad,EER,realisatie,0.0,0.0,0.0,0.0,0.0,0.0,0.0,0.0,Noord-Brabant
712,07GR06,07GR,Avans Hogeschool,'s-Hertogenbosch,2021,deeltijd,hbo,ad,EER,realisatie,0.0,0.0,0.0,0.0,0.0,0.0,0.0,0.0,Noord-Brabant
713,07GR06,07GR,Avans Hogeschool,'s-Hertogenbosch,2022,deeltijd,hbo,ad,EER,realisatie,0.0,0.0,0.0,0.0,0.0,0.0,0.0,0.0,Noord-Brabant
714,07GR06,07GR,Avans Hogeschool,'s-Hertogenbosch,2023,deeltijd,hbo,ad,EER,realisatie,7.0,0.0,0.0,0.0,0.0,0.0,0.0,0.0,Noord-Brabant
715,07GR06,07GR,Avans Hogeschool,'s-Hertogenbosch,2024,deeltijd,hbo,ad,EER,realisatie,0.0,0.0,0.0,0.0,0.0,0.0,0.0,0.0,Noord-Brabant
716,07GR06,07GR,Avans Hogeschool,'s-Hertogenbosch,2017,deeltijd,hbo,ad,NL,realisatie,493.0,234.0,133.0,129.0,231.0,225.0,152.0,116.0,Noord-Brabant
717,07GR06,07GR,Avans Hogeschool,'s-Hertogenbosch,2018,deeltijd,hbo,ad,NL,realisatie,498.0,244.0,140.0,125.0,233.0,238.0,147.0,113.0,Noord-Brabant
718,07GR06,07GR,Avans Hogeschool,'s-Hertogenbosch,2019,deeltijd,hbo,ad,NL,realisatie,497.0,229.0,130.0,152.0,215.0,219.0,185.0,93.0,Noord-Brabant
719,07GR06,07GR,Avans Hogeschool,'s-Hertogenbosch,2020,deeltijd,hbo,ad,NL,realisatie,518.0,252.0,142.0,134.0,242.0,243.0,153.0,122.0,Noord-Brabant
720,07GR06,07GR,Avans Hogeschool,'s-Hertogenbosch,2021,deeltijd,hbo,ad,NL,realisatie,540.0,286.0,191.0,147.0,202.0,273.0,177.0,90.0,Noord-Brabant
721,07GR06,07GR,Avans Hogeschool,'s-Hertogenbosch,2022,deeltijd,hbo,ad,NL,realisatie,454.0,219.0,128.0,140.0,186.0,205.0,174.0,75.0,Noord-Brabant
722,07GR06,07GR,Avans Hogeschool,'s-Hertogenbosch,2023,deeltijd,hbo,ad,NL,realisatie,454.0,266.0,168.0,122.0,164.0,248.0,138.0,68.0,Noord-Brabant
723,07GR06,07GR,Avans Hogeschool,'s-Hertogenbosch,2024,deeltijd,hbo,ad,NL,realisatie,559.0,341.0,215.0,153.0,191.0,325.0,175.0,59.0,Noord-Brabant
724,07GR06,07GR,Avans Hogeschool,'s-Hertogenbosch,2017,deeltijd,hbo,ad,niet-EER,realisatie,0.0,0.0,0.0,0.0,0.0,0.0,0.0,0.0,Noord-Brabant
725,07GR06,07GR,Avans Hogeschool,'s-Hertogenbosch,2018,deeltijd,hbo,ad,niet-EER,realisatie,0.0,0.0,0.0,0.0,0.0,0.0,0.0,0.0,Noord-Brabant
726,07GR06,07GR,Avans Hogeschool,'s-Hertogenbosch,2021,deeltijd,hbo,ad,niet-EER,realisatie,0.0,0.0,0.0,0.0,0.0,0.0,0.0,0.0,Noord-Brabant
727,07GR06,07GR,Avans Hogeschool,'s-Hertogenbosch,2022,deeltijd,hbo,ad,niet-EER,realisatie,0.0,0.0,0.0,0.0,0.0,0.0,0.0,0.0,Noord-Brabant
728,07GR06,07GR,Avans Hogeschool,'s-Hertogenbosch,2023,deeltijd,hbo,ad,niet-EER,realisatie,0.0,0.0,0.0,0.0,0.0,0.0,0.0,0.0,Noord-Brabant
729,07GR06,07GR,Avans Hogeschool,'s-Hertogenbosch,2024,deeltijd,hbo,ad,niet-EER,realisatie,0.0,0.0,0.0,0.0,0.0,0.0,0.0,0.0,Noord-Brabant
730,07GR06,07GR,Avans Hogeschool,'s-Hertogenbosch,2017,deeltijd,hbo,ba,EER,realisatie,0.0,0.0,0.0,0.0,0.0,0.0,0.0,0.0,Noord-Brabant
731,07GR06,07GR,Avans Hogeschool,'s-Hertogenbosch,2018,deeltijd,hbo,ba,EER,realisatie,0.0,0.0,0.0,0.0,0.0,0.0,0.0,0.0,Noord-Brabant
732,07GR06,07GR,Avans Hogeschool,'s-Hertogenbosch,2019,deeltijd,hbo,ba,EER,realisatie,0.0,0.0,0.0,0.0,0.0,0.0,0.0,0.0,Noord-Brabant
733,07GR06,07GR,Avans Hogeschool,'s-Hertogenbosch,2020,deeltijd,hbo,ba,EER,realisatie,0.0,0.0,0.0,0.0,0.0,0.0,0.0,0.0,Noord-Brabant
734,07GR06,07GR,Avans Hogeschool,'s-Hertogenbosch,2021,deeltijd,hbo,ba,EER,realisatie,0.0,0.0,0.0,0.0,0.0,0.0,0.0,0.0,Noord-Brabant
735,07GR06,07GR,Avans Hogeschool,'s-Hertogenbosch,2022,deeltijd,hbo,ba,EER,realisatie,0.0,0.0,0.0,0.0,0.0,0.0,0.0,0.0,Noord-Brabant
736,07GR06,07GR,Avans Hogeschool,'s-Hertogenbosch,2023,deeltijd,hbo,ba,EER,realisatie,0.0,0.0,0.0,0.0,0.0,0.0,0.0,0.0,Noord-Brabant
737,07GR06,07GR,Avans Hogeschool,'s-Hertogenbosch,2024,deeltijd,hbo,ba,EER,realisatie,0.0,0.0,0.0,0.0,0.0,0.0,0.0,0.0,Noord-Brabant
738,07GR06,07GR,Avans Hogeschool,'s-Hertogenbosch,2017,deeltijd,hbo,ba,NL,realisatie,647.0,231.0,102.0,96.0,449.0,125.0,156.0,366.0,Noord-Brabant
739,07GR06,07GR,Avans Hogeschool,'s-Hertogenbosch,2018,deeltijd,hbo,ba,NL,realisatie,696.0,284.0,103.0,108.0,485.0,139.0,160.0,397.0,Noord-Brabant
740,07GR06,07GR,Avans Hogeschool,'s-Hertogenbosch,2019,deeltijd,hbo,ba,NL,realisatie,693.0,245.0,95.0,101.0,497.0,139.0,158.0,396.0,Noord-Brabant
741,07GR06,07GR,Avans Hogeschool,'s-Hertogenbosch,2020,deeltijd,hbo,ba,NL,realisatie,744.0,309.0,125.0,87.0,532.0,181.0,165.0,398.0,Noord-Brabant
742,07GR06,07GR,Avans Hogeschool,'s-Hertogenbosch,2021,deeltijd,hbo,ba,NL,realisatie,695.0,276.0,96.0,116.0,483.0,150.0,193.0,352.0,Noord-Brabant
743,07GR06,07GR,Avans Hogeschool,'s-Hertogenbosch,2022,deeltijd,hbo,ba,NL,realisatie,658.0,247.0,76.0,96.0,486.0,144.0,170.0,344.0,Noord-Brabant
744,07GR06,07GR,Avans Hogeschool,'s-Hertogenbosch,2023,deeltijd,hbo,ba,NL,realisatie,665.0,246.0,90.0,78.0,497.0,165.0,144.0,356.0,Noord-Brabant
745,07GR06,07GR,Avans Hogeschool,'s-Hertogenbosch,2024,deeltijd,hbo,ba,NL,realisatie,607.0,250.0,107.0,78.0,422.0,163.0,171.0,273.0,Noord-Brabant
746,07GR06,07GR,Avans Hogeschool,'s-Hertogenbosch,2017,deeltijd,hbo,ba,niet-EER,realisatie,0.0,0.0,0.0,0.0,0.0,0.0,0.0,0.0,Noord-Brabant
747,07GR06,07GR,Avans Hogeschool,'s-Hertogenbosch,2018,deeltijd,hbo,ba,niet-EER,realisatie,0.0,0.0,0.0,0.0,0.0,0.0,0.0,0.0,Noord-Brabant
748,07GR06,07GR,Avans Hogeschool,'s-Hertogenbosch,2019,deeltijd,hbo,ba,niet-EER,realisatie,0.0,0.0,0.0,0.0,0.0,0.0,0.0,0.0,Noord-Brabant
749,07GR06,07GR,Avans Hogeschool,'s-Hertogenbosch,2020,deeltijd,hbo,ba,niet-EER,realisatie,0.0,0.0,0.0,0.0,0.0,0.0,0.0,0.0,Noord-Brabant
750,07GR06,07GR,Avans Hogeschool,'s-Hertogenbosch,2021,deeltijd,hbo,ba,niet-EER,realisatie,0.0,0.0,0.0,0.0,0.0,0.0,0.0,0.0,Noord-Brabant
751,07GR06,07GR,Avans Hogeschool,'s-Hertogenbosch,2022,deeltijd,hbo,ba,niet-EER,realisatie,0.0,0.0,0.0,0.0,0.0,0.0,0.0,0.0,Noord-Brabant
752,07GR06,07GR,Avans Hogeschool,'s-Hertogenbosch,2017,voltijd,hbo,ad,EER,realisatie,0.0,0.0,0.0,0.0,0.0,0.0,0.0,0.0,Noord-Brabant
753,07GR06,07GR,Avans Hogeschool,'s-Hertogenbosch,2018,voltijd,hbo,ad,EER,realisatie,0.0,0.0,0.0,0.0,0.0,0.0,0.0,0.0,Noord-Brabant
754,07GR06,07GR,Avans Hogeschool,'s-Hertogenbosch,2019,voltijd,hbo,ad,EER,realisatie,0.0,0.0,0.0,0.0,0.0,0.0,0.0,0.0,Noord-Brabant
755,07GR06,07GR,Avans Hogeschool,'s-Hertogenbosch,2020,voltijd,hbo,ad,EER,realisatie,6.0,0.0,0.0,0.0,0.0,0.0,0.0,0.0,Noord-Brabant
756,07GR06,07GR,Avans Hogeschool,'s-Hertogenbosch,2021,voltijd,hbo,ad,EER,realisatie,8.0,0.0,0.0,0.0,0.0,0.0,0.0,0.0,Noord-Brabant
757,07GR06,07GR,Avans Hogeschool,'s-Hertogenbosch,2022,voltijd,hbo,ad,EER,realisatie,7.0,0.0,0.0,0.0,0.0,0.0,0.0,0.0,Noord-Brabant
758,07GR06,07GR,Avans Hogeschool,'s-Hertogenbosch,2023,voltijd,hbo,ad,EER,realisatie,0.0,0.0,0.0,0.0,0.0,0.0,0.0,0.0,Noord-Brabant
759,07GR06,07GR,Avans Hogeschool,'s-Hertogenbosch,2024,voltijd,hbo,ad,EER,realisatie,6.0,0.0,0.0,0.0,0.0,0.0,0.0,0.0,Noord-Brabant
760,07GR06,07GR,Avans Hogeschool,'s-Hertogenbosch,2017,voltijd,hbo,ad,NL,realisatie,393.0,341.0,161.0,122.0,110.0,338.0,41.0,14.0,Noord-Brabant
761,07GR06,07GR,Avans Hogeschool,'s-Hertogenbosch,2018,voltijd,hbo,ad,NL,realisatie,857.0,595.0,300.0,260.0,297.0,592.0,251.0,14.0,Noord-Brabant
762,07GR06,07GR,Avans Hogeschool,'s-Hertogenbosch,2019,voltijd,hbo,ad,NL,realisatie,1365.0,867.0,447.0,452.0,466.0,860.0,450.0,55.0,Noord-Brabant
763,07GR06,07GR,Avans Hogeschool,'s-Hertogenbosch,2020,voltijd,hbo,ad,NL,realisatie,1805.0,1046.0,637.0,541.0,627.0,1022.0,664.0,119.0,Noord-Brabant
764,07GR06,07GR,Avans Hogeschool,'s-Hertogenbosch,2021,voltijd,hbo,ad,NL,realisatie,1865.0,885.0,537.0,674.0,654.0,859.0,818.0,188.0,Noord-Brabant
765,07GR06,07GR,Avans Hogeschool,'s-Hertogenbosch,2022,voltijd,hbo,ad,NL,realisatie,1923.0,1032.0,518.0,624.0,781.0,1014.0,669.0,240.0,Noord-Brabant
766,07GR06,07GR,Avans Hogeschool,'s-Hertogenbosch,2023,voltijd,hbo,ad,NL,realisatie,2409.0,1397.0,668.0,695.0,1046.0,1351.0,800.0,258.0,Noord-Brabant
767,07GR06,07GR,Avans Hogeschool,'s-Hertogenbosch,2024,voltijd,hbo,ad,NL,realisatie,2522.0,1152.0,626.0,781.0,1115.0,1116.0,1130.0,276.0,Noord-Brabant
768,07GR06,07GR,Avans Hogeschool,'s-Hertogenbosch,2017,voltijd,hbo,ad,niet-EER,realisatie,0.0,0.0,0.0,0.0,0.0,0.0,0.0,0.0,Noord-Brabant
769,07GR06,07GR,Avans Hogeschool,'s-Hertogenbosch,2018,voltijd,hbo,ad,niet-EER,realisatie,0.0,0.0,0.0,0.0,0.0,0.0,0.0,0.0,Noord-Brabant
770,07GR06,07GR,Avans Hogeschool,'s-Hertogenbosch,2019,voltijd,hbo,ad,niet-EER,realisatie,0.0,0.0,0.0,0.0,0.0,0.0,0.0,0.0,Noord-Brabant
771,07GR06,07GR,Avans Hogeschool,'s-Hertogenbosch,2020,voltijd,hbo,ad,niet-EER,realisatie,0.0,0.0,0.0,0.0,0.0,0.0,0.0,0.0,Noord-Brabant
772,07GR06,07GR,Avans Hogeschool,'s-Hertogenbosch,2021,voltijd,hbo,ad,niet-EER,realisatie,0.0,0.0,0.0,0.0,0.0,0.0,0.0,0.0,Noord-Brabant
773,07GR06,07GR,Avans Hogeschool,'s-Hertogenbosch,2022,voltijd,hbo,ad,niet-EER,realisatie,0.0,0.0,0.0,0.0,0.0,0.0,0.0,0.0,Noord-Brabant
774,07GR06,07GR,Avans Hogeschool,'s-Hertogenbosch,2023,voltijd,hbo,ad,niet-EER,realisatie,0.0,0.0,0.0,0.0,0.0,0.0,0.0,0.0,Noord-Brabant
775,07GR06,07GR,Avans Hogeschool,'s-Hertogenbosch,2024,voltijd,hbo,ad,niet-EER,realisatie,7.0,0.0,0.0,0.0,0.0,0.0,0.0,0.0,Noord-Brabant
776,07GR06,07GR,Avans Hogeschool,'s-Hertogenbosch,2017,voltijd,hbo,ba,EER,realisatie,33.0,12.0,9.0,7.0,17.0,10.0,7.0,16.0,Noord-Brabant
777,07GR06,07GR,Avans Hogeschool,'s-Hertogenbosch,2018,voltijd,hbo,ba,EER,realisatie,30.0,9.0,8.0,8.0,14.0,9.0,7.0,14.0,Noord-Brabant
778,07GR06,07GR,Avans Hogeschool,'s-Hertogenbosch,2019,voltijd,hbo,ba,EER,realisatie,39.0,13.0,13.0,11.0,15.0,13.0,11.0,15.0,Noord-Brabant
779,07GR06,07GR,Avans Hogeschool,'s-Hertogenbosch,2020,voltijd,hbo,ba,EER,realisatie,43.0,14.0,13.0,9.0,21.0,14.0,9.0,20.0,Noord-Brabant
780,07GR06,07GR,Avans Hogeschool,'s-Hertogenbosch,2021,voltijd,hbo,ba,EER,realisatie,53.0,24.0,22.0,10.0,21.0,22.0,12.0,19.0,Noord-Brabant
781,07GR06,07GR,Avans Hogeschool,'s-Hertogenbosch,2022,voltijd,hbo,ba,EER,realisatie,66.0,21.0,20.0,16.0,30.0,20.0,16.0,30.0,Noord-Brabant
782,07GR06,07GR,Avans Hogeschool,'s-Hertogenbosch,2023,voltijd,hbo,ba,EER,realisatie,74.0,28.0,27.0,14.0,33.0,27.0,14.0,33.0,Noord-Brabant
783,07GR06,07GR,Avans Hogeschool,'s-Hertogenbosch,2024,voltijd,hbo,ba,EER,realisatie,80.0,32.0,28.0,22.0,30.0,30.0,21.0,29.0,Noord-Brabant
784,07GR06,07GR,Avans Hogeschool,'s-Hertogenbosch,2017,voltijd,hbo,ba,NL,realisatie,11433.0,2975.0,2686.0,2328.0,6419.0,2765.0,2351.0,6317.0,Noord-Brabant
785,07GR06,07GR,Avans Hogeschool,'s-Hertogenbosch,2018,voltijd,hbo,ba,NL,realisatie,12169.0,3476.0,3145.0,2522.0,6502.0,3261.0,2538.0,6370.0,Noord-Brabant
786,07GR06,07GR,Avans Hogeschool,'s-Hertogenbosch,2019,voltijd,hbo,ba,NL,realisatie,12641.0,3537.0,3138.0,2832.0,6671.0,3259.0,2881.0,6501.0,Noord-Brabant
787,07GR06,07GR,Avans Hogeschool,'s-Hertogenbosch,2020,voltijd,hbo,ba,NL,realisatie,13244.0,3699.0,3314.0,2730.0,7200.0,3423.0,2799.0,7022.0,Noord-Brabant
788,07GR06,07GR,Avans Hogeschool,'s-Hertogenbosch,2021,voltijd,hbo,ba,NL,realisatie,13220.0,3127.0,2796.0,2968.0,7456.0,2880.0,3031.0,7309.0,Noord-Brabant
789,07GR06,07GR,Avans Hogeschool,'s-Hertogenbosch,2022,voltijd,hbo,ba,NL,realisatie,12333.0,2876.0,2543.0,2296.0,7494.0,2656.0,2332.0,7345.0,Noord-Brabant
790,07GR06,07GR,Avans Hogeschool,'s-Hertogenbosch,2023,voltijd,hbo,ba,NL,realisatie,11078.0,2472.0,2068.0,1995.0,7015.0,2198.0,2043.0,6837.0,Noord-Brabant
791,07GR06,07GR,Avans Hogeschool,'s-Hertogenbosch,2024,voltijd,hbo,ba,NL,realisatie,10367.0,2478.0,2110.0,1814.0,6443.0,2217.0,1907.0,6243.0,Noord-Brabant
792,07GR06,07GR,Avans Hogeschool,'s-Hertogenbosch,2017,voltijd,hbo,ba,niet-EER,realisatie,26.0,0.0,0.0,0.0,18.0,0.0,0.0,18.0,Noord-Brabant
793,07GR06,07GR,Avans Hogeschool,'s-Hertogenbosch,2018,voltijd,hbo,ba,niet-EER,realisatie,21.0,0.0,0.0,0.0,16.0,0.0,0.0,16.0,Noord-Brabant
794,07GR06,07GR,Avans Hogeschool,'s-Hertogenbosch,2019,voltijd,hbo,ba,niet-EER,realisatie,33.0,12.0,10.0,0.0,20.0,10.0,0.0,20.0,Noord-Brabant
795,07GR06,07GR,Avans Hogeschool,'s-Hertogenbosch,2020,voltijd,hbo,ba,niet-EER,realisatie,28.0,7.0,0.0,8.0,15.0,0.0,8.0,15.0,Noord-Brabant
796,07GR06,07GR,Avans Hogeschool,'s-Hertogenbosch,2021,voltijd,hbo,ba,niet-EER,realisatie,28.0,11.0,11.0,0.0,13.0,11.0,0.0,13.0,Noord-Brabant
797,07GR06,07GR,Avans Hogeschool,'s-Hertogenbosch,2022,voltijd,hbo,ba,niet-EER,realisatie,34.0,11.0,9.0,9.0,16.0,9.0,9.0,16.0,Noord-Brabant
798,07GR06,07GR,Avans Hogeschool,'s-Hertogenbosch,2023,voltijd,hbo,ba,niet-EER,realisatie,45.0,16.0,14.0,11.0,20.0,15.0,10.0,20.0,Noord-Brabant
799,07GR06,07GR,Avans Hogeschool,'s-Hertogenbosch,2024,voltijd,hbo,ba,niet-EER,realisatie,50.0,13.0,12.0,14.0,24.0,12.0,15.0,23.0,Noord-Brabant
800,07GR06,07GR,Avans Hogeschool,'s-Hertogenbosch,2017,voltijd,hbo,ma,EER,realisatie,18.0,9.0,9.0,9.0,0.0,9.0,9.0,0.0,Noord-Brabant
801,07GR06,07GR,Avans Hogeschool,'s-Hertogenbosch,2018,voltijd,hbo,ma,EER,realisatie,17.0,13.0,12.0,0.0,0.0,13.0,0.0,0.0,Noord-Brabant
802,07GR06,07GR,Avans Hogeschool,'s-Hertogenbosch,2019,voltijd,hbo,ma,EER,realisatie,18.0,9.0,9.0,8.0,0.0,9.0,9.0,0.0,Noord-Brabant
803,07GR06,07GR,Avans Hogeschool,'s-Hertogenbosch,2020,voltijd,hbo,ma,EER,realisatie,27.0,19.0,17.0,7.0,0.0,19.0,7.0,0.0,Noord-Brabant
804,07GR06,07GR,Avans Hogeschool,'s-Hertogenbosch,2021,voltijd,hbo,ma,EER,realisatie,37.0,19.0,17.0,15.0,0.0,19.0,17.0,0.0,Noord-Brabant
805,07GR06,07GR,Avans Hogeschool,'s-Hertogenbosch,2022,voltijd,hbo,ma,EER,realisatie,27.0,18.0,15.0,9.0,0.0,18.0,9.0,0.0,Noord-Brabant
806,07GR06,07GR,Avans Hogeschool,'s-Hertogenbosch,2023,voltijd,hbo,ma,EER,realisatie,25.0,16.0,12.0,8.0,0.0,16.0,9.0,0.0,Noord-Brabant
807,07GR06,07GR,Avans Hogeschool,'s-Hertogenbosch,2024,voltijd,hbo,ma,EER,realisatie,16.0,9.0,7.0,6.0,0.0,9.0,7.0,0.0,Noord-Brabant
808,07GR06,07GR,Avans Hogeschool,'s-Hertogenbosch,2017,voltijd,hbo,ma,NL,realisatie,33.0,19.0,0.0,0.0,32.0,19.0,12.0,0.0,Noord-Brabant
809,07GR06,07GR,Avans Hogeschool,'s-Hertogenbosch,2018,voltijd,hbo,ma,NL,realisatie,29.0,23.0,0.0,0.0,27.0,23.0,0.0,0.0,Noord-Brabant
810,07GR06,07GR,Avans Hogeschool,'s-Hertogenbosch,2019,voltijd,hbo,ma,NL,realisatie,41.0,31.0,0.0,0.0,36.0,29.0,11.0,0.0,Noord-Brabant
811,07GR06,07GR,Avans Hogeschool,'s-Hertogenbosch,2020,voltijd,hbo,ma,NL,realisatie,45.0,30.0,0.0,0.0,42.0,30.0,13.0,0.0,Noord-Brabant
812,07GR06,07GR,Avans Hogeschool,'s-Hertogenbosch,2021,voltijd,hbo,ma,NL,realisatie,42.0,26.0,0.0,0.0,39.0,26.0,14.0,0.0,Noord-Brabant
813,07GR06,07GR,Avans Hogeschool,'s-Hertogenbosch,2022,voltijd,hbo,ma,NL,realisatie,31.0,17.0,0.0,0.0,30.0,17.0,12.0,0.0,Noord-Brabant
814,07GR06,07GR,Avans Hogeschool,'s-Hertogenbosch,2023,voltijd,hbo,ma,NL,realisatie,19.0,13.0,0.0,0.0,19.0,13.0,0.0,0.0,Noord-Brabant
815,07GR06,07GR,Avans Hogeschool,'s-Hertogenbosch,2024,voltijd,hbo,ma,NL,realisatie,32.0,28.0,0.0,0.0,32.0,28.0,0.0,0.0,Noord-Brabant
816,07GR06,07GR,Avans Hogeschool,'s-Hertogenbosch,2017,voltijd,hbo,ma,niet-EER,realisatie,20.0,13.0,13.0,7.0,0.0,13.0,7.0,0.0,Noord-Brabant
817,07GR06,07GR,Avans Hogeschool,'s-Hertogenbosch,2018,voltijd,hbo,ma,niet-EER,realisatie,27.0,15.0,15.0,11.0,0.0,15.0,11.0,0.0,Noord-Brabant
818,07GR06,07GR,Avans Hogeschool,'s-Hertogenbosch,2019,voltijd,hbo,ma,niet-EER,realisatie,33.0,24.0,22.0,9.0,0.0,24.0,9.0,0.0,Noord-Brabant
819,07GR06,07GR,Avans Hogeschool,'s-Hertogenbosch,2020,voltijd,hbo,ma,niet-EER,realisatie,30.0,15.0,14.0,14.0,0.0,14.0,15.0,0.0,Noord-Brabant
820,07GR06,07GR,Avans Hogeschool,'s-Hertogenbosch,2021,voltijd,hbo,ma,niet-EER,realisatie,30.0,19.0,19.0,11.0,0.0,19.0,11.0,0.0,Noord-Brabant
821,07GR06,07GR,Avans Hogeschool,'s-Hertogenbosch,2022,voltijd,hbo,ma,niet-EER,realisatie,30.0,18.0,16.0,12.0,0.0,18.0,12.0,0.0,Noord-Brabant
822,07GR06,07GR,Avans Hogeschool,'s-Hertogenbosch,2023,voltijd,hbo,ma,niet-EER,realisatie,29.0,19.0,17.0,8.0,0.0,19.0,10.0,0.0,Noord-Brabant
823,07GR06,07GR,Avans Hogeschool,'s-Hertogenbosch,2024,voltijd,hbo,ma,niet-EER,realisatie,27.0,19.0,19.0,8.0,0.0,19.0,8.0,0.0,Noord-Brabant
824,07GR07,07GR,Avans Hogeschool,Roosendaal,2020,voltijd,hbo,ad,EER,realisatie,0.0,0.0,0.0,0.0,0.0,0.0,0.0,0.0,
825,07GR07,07GR,Avans Hogeschool,Roosendaal,2021,voltijd,hbo,ad,EER,realisatie,0.0,0.0,0.0,0.0,0.0,0.0,0.0,0.0,
826,07GR07,07GR,Avans Hogeschool,Roosendaal,2022,voltijd,hbo,ad,EER,realisatie,0.0,0.0,0.0,0.0,0.0,0.0,0.0,0.0,
827,07GR07,07GR,Avans Hogeschool,Roosendaal,2023,voltijd,hbo,ad,EER,realisatie,0.0,0.0,0.0,0.0,0.0,0.0,0.0,0.0,
828,07GR07,07GR,Avans Hogeschool,Roosendaal,2024,voltijd,hbo,ad,EER,realisatie,0.0,0.0,0.0,0.0,0.0,0.0,0.0,0.0,
829,07GR07,07GR,Avans Hogeschool,Roosendaal,2018,voltijd,hbo,ad,NL,realisatie,132.0,130.0,56.0,34.0,42.0,130.0,0.0,0.0,
830,07GR07,07GR,Avans Hogeschool,Roosendaal,2019,voltijd,hbo,ad,NL,realisatie,282.0,172.0,98.0,83.0,101.0,168.0,107.0,7.0,
831,07GR07,07GR,Avans Hogeschool,Roosendaal,2020,voltijd,hbo,ad,NL,realisatie,362.0,184.0,108.0,124.0,130.0,178.0,145.0,39.0,
832,07GR07,07GR,Avans Hogeschool,Roosendaal,2021,voltijd,hbo,ad,NL,realisatie,393.0,185.0,109.0,111.0,173.0,178.0,143.0,72.0,
833,07GR07,07GR,Avans Hogeschool,Roosendaal,2022,voltijd,hbo,ad,NL,realisatie,421.0,207.0,122.0,122.0,177.0,204.0,137.0,80.0,
834,07GR07,07GR,Avans Hogeschool,Roosendaal,2023,voltijd,hbo,ad,NL,realisatie,441.0,218.0,107.0,136.0,198.0,210.0,154.0,77.0,
835,07GR07,07GR,Avans Hogeschool,Roosendaal,2024,voltijd,hbo,ad,NL,realisatie,391.0,163.0,96.0,110.0,185.0,157.0,157.0,77.0,
836,07GR07,07GR,Avans Hogeschool,Roosendaal,2020,voltijd,hbo,ad,niet-EER,realisatie,0.0,0.0,0.0,0.0,0.0,0.0,0.0,0.0,
837,07GR07,07GR,Avans Hogeschool,Roosendaal,2021,voltijd,hbo,ad,niet-EER,realisatie,0.0,0.0,0.0,0.0,0.0,0.0,0.0,0.0,
838,07GR07,07GR,Avans Hogeschool,Roosendaal,2023,voltijd,hbo,ad,niet-EER,realisatie,0.0,0.0,0.0,0.0,0.0,0.0,0.0,0.0,
839,07GR07,07GR,Avans Hogeschool,Roosendaal,2024,voltijd,hbo,ad,niet-EER,realisatie,0.0,0.0,0.0,0.0,0.0,0.0,0.0,0.0,
840,08OK00,08OK,Pedagogische Hogeschool De Kempel,Helmond,2021,deeltijd,hbo,ba,EER,realisatie,0.0,0.0,0.0,0.0,0.0,0.0,0.0,0.0,
841,08OK00,08OK,Pedagogische Hogeschool De Kempel,Helmond,2022,deeltijd,hbo,ba,EER,realisatie,0.0,0.0,0.0,0.0,0.0,0.0,0.0,0.0,
842,08OK00,08OK,Pedagogische Hogeschool De Kempel,Helmond,2023,deeltijd,hbo,ba,EER,realisatie,0.0,0.0,0.0,0.0,0.0,0.0,0.0,0.0,
843,08OK00,08OK,Pedagogische Hogeschool De Kempel,Helmond,2017,deeltijd,hbo,ba,NL,realisatie,75.0,37.0,0.0,0.0,75.0,11.0,0.0,60.0,
844,08OK00,08OK,Pedagogische Hogeschool De Kempel,Helmond,2018,deeltijd,hbo,ba,NL,realisatie,89.0,33.0,0.0,0.0,85.0,10.0,12.0,67.0,
845,08OK00,08OK,Pedagogische Hogeschool De Kempel,Helmond,2019,deeltijd,hbo,ba,NL,realisatie,82.0,37.0,0.0,0.0,82.0,6.0,6.0,70.0,
846,08OK00,08OK,Pedagogische Hogeschool De Kempel,Helmond,2020,deeltijd,hbo,ba,NL,realisatie,117.0,57.0,0.0,0.0,112.0,10.0,9.0,98.0,
847,08OK00,08OK,Pedagogische Hogeschool De Kempel,Helmond,2021,deeltijd,hbo,ba,NL,realisatie,119.0,40.0,0.0,0.0,116.0,12.0,7.0,100.0,
848,08OK00,08OK,Pedagogische Hogeschool De Kempel,Helmond,2022,deeltijd,hbo,ba,NL,realisatie,115.0,29.0,0.0,0.0,112.0,0.0,14.0,96.0,
849,08OK00,08OK,Pedagogische Hogeschool De Kempel,Helmond,2023,deeltijd,hbo,ba,NL,realisatie,96.0,20.0,0.0,0.0,94.0,0.0,0.0,88.0,
850,08OK00,08OK,Pedagogische Hogeschool De Kempel,Helmond,2024,deeltijd,hbo,ba,NL,realisatie,118.0,55.0,11.0,11.0,96.0,16.0,17.0,85.0,
851,08OK00,08OK,Pedagogische Hogeschool De Kempel,Helmond,2018,deeltijd,hbo,ma,NL,realisatie,10.0,10.0,0.0,0.0,9.0,8.0,0.0,0.0,
852,08OK00,08OK,Pedagogische Hogeschool De Kempel,Helmond,2019,deeltijd,hbo,ma,NL,realisatie,18.0,8.0,0.0,0.0,17.0,8.0,8.0,0.0,
853,08OK00,08OK,Pedagogische Hogeschool De Kempel,Helmond,2020,deeltijd,hbo,ma,NL,realisatie,9.0,0.0,0.0,0.0,9.0,0.0,6.0,0.0,
854,08OK00,08OK,Pedagogische Hogeschool De Kempel,Helmond,2021,deeltijd,hbo,ma,NL,realisatie,10.0,10.0,0.0,0.0,10.0,8.0,0.0,0.0,
855,08OK00,08OK,Pedagogische Hogeschool De Kempel,Helmond,2022,deeltijd,hbo,ma,NL,realisatie,9.0,0.0,0.0,0.0,9.0,0.0,7.0,0.0,
856,08OK00,08OK,Pedagogische Hogeschool De Kempel,Helmond,2023,deeltijd,hbo,ma,NL,realisatie,0.0,0.0,0.0,0.0,0.0,0.0,0.0,0.0,
857,08OK00,08OK,Pedagogische Hogeschool De Kempel,Helmond,2021,voltijd,hbo,ba,EER,realisatie,0.0,0.0,0.0,0.0,0.0,0.0,0.0,0.0,
858,08OK00,08OK,Pedagogische Hogeschool De Kempel,Helmond,2022,voltijd,hbo,ba,EER,realisatie,0.0,0.0,0.0,0.0,0.0,0.0,0.0,0.0,
859,08OK00,08OK,Pedagogische Hogeschool De Kempel,Helmond,2023,voltijd,hbo,ba,EER,realisatie,0.0,0.0,0.0,0.0,0.0,0.0,0.0,0.0,
860,08OK00,08OK,Pedagogische Hogeschool De Kempel,Helmond,2024,voltijd,hbo,ba,EER,realisatie,0.0,0.0,0.0,0.0,0.0,0.0,0.0,0.0,
861,08OK00,08OK,Pedagogische Hogeschool De Kempel,Helmond,2017,voltijd,hbo,ba,NL,realisatie,694.0,179.0,163.0,174.0,357.0,167.0,174.0,353.0,
862,08OK00,08OK,Pedagogische Hogeschool De Kempel,Helmond,2018,voltijd,hbo,ba,NL,realisatie,701.0,207.0,197.0,145.0,359.0,197.0,148.0,356.0,
863,08OK00,08OK,Pedagogische Hogeschool De Kempel,Helmond,2019,voltijd,hbo,ba,NL,realisatie,732.0,191.0,180.0,191.0,361.0,182.0,190.0,360.0,
864,08OK00,08OK,Pedagogische Hogeschool De Kempel,Helmond,2020,voltijd,hbo,ba,NL,realisatie,799.0,213.0,199.0,188.0,412.0,201.0,189.0,409.0,
865,08OK00,08OK,Pedagogische Hogeschool De Kempel,Helmond,2021,voltijd,hbo,ba,NL,realisatie,814.0,207.0,194.0,197.0,423.0,199.0,194.0,421.0,
866,08OK00,08OK,Pedagogische Hogeschool De Kempel,Helmond,2022,voltijd,hbo,ba,NL,realisatie,881.0,239.0,222.0,194.0,465.0,228.0,195.0,458.0,
867,08OK00,08OK,Pedagogische Hogeschool De Kempel,Helmond,2023,voltijd,hbo,ba,NL,realisatie,931.0,238.0,223.0,210.0,498.0,225.0,214.0,492.0,
868,08OK00,08OK,Pedagogische Hogeschool De Kempel,Helmond,2024,voltijd,hbo,ba,NL,realisatie,978.0,257.0,240.0,212.0,526.0,244.0,211.0,523.0,
869,09OT00,09OT,Iselinge Hogeschool,Doetinchem,2019,deeltijd,hbo,ad,NL,realisatie,41.0,39.0,24.0,13.0,0.0,39.0,0.0,0.0,
870,09OT00,09OT,Iselinge Hogeschool,Doetinchem,2020,deeltijd,hbo,ad,NL,realisatie,77.0,36.0,19.0,33.0,25.0,35.0,40.0,0.0,
871,09OT00,09OT,Iselinge Hogeschool,Doetinchem,2021,deeltijd,hbo,ad,NL,realisatie,69.0,34.0,16.0,29.0,24.0,34.0,33.0,0.0,
872,09OT00,09OT,Iselinge Hogeschool,Doetinchem,2022,deeltijd,hbo,ad,NL,realisatie,79.0,43.0,22.0,25.0,32.0,42.0,29.0,8.0,
873,09OT00,09OT,Iselinge Hogeschool,Doetinchem,2023,deeltijd,hbo,ad,NL,realisatie,108.0,64.0,40.0,31.0,37.0,64.0,36.0,8.0,
874,09OT00,09OT,Iselinge Hogeschool,Doetinchem,2024,deeltijd,hbo,ad,NL,realisatie,120.0,50.0,27.0,50.0,43.0,49.0,61.0,10.0,
875,09OT00,09OT,Iselinge Hogeschool,Doetinchem,2021,deeltijd,hbo,ba,EER,realisatie,0.0,0.0,0.0,0.0,0.0,0.0,0.0,0.0,
876,09OT00,09OT,Iselinge Hogeschool,Doetinchem,2017,deeltijd,hbo,ba,NL,realisatie,58.0,31.0,0.0,0.0,49.0,9.0,9.0,40.0,
877,09OT00,09OT,Iselinge Hogeschool,Doetinchem,2018,deeltijd,hbo,ba,NL,realisatie,67.0,32.0,0.0,7.0,56.0,0.0,11.0,52.0,
878,09OT00,09OT,Iselinge Hogeschool,Doetinchem,2019,deeltijd,hbo,ba,NL,realisatie,71.0,33.0,12.0,0.0,56.0,16.0,0.0,52.0,
879,09OT00,09OT,Iselinge Hogeschool,Doetinchem,2020,deeltijd,hbo,ba,NL,realisatie,79.0,41.0,16.0,11.0,52.0,22.0,14.0,43.0,
880,09OT00,09OT,Iselinge Hogeschool,Doetinchem,2021,deeltijd,hbo,ba,NL,realisatie,73.0,31.0,12.0,12.0,49.0,15.0,16.0,42.0,
881,09OT00,09OT,Iselinge Hogeschool,Doetinchem,2022,deeltijd,hbo,ba,NL,realisatie,98.0,49.0,17.0,14.0,67.0,20.0,18.0,60.0,
882,09OT00,09OT,Iselinge Hogeschool,Doetinchem,2023,deeltijd,hbo,ba,NL,realisatie,90.0,29.0,8.0,8.0,74.0,10.0,13.0,67.0,
883,09OT00,09OT,Iselinge Hogeschool,Doetinchem,2024,deeltijd,hbo,ba,NL,realisatie,97.0,39.0,13.0,12.0,72.0,15.0,16.0,66.0,
884,09OT00,09OT,Iselinge Hogeschool,Doetinchem,2019,voltijd,hbo,ba,EER,realisatie,0.0,0.0,0.0,0.0,0.0,0.0,0.0,0.0,
885,09OT00,09OT,Iselinge Hogeschool,Doetinchem,2020,voltijd,hbo,ba,EER,realisatie,0.0,0.0,0.0,0.0,0.0,0.0,0.0,0.0,
886,09OT00,09OT,Iselinge Hogeschool,Doetinchem,2021,voltijd,hbo,ba,EER,realisatie,0.0,0.0,0.0,0.0,0.0,0.0,0.0,0.0,
887,09OT00,09OT,Iselinge Hogeschool,Doetinchem,2022,voltijd,hbo,ba,EER,realisatie,0.0,0.0,0.0,0.0,0.0,0.0,0.0,0.0,
888,09OT00,09OT,Iselinge Hogeschool,Doetinchem,2023,voltijd,hbo,ba,EER,realisatie,0.0,0.0,0.0,0.0,0.0,0.0,0.0,0.0,
889,09OT00,09OT,Iselinge Hogeschool,Doetinchem,2024,voltijd,hbo,ba,EER,realisatie,0.0,0.0,0.0,0.0,0.0,0.0,0.0,0.0,
890,09OT00,09OT,Iselinge Hogeschool,Doetinchem,2017,voltijd,hbo,ba,NL,realisatie,345.0,100.0,94.0,71.0,180.0,97.0,68.0,180.0,
891,09OT00,09OT,Iselinge Hogeschool,Doetinchem,2018,voltijd,hbo,ba,NL,realisatie,329.0,96.0,90.0,71.0,168.0,90.0,73.0,166.0,
892,09OT00,09OT,Iselinge Hogeschool,Doetinchem,2019,voltijd,hbo,ba,NL,realisatie,322.0,83.0,79.0,70.0,173.0,80.0,69.0,173.0,
893,09OT00,09OT,Iselinge Hogeschool,Doetinchem,2020,voltijd,hbo,ba,NL,realisatie,375.0,128.0,122.0,68.0,185.0,123.0,68.0,184.0,
894,09OT00,09OT,Iselinge Hogeschool,Doetinchem,2021,voltijd,hbo,ba,NL,realisatie,364.0,84.0,83.0,95.0,186.0,83.0,96.0,185.0,
895,09OT00,09OT,Iselinge Hogeschool,Doetinchem,2022,voltijd,hbo,ba,NL,realisatie,369.0,89.0,83.0,75.0,211.0,84.0,75.0,210.0,
896,09OT00,09OT,Iselinge Hogeschool,Doetinchem,2023,voltijd,hbo,ba,NL,realisatie,347.0,74.0,66.0,74.0,207.0,67.0,74.0,206.0,
897,09OT00,09OT,Iselinge Hogeschool,Doetinchem,2024,voltijd,hbo,ba,NL,realisatie,343.0,106.0,103.0,56.0,184.0,104.0,56.0,183.0,
898,09OT00,09OT,Iselinge Hogeschool,Doetinchem,2020,voltijd,hbo,ba,niet-EER,realisatie,0.0,0.0,0.0,0.0,0.0,0.0,0.0,0.0,
899,10IZ00,10IZ,Marnix Academie,Utrecht,2024,deeltijd,hbo,ad,EER,realisatie,0.0,0.0,0.0,0.0,0.0,0.0,0.0,0.0,Utrecht
900,10IZ00,10IZ,Marnix Academie,Utrecht,2021,deeltijd,hbo,ad,NL,realisatie,35.0,35.0,19.0,8.0,8.0,35.0,0.0,0.0,Utrecht
901,10IZ00,10IZ,Marnix Academie,Utrecht,2022,deeltijd,hbo,ad,NL,realisatie,90.0,64.0,45.0,21.0,24.0,63.0,26.0,0.0,Utrecht
902,10IZ00,10IZ,Marnix Academie,Utrecht,2023,deeltijd,hbo,ad,NL,realisatie,118.0,68.0,45.0,42.0,31.0,66.0,46.0,6.0,Utrecht
903,10IZ00,10IZ,Marnix Academie,Utrecht,2024,deeltijd,hbo,ad,NL,realisatie,156.0,93.0,44.0,53.0,59.0,90.0,53.0,13.0,Utrecht
904,10IZ00,10IZ,Marnix Academie,Utrecht,2017,deeltijd,hbo,ba,EER,realisatie,0.0,0.0,0.0,0.0,0.0,0.0,0.0,0.0,Utrecht
905,10IZ00,10IZ,Marnix Academie,Utrecht,2018,deeltijd,hbo,ba,EER,realisatie,0.0,0.0,0.0,0.0,0.0,0.0,0.0,0.0,Utrecht
906,10IZ00,10IZ,Marnix Academie,Utrecht,2019,deeltijd,hbo,ba,EER,realisatie,0.0,0.0,0.0,0.0,0.0,0.0,0.0,0.0,Utrecht
907,10IZ00,10IZ,Marnix Academie,Utrecht,2020,deeltijd,hbo,ba,EER,realisatie,0.0,0.0,0.0,0.0,0.0,0.0,0.0,0.0,Utrecht
908,10IZ00,10IZ,Marnix Academie,Utrecht,2021,deeltijd,hbo,ba,EER,realisatie,0.0,0.0,0.0,0.0,0.0,0.0,0.0,0.0,Utrecht
909,10IZ00,10IZ,Marnix Academie,Utrecht,2022,deeltijd,hbo,ba,EER,realisatie,0.0,0.0,0.0,0.0,0.0,0.0,0.0,0.0,Utrecht
910,10IZ00,10IZ,Marnix Academie,Utrecht,2023,deeltijd,hbo,ba,EER,realisatie,0.0,0.0,0.0,0.0,0.0,0.0,0.0,0.0,Utrecht
911,10IZ00,10IZ,Marnix Academie,Utrecht,2024,deeltijd,hbo,ba,EER,realisatie,0.0,0.0,0.0,0.0,0.0,0.0,0.0,0.0,Utrecht
912,10IZ00,10IZ,Marnix Academie,Utrecht,2017,deeltijd,hbo,ba,NL,realisatie,292.0,144.0,6.0,0.0,285.0,51.0,41.0,200.0,Utrecht
913,10IZ00,10IZ,Marnix Academie,Utrecht,2018,deeltijd,hbo,ba,NL,realisatie,336.0,160.0,6.0,8.0,322.0,60.0,54.0,222.0,Utrecht
914,10IZ00,10IZ,Marnix Academie,Utrecht,2019,deeltijd,hbo,ba,NL,realisatie,397.0,188.0,7.0,11.0,379.0,71.0,58.0,268.0,Utrecht
915,10IZ00,10IZ,Marnix Academie,Utrecht,2020,deeltijd,hbo,ba,NL,realisatie,482.0,206.0,11.0,7.0,464.0,62.0,71.0,349.0,Utrecht
916,10IZ00,10IZ,Marnix Academie,Utrecht,2021,deeltijd,hbo,ba,NL,realisatie,462.0,130.0,0.0,10.0,448.0,44.0,61.0,357.0,Utrecht
917,10IZ00,10IZ,Marnix Academie,Utrecht,2022,deeltijd,hbo,ba,NL,realisatie,359.0,94.0,0.0,0.0,353.0,36.0,36.0,287.0,Utrecht
918,10IZ00,10IZ,Marnix Academie,Utrecht,2023,deeltijd,hbo,ba,NL,realisatie,273.0,77.0,6.0,0.0,266.0,31.0,33.0,209.0,Utrecht
919,10IZ00,10IZ,Marnix Academie,Utrecht,2024,deeltijd,hbo,ba,NL,realisatie,247.0,93.0,0.0,6.0,237.0,26.0,30.0,191.0,Utrecht
920,10IZ00,10IZ,Marnix Academie,Utrecht,2017,deeltijd,hbo,ma,NL,realisatie,131.0,27.0,0.0,0.0,128.0,22.0,79.0,30.0,Utrecht
921,10IZ00,10IZ,Marnix Academie,Utrecht,2018,deeltijd,hbo,ma,NL,realisatie,104.0,60.0,0.0,0.0,103.0,57.0,20.0,27.0,Utrecht
922,10IZ00,10IZ,Marnix Academie,Utrecht,2019,deeltijd,hbo,ma,NL,realisatie,106.0,52.0,0.0,0.0,103.0,47.0,49.0,10.0,Utrecht
923,10IZ00,10IZ,Marnix Academie,Utrecht,2020,deeltijd,hbo,ma,NL,realisatie,88.0,34.0,0.0,0.0,87.0,28.0,41.0,19.0,Utrecht
924,10IZ00,10IZ,Marnix Academie,Utrecht,2021,deeltijd,hbo,ma,NL,realisatie,102.0,57.0,0.0,0.0,102.0,51.0,26.0,25.0,Utrecht
925,10IZ00,10IZ,Marnix Academie,Utrecht,2022,deeltijd,hbo,ma,NL,realisatie,99.0,37.0,0.0,0.0,98.0,36.0,45.0,18.0,Utrecht
926,10IZ00,10IZ,Marnix Academie,Utrecht,2023,deeltijd,hbo,ma,NL,realisatie,80.0,38.0,0.0,0.0,79.0,35.0,27.0,18.0,Utrecht
927,10IZ00,10IZ,Marnix Academie,Utrecht,2024,deeltijd,hbo,ma,NL,realisatie,90.0,44.0,0.0,0.0,87.0,42.0,33.0,15.0,Utrecht
928,10IZ00,10IZ,Marnix Academie,Utrecht,2017,voltijd,hbo,ba,NL,realisatie,995.0,236.0,217.0,222.0,556.0,222.0,225.0,548.0,Utrecht
929,10IZ00,10IZ,Marnix Academie,Utrecht,2018,voltijd,hbo,ba,NL,realisatie,960.0,256.0,236.0,212.0,512.0,242.0,210.0,508.0,Utrecht
930,10IZ00,10IZ,Marnix Academie,Utrecht,2019,voltijd,hbo,ba,NL,realisatie,973.0,262.0,238.0,209.0,526.0,243.0,210.0,520.0,Utrecht
931,10IZ00,10IZ,Marnix Academie,Utrecht,2020,voltijd,hbo,ba,NL,realisatie,1086.0,343.0,316.0,244.0,526.0,323.0,244.0,519.0,Utrecht
932,10IZ00,10IZ,Marnix Academie,Utrecht,2021,voltijd,hbo,ba,NL,realisatie,1066.0,248.0,229.0,258.0,579.0,233.0,259.0,574.0,Utrecht
933,10IZ00,10IZ,Marnix Academie,Utrecht,2022,voltijd,hbo,ba,NL,realisatie,971.0,207.0,189.0,208.0,574.0,194.0,208.0,569.0,Utrecht
934,10IZ00,10IZ,Marnix Academie,Utrecht,2023,voltijd,hbo,ba,NL,realisatie,866.0,196.0,183.0,145.0,538.0,188.0,144.0,534.0,Utrecht
935,10IZ00,10IZ,Marnix Academie,Utrecht,2024,voltijd,hbo,ba,NL,realisatie,785.0,221.0,206.0,153.0,426.0,213.0,153.0,419.0,Utrecht
936,14NI00,14NI,"Codarts, Hogeschool voor de Kunsten",Rotterdam,2017,deeltijd,hbo,ma,EER,realisatie,22.0,0.0,0.0,11.0,11.0,0.0,15.0,7.0,Zuid-Holland
937,14NI00,14NI,"Codarts, Hogeschool voor de Kunsten",Rotterdam,2018,deeltijd,hbo,ma,EER,realisatie,30.0,13.0,10.0,0.0,20.0,13.0,0.0,17.0,Zuid-Holland
938,14NI00,14NI,"Codarts, Hogeschool voor de Kunsten",Rotterdam,2019,deeltijd,hbo,ma,EER,realisatie,16.0,0.0,0.0,9.0,7.0,0.0,12.0,0.0,Zuid-Holland
939,14NI00,14NI,"Codarts, Hogeschool voor de Kunsten",Rotterdam,2020,deeltijd,hbo,ma,EER,realisatie,25.0,13.0,0.0,0.0,20.0,9.0,0.0,14.0,Zuid-Holland
940,14NI00,14NI,"Codarts, Hogeschool voor de Kunsten",Rotterdam,2021,deeltijd,hbo,ma,EER,realisatie,19.0,0.0,0.0,0.0,15.0,0.0,9.0,10.0,Zuid-Holland
941,14NI00,14NI,"Codarts, Hogeschool voor de Kunsten",Rotterdam,2022,deeltijd,hbo,ma,EER,realisatie,21.0,6.0,0.0,0.0,17.0,6.0,0.0,15.0,Zuid-Holland
942,14NI00,14NI,"Codarts, Hogeschool voor de Kunsten",Rotterdam,2023,deeltijd,hbo,ma,EER,realisatie,11.0,0.0,0.0,0.0,7.0,0.0,6.0,0.0,Zuid-Holland
943,14NI00,14NI,"Codarts, Hogeschool voor de Kunsten",Rotterdam,2024,deeltijd,hbo,ma,EER,realisatie,22.0,15.0,11.0,0.0,11.0,13.0,0.0,9.0,Zuid-Holland
944,14NI00,14NI,"Codarts, Hogeschool voor de Kunsten",Rotterdam,2017,deeltijd,hbo,ma,NL,realisatie,22.0,0.0,0.0,0.0,22.0,0.0,10.0,12.0,Zuid-Holland
945,14NI00,14NI,"Codarts, Hogeschool voor de Kunsten",Rotterdam,2018,deeltijd,hbo,ma,NL,realisatie,30.0,15.0,0.0,0.0,28.0,15.0,0.0,15.0,Zuid-Holland
946,14NI00,14NI,"Codarts, Hogeschool voor de Kunsten",Rotterdam,2019,deeltijd,hbo,ma,NL,realisatie,23.0,6.0,0.0,0.0,22.0,0.0,15.0,0.0,Zuid-Holland
947,14NI00,14NI,"Codarts, Hogeschool voor de Kunsten",Rotterdam,2020,deeltijd,hbo,ma,NL,realisatie,28.0,10.0,0.0,0.0,25.0,10.0,0.0,15.0,Zuid-Holland
948,14NI00,14NI,"Codarts, Hogeschool voor de Kunsten",Rotterdam,2021,deeltijd,hbo,ma,NL,realisatie,17.0,0.0,0.0,0.0,15.0,0.0,8.0,9.0,Zuid-Holland
949,14NI00,14NI,"Codarts, Hogeschool voor de Kunsten",Rotterdam,2022,deeltijd,hbo,ma,NL,realisatie,21.0,12.0,0.0,0.0,19.0,11.0,0.0,10.0,Zuid-Holland
950,14NI00,14NI,"Codarts, Hogeschool voor de Kunsten",Rotterdam,2023,deeltijd,hbo,ma,NL,realisatie,10.0,0.0,0.0,0.0,8.0,0.0,7.0,0.0,Zuid-Holland
951,14NI00,14NI,"Codarts, Hogeschool voor de Kunsten",Rotterdam,2024,deeltijd,hbo,ma,NL,realisatie,19.0,12.0,0.0,0.0,19.0,11.0,0.0,8.0,Zuid-Holland
952,14NI00,14NI,"Codarts, Hogeschool voor de Kunsten",Rotterdam,2017,deeltijd,hbo,ma,niet-EER,realisatie,0.0,0.0,0.0,0.0,0.0,0.0,0.0,0.0,Zuid-Holland
953,14NI00,14NI,"Codarts, Hogeschool voor de Kunsten",Rotterdam,2018,deeltijd,hbo,ma,niet-EER,realisatie,0.0,0.0,0.0,0.0,0.0,0.0,0.0,0.0,Zuid-Holland
954,14NI00,14NI,"Codarts, Hogeschool voor de Kunsten",Rotterdam,2019,deeltijd,hbo,ma,niet-EER,realisatie,0.0,0.0,0.0,0.0,0.0,0.0,0.0,0.0,Zuid-Holland
955,14NI00,14NI,"Codarts, Hogeschool voor de Kunsten",Rotterdam,2020,deeltijd,hbo,ma,niet-EER,realisatie,0.0,0.0,0.0,0.0,0.0,0.0,0.0,0.0,Zuid-Holland
956,14NI00,14NI,"Codarts, Hogeschool voor de Kunsten",Rotterdam,2021,deeltijd,hbo,ma,niet-EER,realisatie,0.0,0.0,0.0,0.0,0.0,0.0,0.0,0.0,Zuid-Holland
957,14NI00,14NI,"Codarts, Hogeschool voor de Kunsten",Rotterdam,2022,deeltijd,hbo,ma,niet-EER,realisatie,0.0,0.0,0.0,0.0,0.0,0.0,0.0,0.0,Zuid-Holland
958,14NI00,14NI,"Codarts, Hogeschool voor de Kunsten",Rotterdam,2023,deeltijd,hbo,ma,niet-EER,realisatie,0.0,0.0,0.0,0.0,0.0,0.0,0.0,0.0,Zuid-Holland
959,14NI00,14NI,"Codarts, Hogeschool voor de Kunsten",Rotterdam,2024,deeltijd,hbo,ma,niet-EER,realisatie,7.0,0.0,0.0,0.0,0.0,0.0,0.0,0.0,Zuid-Holland
960,14NI00,14NI,"Codarts, Hogeschool voor de Kunsten",Rotterdam,2017,voltijd,hbo,ba,EER,realisatie,293.0,96.0,94.0,71.0,128.0,94.0,72.0,127.0,Zuid-Holland
961,14NI00,14NI,"Codarts, Hogeschool voor de Kunsten",Rotterdam,2018,voltijd,hbo,ba,EER,realisatie,314.0,98.0,95.0,86.0,133.0,95.0,86.0,133.0,Zuid-Holland
962,14NI00,14NI,"Codarts, Hogeschool voor de Kunsten",Rotterdam,2019,voltijd,hbo,ba,EER,realisatie,323.0,87.0,85.0,88.0,150.0,87.0,88.0,148.0,Zuid-Holland
963,14NI00,14NI,"Codarts, Hogeschool voor de Kunsten",Rotterdam,2020,voltijd,hbo,ba,EER,realisatie,327.0,97.0,93.0,75.0,159.0,94.0,77.0,156.0,Zuid-Holland
964,14NI00,14NI,"Codarts, Hogeschool voor de Kunsten",Rotterdam,2021,voltijd,hbo,ba,EER,realisatie,339.0,94.0,92.0,89.0,158.0,94.0,89.0,156.0,Zuid-Holland
965,14NI00,14NI,"Codarts, Hogeschool voor de Kunsten",Rotterdam,2022,voltijd,hbo,ba,EER,realisatie,339.0,90.0,87.0,83.0,169.0,88.0,84.0,167.0,Zuid-Holland
966,14NI00,14NI,"Codarts, Hogeschool voor de Kunsten",Rotterdam,2023,voltijd,hbo,ba,EER,realisatie,328.0,75.0,72.0,80.0,176.0,73.0,80.0,175.0,Zuid-Holland
967,14NI00,14NI,"Codarts, Hogeschool voor de Kunsten",Rotterdam,2024,voltijd,hbo,ba,EER,realisatie,325.0,94.0,91.0,66.0,168.0,92.0,67.0,166.0,Zuid-Holland
968,14NI00,14NI,"Codarts, Hogeschool voor de Kunsten",Rotterdam,2017,voltijd,hbo,ba,NL,realisatie,416.0,95.0,70.0,67.0,279.0,76.0,69.0,271.0,Zuid-Holland
969,14NI00,14NI,"Codarts, Hogeschool voor de Kunsten",Rotterdam,2018,voltijd,hbo,ba,NL,realisatie,417.0,102.0,75.0,75.0,267.0,83.0,78.0,256.0,Zuid-Holland
970,14NI00,14NI,"Codarts, Hogeschool voor de Kunsten",Rotterdam,2019,voltijd,hbo,ba,NL,realisatie,412.0,98.0,75.0,75.0,262.0,78.0,82.0,252.0,Zuid-Holland
971,14NI00,14NI,"Codarts, Hogeschool voor de Kunsten",Rotterdam,2020,voltijd,hbo,ba,NL,realisatie,431.0,114.0,93.0,79.0,259.0,100.0,83.0,248.0,Zuid-Holland
972,14NI00,14NI,"Codarts, Hogeschool voor de Kunsten",Rotterdam,2021,voltijd,hbo,ba,NL,realisatie,414.0,75.0,64.0,90.0,260.0,68.0,95.0,251.0,Zuid-Holland
973,14NI00,14NI,"Codarts, Hogeschool voor de Kunsten",Rotterdam,2022,voltijd,hbo,ba,NL,realisatie,399.0,78.0,71.0,66.0,262.0,74.0,67.0,258.0,Zuid-Holland
974,14NI00,14NI,"Codarts, Hogeschool voor de Kunsten",Rotterdam,2023,voltijd,hbo,ba,NL,realisatie,420.0,96.0,74.0,76.0,270.0,81.0,75.0,264.0,Zuid-Holland
975,14NI00,14NI,"Codarts, Hogeschool voor de Kunsten",Rotterdam,2024,voltijd,hbo,ba,NL,realisatie,403.0,100.0,77.0,78.0,248.0,82.0,86.0,235.0,Zuid-Holland
976,14NI00,14NI,"Codarts, Hogeschool voor de Kunsten",Rotterdam,2017,voltijd,hbo,ba,niet-EER,realisatie,65.0,24.0,22.0,18.0,25.0,22.0,18.0,25.0,Zuid-Holland
977,14NI00,14NI,"Codarts, Hogeschool voor de Kunsten",Rotterdam,2018,voltijd,hbo,ba,niet-EER,realisatie,65.0,19.0,18.0,21.0,26.0,19.0,20.0,26.0,Zuid-Holland
978,14NI00,14NI,"Codarts, Hogeschool voor de Kunsten",Rotterdam,2019,voltijd,hbo,ba,niet-EER,realisatie,69.0,20.0,19.0,13.0,37.0,19.0,13.0,37.0,Zuid-Holland
979,14NI00,14NI,"Codarts, Hogeschool voor de Kunsten",Rotterdam,2020,voltijd,hbo,ba,niet-EER,realisatie,59.0,15.0,14.0,15.0,30.0,15.0,15.0,29.0,Zuid-Holland
980,14NI00,14NI,"Codarts, Hogeschool voor de Kunsten",Rotterdam,2021,voltijd,hbo,ba,niet-EER,realisatie,57.0,15.0,13.0,11.0,33.0,14.0,12.0,31.0,Zuid-Holland
981,14NI00,14NI,"Codarts, Hogeschool voor de Kunsten",Rotterdam,2022,voltijd,hbo,ba,niet-EER,realisatie,53.0,15.0,14.0,13.0,26.0,14.0,13.0,26.0,Zuid-Holland
982,14NI00,14NI,"Codarts, Hogeschool voor de Kunsten",Rotterdam,2023,voltijd,hbo,ba,niet-EER,realisatie,38.0,6.0,6.0,11.0,21.0,6.0,11.0,21.0,Zuid-Holland
983,14NI00,14NI,"Codarts, Hogeschool voor de Kunsten",Rotterdam,2024,voltijd,hbo,ba,niet-EER,realisatie,36.0,8.0,6.0,0.0,25.0,6.0,0.0,25.0,Zuid-Holland
984,14NI00,14NI,"Codarts, Hogeschool voor de Kunsten",Rotterdam,2017,voltijd,hbo,ma,EER,realisatie,89.0,48.0,32.0,21.0,36.0,47.0,35.0,7.0,Zuid-Holland
985,14NI00,14NI,"Codarts, Hogeschool voor de Kunsten",Rotterdam,2018,voltijd,hbo,ma,EER,realisatie,86.0,38.0,31.0,29.0,26.0,38.0,42.0,6.0,Zuid-Holland
986,14NI00,14NI,"Codarts, Hogeschool voor de Kunsten",Rotterdam,2019,voltijd,hbo,ma,EER,realisatie,69.0,33.0,27.0,26.0,16.0,32.0,33.0,0.0,Zuid-Holland
987,14NI00,14NI,"Codarts, Hogeschool voor de Kunsten",Rotterdam,2020,voltijd,hbo,ma,EER,realisatie,90.0,53.0,39.0,26.0,25.0,52.0,32.0,6.0,Zuid-Holland
988,14NI00,14NI,"Codarts, Hogeschool voor de Kunsten",Rotterdam,2021,voltijd,hbo,ma,EER,realisatie,102.0,49.0,37.0,36.0,29.0,48.0,48.0,6.0,Zuid-Holland
989,14NI00,14NI,"Codarts, Hogeschool voor de Kunsten",Rotterdam,2022,voltijd,hbo,ma,EER,realisatie,110.0,50.0,35.0,37.0,38.0,50.0,46.0,14.0,Zuid-Holland
990,14NI00,14NI,"Codarts, Hogeschool voor de Kunsten",Rotterdam,2023,voltijd,hbo,ma,EER,realisatie,99.0,42.0,31.0,31.0,37.0,42.0,42.0,15.0,Zuid-Holland
991,14NI00,14NI,"Codarts, Hogeschool voor de Kunsten",Rotterdam,2024,voltijd,hbo,ma,EER,realisatie,110.0,51.0,37.0,27.0,46.0,49.0,39.0,22.0,Zuid-Holland
992,14NI00,14NI,"Codarts, Hogeschool voor de Kunsten",Rotterdam,2017,voltijd,hbo,ma,NL,realisatie,31.0,16.0,0.0,0.0,29.0,15.0,14.0,0.0,Zuid-Holland
993,14NI00,14NI,"Codarts, Hogeschool voor de Kunsten",Rotterdam,2018,voltijd,hbo,ma,NL,realisatie,26.0,13.0,0.0,0.0,25.0,13.0,10.0,0.0,Zuid-Holland
994,14NI00,14NI,"Codarts, Hogeschool voor de Kunsten",Rotterdam,2019,voltijd,hbo,ma,NL,realisatie,34.0,21.0,0.0,0.0,32.0,18.0,12.0,0.0,Zuid-Holland
995,14NI00,14NI,"Codarts, Hogeschool voor de Kunsten",Rotterdam,2020,voltijd,hbo,ma,NL,realisatie,49.0,28.0,0.0,0.0,47.0,26.0,18.0,0.0,Zuid-Holland
996,14NI00,14NI,"Codarts, Hogeschool voor de Kunsten",Rotterdam,2021,voltijd,hbo,ma,NL,realisatie,48.0,19.0,0.0,0.0,47.0,17.0,22.0,9.0,Zuid-Holland
997,14NI00,14NI,"Codarts, Hogeschool voor de Kunsten",Rotterdam,2022,voltijd,hbo,ma,NL,realisatie,49.0,23.0,0.0,0.0,48.0,21.0,15.0,13.0,Zuid-Holland
998,14NI00,14NI,"Codarts, Hogeschool voor de Kunsten",Rotterdam,2023,voltijd,hbo,ma,NL,realisatie,32.0,7.0,0.0,0.0,31.0,7.0,16.0,9.0,Zuid-Holland
999,14NI00,14NI,"Codarts, Hogeschool voor de Kunsten",Rotterdam,2024,voltijd,hbo,ma,NL,realisatie,33.0,17.0,0.0,0.0,32.0,17.0,0.0,11.0,Zuid-Holland
1000,14NI00,14NI,"Codarts, Hogeschool voor de Kunsten",Rotterdam,2017,voltijd,hbo,ma,niet-EER,realisatie,30.0,13.0,9.0,13.0,8.0,13.0,14.0,0.0,Zuid-Holland
1001,14NI00,14NI,"Codarts, Hogeschool voor de Kunsten",Rotterdam,2018,voltijd,hbo,ma,niet-EER,realisatie,26.0,14.0,9.0,8.0,9.0,13.0,12.0,0.0,Zuid-Holland
1002,14NI00,14NI,"Codarts, Hogeschool voor de Kunsten",Rotterdam,2019,voltijd,hbo,ma,niet-EER,realisatie,25.0,10.0,6.0,11.0,8.0,9.0,14.0,0.0,Zuid-Holland
1003,14NI00,14NI,"Codarts, Hogeschool voor de Kunsten",Rotterdam,2020,voltijd,hbo,ma,niet-EER,realisatie,18.0,9.0,8.0,6.0,0.0,9.0,8.0,0.0,Zuid-Holland
1004,14NI00,14NI,"Codarts, Hogeschool voor de Kunsten",Rotterdam,2021,voltijd,hbo,ma,niet-EER,realisatie,16.0,7.0,6.0,7.0,0.0,7.0,8.0,0.0,Zuid-Holland
1005,14NI00,14NI,"Codarts, Hogeschool voor de Kunsten",Rotterdam,2022,voltijd,hbo,ma,niet-EER,realisatie,23.0,16.0,11.0,6.0,6.0,16.0,7.0,0.0,Zuid-Holland
1006,14NI00,14NI,"Codarts, Hogeschool voor de Kunsten",Rotterdam,2023,voltijd,hbo,ma,niet-EER,realisatie,32.0,15.0,13.0,11.0,8.0,15.0,16.0,0.0,Zuid-Holland
1007,14NI00,14NI,"Codarts, Hogeschool voor de Kunsten",Rotterdam,2024,voltijd,hbo,ma,niet-EER,realisatie,26.0,11.0,9.0,11.0,6.0,11.0,13.0,0.0,Zuid-Holland
1008,15BK00,15BK,Driestar educatief,Gouda,2019,deeltijd,hbo,ad,NL,realisatie,77.0,76.0,47.0,18.0,12.0,76.0,0.0,0.0,
1009,15BK00,15BK,Driestar educatief,Gouda,2020,deeltijd,hbo,ad,NL,realisatie,117.0,44.0,31.0,54.0,32.0,44.0,72.0,0.0,
1010,15BK00,15BK,Driestar educatief,Gouda,2021,deeltijd,hbo,ad,NL,realisatie,105.0,50.0,36.0,33.0,36.0,49.0,34.0,22.0,
1011,15BK00,15BK,Driestar educatief,Gouda,2022,deeltijd,hbo,ad,NL,realisatie,118.0,52.0,29.0,48.0,41.0,51.0,49.0,18.0,
1012,15BK00,15BK,Driestar educatief,Gouda,2023,deeltijd,hbo,ad,NL,realisatie,121.0,61.0,33.0,36.0,52.0,60.0,45.0,16.0,
1013,15BK00,15BK,Driestar educatief,Gouda,2024,deeltijd,hbo,ad,NL,realisatie,117.0,48.0,37.0,32.0,48.0,48.0,46.0,23.0,
1014,15BK00,15BK,Driestar educatief,Gouda,2017,deeltijd,hbo,ba,EER,realisatie,0.0,0.0,0.0,0.0,0.0,0.0,0.0,0.0,
1015,15BK00,15BK,Driestar educatief,Gouda,2018,deeltijd,hbo,ba,EER,realisatie,0.0,0.0,0.0,0.0,0.0,0.0,0.0,0.0,
1016,15BK00,15BK,Driestar educatief,Gouda,2019,deeltijd,hbo,ba,EER,realisatie,0.0,0.0,0.0,0.0,0.0,0.0,0.0,0.0,
1017,15BK00,15BK,Driestar educatief,Gouda,2020,deeltijd,hbo,ba,EER,realisatie,0.0,0.0,0.0,0.0,0.0,0.0,0.0,0.0,
1018,15BK00,15BK,Driestar educatief,Gouda,2021,deeltijd,hbo,ba,EER,realisatie,0.0,0.0,0.0,0.0,0.0,0.0,0.0,0.0,
1019,15BK00,15BK,Driestar educatief,Gouda,2022,deeltijd,hbo,ba,EER,realisatie,0.0,0.0,0.0,0.0,0.0,0.0,0.0,0.0,
1020,15BK00,15BK,Driestar educatief,Gouda,2023,deeltijd,hbo,ba,EER,realisatie,0.0,0.0,0.0,0.0,0.0,0.0,0.0,0.0,
1021,15BK00,15BK,Driestar educatief,Gouda,2024,deeltijd,hbo,ba,EER,realisatie,0.0,0.0,0.0,0.0,0.0,0.0,0.0,0.0,
1022,15BK00,15BK,Driestar educatief,Gouda,2017,deeltijd,hbo,ba,NL,realisatie,335.0,95.0,38.0,38.0,259.0,46.0,48.0,241.0,
1023,15BK00,15BK,Driestar educatief,Gouda,2018,deeltijd,hbo,ba,NL,realisatie,321.0,80.0,30.0,32.0,259.0,38.0,38.0,245.0,
1024,15BK00,15BK,Driestar educatief,Gouda,2019,deeltijd,hbo,ba,NL,realisatie,320.0,102.0,50.0,33.0,237.0,51.0,38.0,231.0,
1025,15BK00,15BK,Driestar educatief,Gouda,2020,deeltijd,hbo,ba,NL,realisatie,342.0,119.0,49.0,54.0,239.0,56.0,53.0,233.0,
1026,15BK00,15BK,Driestar educatief,Gouda,2021,deeltijd,hbo,ba,NL,realisatie,343.0,109.0,48.0,42.0,253.0,57.0,48.0,238.0,
1027,15BK00,15BK,Driestar educatief,Gouda,2022,deeltijd,hbo,ba,NL,realisatie,325.0,84.0,33.0,39.0,253.0,41.0,48.0,236.0,
1028,15BK00,15BK,Driestar educatief,Gouda,2023,deeltijd,hbo,ba,NL,realisatie,324.0,114.0,44.0,33.0,247.0,51.0,44.0,229.0,
1029,15BK00,15BK,Driestar educatief,Gouda,2024,deeltijd,hbo,ba,NL,realisatie,340.0,114.0,43.0,46.0,251.0,57.0,50.0,233.0,
1030,15BK00,15BK,Driestar educatief,Gouda,2017,deeltijd,hbo,ba,niet-EER,realisatie,0.0,0.0,0.0,0.0,0.0,0.0,0.0,0.0,
1031,15BK00,15BK,Driestar educatief,Gouda,2019,deeltijd,hbo,ba,niet-EER,realisatie,0.0,0.0,0.0,0.0,0.0,0.0,0.0,0.0,
1032,15BK00,15BK,Driestar educatief,Gouda,2020,deeltijd,hbo,ba,niet-EER,realisatie,0.0,0.0,0.0,0.0,0.0,0.0,0.0,0.0,
1033,15BK00,15BK,Driestar educatief,Gouda,2021,deeltijd,hbo,ba,niet-EER,realisatie,0.0,0.0,0.0,0.0,0.0,0.0,0.0,0.0,
1034,15BK00,15BK,Driestar educatief,Gouda,2022,deeltijd,hbo,ba,niet-EER,realisatie,0.0,0.0,0.0,0.0,0.0,0.0,0.0,0.0,
1035,15BK00,15BK,Driestar educatief,Gouda,2023,deeltijd,hbo,ba,niet-EER,realisatie,0.0,0.0,0.0,0.0,0.0,0.0,0.0,0.0,
1036,15BK00,15BK,Driestar educatief,Gouda,2024,deeltijd,hbo,ba,niet-EER,realisatie,0.0,0.0,0.0,0.0,0.0,0.0,0.0,0.0,
1037,15BK00,15BK,Driestar educatief,Gouda,2019,deeltijd,hbo,ma,EER,realisatie,0.0,0.0,0.0,0.0,0.0,0.0,0.0,0.0,
1038,15BK00,15BK,Driestar educatief,Gouda,2020,deeltijd,hbo,ma,EER,realisatie,0.0,0.0,0.0,0.0,0.0,0.0,0.0,0.0,
1039,15BK00,15BK,Driestar educatief,Gouda,2022,deeltijd,hbo,ma,EER,realisatie,0.0,0.0,0.0,0.0,0.0,0.0,0.0,0.0,
1040,15BK00,15BK,Driestar educatief,Gouda,2023,deeltijd,hbo,ma,EER,realisatie,0.0,0.0,0.0,0.0,0.0,0.0,0.0,0.0,
1041,15BK00,15BK,Driestar educatief,Gouda,2017,deeltijd,hbo,ma,NL,realisatie,42.0,26.0,0.0,0.0,39.0,23.0,11.0,8.0,
1042,15BK00,15BK,Driestar educatief,Gouda,2018,deeltijd,hbo,ma,NL,realisatie,46.0,19.0,0.0,0.0,43.0,18.0,23.0,0.0,
1043,15BK00,15BK,Driestar educatief,Gouda,2019,deeltijd,hbo,ma,NL,realisatie,31.0,13.0,0.0,0.0,29.0,13.0,16.0,0.0,
1044,15BK00,15BK,Driestar educatief,Gouda,2020,deeltijd,hbo,ma,NL,realisatie,23.0,9.0,0.0,0.0,22.0,9.0,10.0,0.0,
1045,15BK00,15BK,Driestar educatief,Gouda,2021,deeltijd,hbo,ma,NL,realisatie,20.0,12.0,0.0,0.0,19.0,12.0,8.0,0.0,
1046,15BK00,15BK,Driestar educatief,Gouda,2022,deeltijd,hbo,ma,NL,realisatie,49.0,38.0,0.0,0.0,44.0,35.0,11.0,0.0,
1047,15BK00,15BK,Driestar educatief,Gouda,2023,deeltijd,hbo,ma,NL,realisatie,39.0,8.0,0.0,0.0,35.0,8.0,25.0,6.0,
1048,15BK00,15BK,Driestar educatief,Gouda,2024,deeltijd,hbo,ma,NL,realisatie,23.0,16.0,0.0,0.0,21.0,15.0,0.0,0.0,
1049,15BK00,15BK,Driestar educatief,Gouda,2018,deeltijd,hbo,ma,niet-EER,realisatie,0.0,0.0,0.0,0.0,0.0,0.0,0.0,0.0,
1050,15BK00,15BK,Driestar educatief,Gouda,2019,deeltijd,hbo,ma,niet-EER,realisatie,0.0,0.0,0.0,0.0,0.0,0.0,0.0,0.0,
1051,15BK00,15BK,Driestar educatief,Gouda,2020,deeltijd,hbo,ma,niet-EER,realisatie,9.0,0.0,0.0,0.0,0.0,0.0,0.0,0.0,
1052,15BK00,15BK,Driestar educatief,Gouda,2021,deeltijd,hbo,ma,niet-EER,realisatie,0.0,0.0,0.0,0.0,0.0,0.0,0.0,0.0,
1053,15BK00,15BK,Driestar educatief,Gouda,2022,deeltijd,hbo,ma,niet-EER,realisatie,0.0,0.0,0.0,0.0,0.0,0.0,0.0,0.0,
1054,15BK00,15BK,Driestar educatief,Gouda,2023,deeltijd,hbo,ma,niet-EER,realisatie,0.0,0.0,0.0,0.0,0.0,0.0,0.0,0.0,
1055,15BK00,15BK,Driestar educatief,Gouda,2024,deeltijd,hbo,ma,niet-EER,realisatie,0.0,0.0,0.0,0.0,0.0,0.0,0.0,0.0,
1056,15BK00,15BK,Driestar educatief,Gouda,2017,voltijd,hbo,ba,NL,realisatie,885.0,227.0,210.0,212.0,463.0,213.0,217.0,455.0,
1057,15BK00,15BK,Driestar educatief,Gouda,2018,voltijd,hbo,ba,NL,realisatie,874.0,237.0,223.0,171.0,480.0,224.0,174.0,476.0,
1058,15BK00,15BK,Driestar educatief,Gouda,2019,voltijd,hbo,ba,NL,realisatie,923.0,257.0,246.0,204.0,473.0,250.0,203.0,470.0,
1059,15BK00,15BK,Driestar educatief,Gouda,2020,voltijd,hbo,ba,NL,realisatie,995.0,287.0,276.0,231.0,488.0,277.0,236.0,482.0,
1060,15BK00,15BK,Driestar educatief,Gouda,2021,voltijd,hbo,ba,NL,realisatie,976.0,257.0,239.0,238.0,499.0,242.0,240.0,494.0,
1061,15BK00,15BK,Driestar educatief,Gouda,2022,voltijd,hbo,ba,NL,realisatie,1011.0,258.0,246.0,218.0,547.0,250.0,222.0,539.0,
1062,15BK00,15BK,Driestar educatief,Gouda,2023,voltijd,hbo,ba,NL,realisatie,1014.0,253.0,230.0,218.0,566.0,234.0,220.0,560.0,
1063,15BK00,15BK,Driestar educatief,Gouda,2024,voltijd,hbo,ba,NL,realisatie,1041.0,274.0,256.0,201.0,584.0,260.0,204.0,577.0,
1064,21CW00,21CW,HAS green academy,'s-Hertogenbosch,2024,voltijd,hbo,ad,EER,realisatie,0.0,0.0,0.0,0.0,0.0,0.0,0.0,0.0,Noord-Brabant
1065,21CW00,21CW,HAS green academy,'s-Hertogenbosch,2024,voltijd,hbo,ad,NL,realisatie,27.0,26.0,8.0,10.0,9.0,26.0,0.0,0.0,Noord-Brabant
1066,21CW00,21CW,HAS green academy,'s-Hertogenbosch,2017,voltijd,hbo,ba,EER,realisatie,56.0,28.0,28.0,10.0,18.0,28.0,10.0,18.0,Noord-Brabant
1067,21CW00,21CW,HAS green academy,'s-Hertogenbosch,2018,voltijd,hbo,ba,EER,realisatie,71.0,21.0,21.0,23.0,27.0,21.0,23.0,27.0,Noord-Brabant
1068,21CW00,21CW,HAS green academy,'s-Hertogenbosch,2019,voltijd,hbo,ba,EER,realisatie,73.0,18.0,18.0,14.0,41.0,18.0,14.0,41.0,Noord-Brabant
1069,21CW00,21CW,HAS green academy,'s-Hertogenbosch,2020,voltijd,hbo,ba,EER,realisatie,71.0,21.0,20.0,13.0,38.0,21.0,13.0,37.0,Noord-Brabant
1070,21CW00,21CW,HAS green academy,'s-Hertogenbosch,2021,voltijd,hbo,ba,EER,realisatie,68.0,21.0,21.0,13.0,34.0,21.0,14.0,33.0,Noord-Brabant
1071,21CW00,21CW,HAS green academy,'s-Hertogenbosch,2022,voltijd,hbo,ba,EER,realisatie,59.0,15.0,15.0,15.0,29.0,15.0,15.0,29.0,Noord-Brabant
1072,21CW00,21CW,HAS green academy,'s-Hertogenbosch,2023,voltijd,hbo,ba,EER,realisatie,57.0,14.0,12.0,13.0,32.0,13.0,13.0,31.0,Noord-Brabant
1073,21CW00,21CW,HAS green academy,'s-Hertogenbosch,2024,voltijd,hbo,ba,EER,realisatie,59.0,20.0,18.0,9.0,32.0,19.0,9.0,31.0,Noord-Brabant
1074,21CW00,21CW,HAS green academy,'s-Hertogenbosch,2017,voltijd,hbo,ba,NL,realisatie,3149.0,902.0,815.0,690.0,1644.0,832.0,701.0,1616.0,Noord-Brabant
1075,21CW00,21CW,HAS green academy,'s-Hertogenbosch,2018,voltijd,hbo,ba,NL,realisatie,3098.0,790.0,690.0,685.0,1723.0,711.0,690.0,1697.0,Noord-Brabant
1076,21CW00,21CW,HAS green academy,'s-Hertogenbosch,2019,voltijd,hbo,ba,NL,realisatie,3048.0,721.0,634.0,617.0,1797.0,659.0,618.0,1771.0,Noord-Brabant
1077,21CW00,21CW,HAS green academy,'s-Hertogenbosch,2020,voltijd,hbo,ba,NL,realisatie,3152.0,864.0,766.0,602.0,1784.0,780.0,618.0,1754.0,Noord-Brabant
1078,21CW00,21CW,HAS green academy,'s-Hertogenbosch,2021,voltijd,hbo,ba,NL,realisatie,2976.0,620.0,565.0,696.0,1715.0,578.0,702.0,1696.0,Noord-Brabant
1079,21CW00,21CW,HAS green academy,'s-Hertogenbosch,2022,voltijd,hbo,ba,NL,realisatie,2743.0,612.0,545.0,498.0,1700.0,568.0,497.0,1678.0,Noord-Brabant
1080,21CW00,21CW,HAS green academy,'s-Hertogenbosch,2023,voltijd,hbo,ba,NL,realisatie,2571.0,587.0,493.0,474.0,1604.0,522.0,479.0,1570.0,Noord-Brabant
1081,21CW00,21CW,HAS green academy,'s-Hertogenbosch,2024,voltijd,hbo,ba,NL,realisatie,2402.0,574.0,512.0,428.0,1462.0,526.0,445.0,1431.0,Noord-Brabant
1082,21CW00,21CW,HAS green academy,'s-Hertogenbosch,2017,voltijd,hbo,ba,niet-EER,realisatie,29.0,16.0,16.0,0.0,9.0,16.0,0.0,9.0,Noord-Brabant
1083,21CW00,21CW,HAS green academy,'s-Hertogenbosch,2018,voltijd,hbo,ba,niet-EER,realisatie,42.0,20.0,18.0,12.0,12.0,18.0,12.0,12.0,Noord-Brabant
1084,21CW00,21CW,HAS green academy,'s-Hertogenbosch,2019,voltijd,hbo,ba,niet-EER,realisatie,51.0,25.0,24.0,14.0,13.0,24.0,14.0,13.0,Noord-Brabant
1085,21CW00,21CW,HAS green academy,'s-Hertogenbosch,2020,voltijd,hbo,ba,niet-EER,realisatie,49.0,14.0,13.0,22.0,14.0,14.0,21.0,14.0,Noord-Brabant
1086,21CW00,21CW,HAS green academy,'s-Hertogenbosch,2021,voltijd,hbo,ba,niet-EER,realisatie,46.0,15.0,14.0,7.0,25.0,14.0,7.0,25.0,Noord-Brabant
1087,21CW00,21CW,HAS green academy,'s-Hertogenbosch,2022,voltijd,hbo,ba,niet-EER,realisatie,59.0,24.0,18.0,11.0,30.0,18.0,11.0,30.0,Noord-Brabant
1088,21CW00,21CW,HAS green academy,'s-Hertogenbosch,2023,voltijd,hbo,ba,niet-EER,realisatie,58.0,18.0,14.0,15.0,29.0,15.0,14.0,29.0,Noord-Brabant
1089,21CW00,21CW,HAS green academy,'s-Hertogenbosch,2024,voltijd,hbo,ba,niet-EER,realisatie,59.0,18.0,17.0,14.0,28.0,17.0,15.0,27.0,Noord-Brabant
1090,21CW01,21CW,HAS green academy,Venlo,2017,voltijd,hbo,ba,EER,realisatie,6.0,0.0,0.0,0.0,0.0,0.0,0.0,0.0,Limburg
1091,21CW01,21CW,HAS green academy,Venlo,2018,voltijd,hbo,ba,EER,realisatie,9.0,0.0,0.0,0.0,0.0,0.0,0.0,0.0,Limburg
1092,21CW01,21CW,HAS green academy,Venlo,2019,voltijd,hbo,ba,EER,realisatie,8.0,0.0,0.0,0.0,0.0,0.0,0.0,0.0,Limburg
1093,21CW01,21CW,HAS green academy,Venlo,2020,voltijd,hbo,ba,EER,realisatie,7.0,0.0,0.0,0.0,6.0,0.0,0.0,0.0,Limburg
1094,21CW01,21CW,HAS green academy,Venlo,2021,voltijd,hbo,ba,EER,realisatie,0.0,0.0,0.0,0.0,0.0,0.0,0.0,0.0,Limburg
1095,21CW01,21CW,HAS green academy,Venlo,2022,voltijd,hbo,ba,EER,realisatie,6.0,0.0,0.0,0.0,0.0,0.0,0.0,0.0,Limburg
1096,21CW01,21CW,HAS green academy,Venlo,2023,voltijd,hbo,ba,EER,realisatie,0.0,0.0,0.0,0.0,0.0,0.0,0.0,0.0,Limburg
1097,21CW01,21CW,HAS green academy,Venlo,2024,voltijd,hbo,ba,EER,realisatie,0.0,0.0,0.0,0.0,0.0,0.0,0.0,0.0,Limburg
1098,21CW01,21CW,HAS green academy,Venlo,2017,voltijd,hbo,ba,NL,realisatie,425.0,120.0,108.0,101.0,216.0,109.0,102.0,214.0,Limburg
1099,21CW01,21CW,HAS green academy,Venlo,2018,voltijd,hbo,ba,NL,realisatie,450.0,125.0,110.0,84.0,256.0,112.0,86.0,252.0,Limburg
1100,21CW01,21CW,HAS green academy,Venlo,2019,voltijd,hbo,ba,NL,realisatie,501.0,140.0,126.0,106.0,269.0,127.0,107.0,267.0,Limburg
1101,21CW01,21CW,HAS green academy,Venlo,2020,voltijd,hbo,ba,NL,realisatie,532.0,157.0,141.0,108.0,283.0,145.0,112.0,275.0,Limburg
1102,21CW01,21CW,HAS green academy,Venlo,2021,voltijd,hbo,ba,NL,realisatie,521.0,117.0,111.0,120.0,290.0,111.0,122.0,288.0,Limburg
1103,21CW01,21CW,HAS green academy,Venlo,2022,voltijd,hbo,ba,NL,realisatie,470.0,86.0,77.0,96.0,297.0,78.0,95.0,297.0,Limburg
1104,21CW01,21CW,HAS green academy,Venlo,2023,voltijd,hbo,ba,NL,realisatie,426.0,90.0,77.0,62.0,287.0,80.0,62.0,284.0,Limburg
1105,21CW01,21CW,HAS green academy,Venlo,2024,voltijd,hbo,ba,NL,realisatie,385.0,85.0,77.0,79.0,229.0,80.0,80.0,225.0,Limburg
1106,21CW01,21CW,HAS green academy,Venlo,2017,voltijd,hbo,ba,niet-EER,realisatie,0.0,0.0,0.0,0.0,0.0,0.0,0.0,0.0,Limburg
1107,21CW01,21CW,HAS green academy,Venlo,2018,voltijd,hbo,ba,niet-EER,realisatie,0.0,0.0,0.0,0.0,0.0,0.0,0.0,0.0,Limburg
1108,21CW01,21CW,HAS green academy,Venlo,2019,voltijd,hbo,ba,niet-EER,realisatie,7.0,0.0,0.0,0.0,0.0,0.0,0.0,0.0,Limburg
1109,21CW01,21CW,HAS green academy,Venlo,2020,voltijd,hbo,ba,niet-EER,realisatie,6.0,0.0,0.0,0.0,0.0,0.0,0.0,0.0,Limburg
1110,21CW01,21CW,HAS green academy,Venlo,2021,voltijd,hbo,ba,niet-EER,realisatie,0.0,0.0,0.0,0.0,0.0,0.0,0.0,0.0,Limburg
1111,21CW01,21CW,HAS green academy,Venlo,2022,voltijd,hbo,ba,niet-EER,realisatie,0.0,0.0,0.0,0.0,0.0,0.0,0.0,0.0,Limburg
1112,21MI00,21MI,HZ University of Applied Sciences,Vlissingen,2020,deeltijd,hbo,ad,EER,realisatie,0.0,0.0,0.0,0.0,0.0,0.0,0.0,0.0,
1113,21MI00,21MI,HZ University of Applied Sciences,Vlissingen,2021,deeltijd,hbo,ad,EER,realisatie,0.0,0.0,0.0,0.0,0.0,0.0,0.0,0.0,
1114,21MI00,21MI,HZ University of Applied Sciences,Vlissingen,2022,deeltijd,hbo,ad,EER,realisatie,0.0,0.0,0.0,0.0,0.0,0.0,0.0,0.0,
1115,21MI00,21MI,HZ University of Applied Sciences,Vlissingen,2023,deeltijd,hbo,ad,EER,realisatie,0.0,0.0,0.0,0.0,0.0,0.0,0.0,0.0,
1116,21MI00,21MI,HZ University of Applied Sciences,Vlissingen,2024,deeltijd,hbo,ad,EER,realisatie,0.0,0.0,0.0,0.0,0.0,0.0,0.0,0.0,
1117,21MI00,21MI,HZ University of Applied Sciences,Vlissingen,2018,deeltijd,hbo,ad,NL,realisatie,61.0,61.0,31.0,22.0,8.0,59.0,0.0,0.0,
1118,21MI00,21MI,HZ University of Applied Sciences,Vlissingen,2019,deeltijd,hbo,ad,NL,realisatie,144.0,97.0,65.0,45.0,34.0,96.0,46.0,0.0,
1119,21MI00,21MI,HZ University of Applied Sciences,Vlissingen,2020,deeltijd,hbo,ad,NL,realisatie,158.0,78.0,55.0,61.0,42.0,77.0,68.0,13.0,
1120,21MI00,21MI,HZ University of Applied Sciences,Vlissingen,2021,deeltijd,hbo,ad,NL,realisatie,205.0,119.0,89.0,53.0,63.0,116.0,57.0,32.0,
1121,21MI00,21MI,HZ University of Applied Sciences,Vlissingen,2022,deeltijd,hbo,ad,NL,realisatie,233.0,123.0,87.0,66.0,80.0,118.0,76.0,39.0,
1122,21MI00,21MI,HZ University of Applied Sciences,Vlissingen,2023,deeltijd,hbo,ad,NL,realisatie,256.0,133.0,83.0,66.0,107.0,126.0,70.0,60.0,
1123,21MI00,21MI,HZ University of Applied Sciences,Vlissingen,2024,deeltijd,hbo,ad,NL,realisatie,255.0,102.0,75.0,67.0,113.0,97.0,86.0,72.0,
1124,21MI00,21MI,HZ University of Applied Sciences,Vlissingen,2019,deeltijd,hbo,ad,niet-EER,realisatie,0.0,0.0,0.0,0.0,0.0,0.0,0.0,0.0,
1125,21MI00,21MI,HZ University of Applied Sciences,Vlissingen,2020,deeltijd,hbo,ad,niet-EER,realisatie,0.0,0.0,0.0,0.0,0.0,0.0,0.0,0.0,
1126,21MI00,21MI,HZ University of Applied Sciences,Vlissingen,2023,deeltijd,hbo,ad,niet-EER,realisatie,0.0,0.0,0.0,0.0,0.0,0.0,0.0,0.0,
1127,21MI00,21MI,HZ University of Applied Sciences,Vlissingen,2024,deeltijd,hbo,ad,niet-EER,realisatie,0.0,0.0,0.0,0.0,0.0,0.0,0.0,0.0,
1128,21MI00,21MI,HZ University of Applied Sciences,Vlissingen,2017,deeltijd,hbo,ba,EER,realisatie,0.0,0.0,0.0,0.0,0.0,0.0,0.0,0.0,
1129,21MI00,21MI,HZ University of Applied Sciences,Vlissingen,2018,deeltijd,hbo,ba,EER,realisatie,0.0,0.0,0.0,0.0,0.0,0.0,0.0,0.0,
1130,21MI00,21MI,HZ University of Applied Sciences,Vlissingen,2019,deeltijd,hbo,ba,EER,realisatie,0.0,0.0,0.0,0.0,0.0,0.0,0.0,0.0,
1131,21MI00,21MI,HZ University of Applied Sciences,Vlissingen,2020,deeltijd,hbo,ba,EER,realisatie,0.0,0.0,0.0,0.0,0.0,0.0,0.0,0.0,
1132,21MI00,21MI,HZ University of Applied Sciences,Vlissingen,2021,deeltijd,hbo,ba,EER,realisatie,0.0,0.0,0.0,0.0,0.0,0.0,0.0,0.0,
1133,21MI00,21MI,HZ University of Applied Sciences,Vlissingen,2022,deeltijd,hbo,ba,EER,realisatie,6.0,0.0,0.0,0.0,0.0,0.0,0.0,0.0,
1134,21MI00,21MI,HZ University of Applied Sciences,Vlissingen,2023,deeltijd,hbo,ba,EER,realisatie,0.0,0.0,0.0,0.0,0.0,0.0,0.0,0.0,
1135,21MI00,21MI,HZ University of Applied Sciences,Vlissingen,2024,deeltijd,hbo,ba,EER,realisatie,0.0,0.0,0.0,0.0,0.0,0.0,0.0,0.0,
1136,21MI00,21MI,HZ University of Applied Sciences,Vlissingen,2017,deeltijd,hbo,ba,NL,realisatie,131.0,76.0,57.0,15.0,59.0,58.0,16.0,57.0,
1137,21MI00,21MI,HZ University of Applied Sciences,Vlissingen,2018,deeltijd,hbo,ba,NL,realisatie,178.0,105.0,67.0,43.0,68.0,72.0,42.0,64.0,
1138,21MI00,21MI,HZ University of Applied Sciences,Vlissingen,2019,deeltijd,hbo,ba,NL,realisatie,252.0,127.0,89.0,65.0,98.0,89.0,71.0,92.0,
1139,21MI00,21MI,HZ University of Applied Sciences,Vlissingen,2020,deeltijd,hbo,ba,NL,realisatie,280.0,101.0,60.0,72.0,148.0,67.0,76.0,137.0,
1140,21MI00,21MI,HZ University of Applied Sciences,Vlissingen,2021,deeltijd,hbo,ba,NL,realisatie,274.0,104.0,54.0,47.0,173.0,68.0,56.0,150.0,
1141,21MI00,21MI,HZ University of Applied Sciences,Vlissingen,2022,deeltijd,hbo,ba,NL,realisatie,305.0,139.0,71.0,68.0,166.0,85.0,73.0,147.0,
1142,21MI00,21MI,HZ University of Applied Sciences,Vlissingen,2023,deeltijd,hbo,ba,NL,realisatie,291.0,101.0,55.0,55.0,181.0,63.0,66.0,162.0,
1143,21MI00,21MI,HZ University of Applied Sciences,Vlissingen,2024,deeltijd,hbo,ba,NL,realisatie,306.0,102.0,56.0,48.0,202.0,67.0,58.0,181.0,
1144,21MI00,21MI,HZ University of Applied Sciences,Vlissingen,2018,deeltijd,hbo,ba,niet-EER,realisatie,0.0,0.0,0.0,0.0,0.0,0.0,0.0,0.0,
1145,21MI00,21MI,HZ University of Applied Sciences,Vlissingen,2022,deeltijd,hbo,ba,niet-EER,realisatie,0.0,0.0,0.0,0.0,0.0,0.0,0.0,0.0,
1146,21MI00,21MI,HZ University of Applied Sciences,Vlissingen,2023,deeltijd,hbo,ba,niet-EER,realisatie,0.0,0.0,0.0,0.0,0.0,0.0,0.0,0.0,
1147,21MI00,21MI,HZ University of Applied Sciences,Vlissingen,2024,deeltijd,hbo,ba,niet-EER,realisatie,0.0,0.0,0.0,0.0,0.0,0.0,0.0,0.0,
1148,21MI00,21MI,HZ University of Applied Sciences,Vlissingen,2018,voltijd,hbo,ad,EER,realisatie,0.0,0.0,0.0,0.0,0.0,0.0,0.0,0.0,
1149,21MI00,21MI,HZ University of Applied Sciences,Vlissingen,2022,voltijd,hbo,ad,EER,realisatie,0.0,0.0,0.0,0.0,0.0,0.0,0.0,0.0,
1150,21MI00,21MI,HZ University of Applied Sciences,Vlissingen,2023,voltijd,hbo,ad,EER,realisatie,0.0,0.0,0.0,0.0,0.0,0.0,0.0,0.0,
1151,21MI00,21MI,HZ University of Applied Sciences,Vlissingen,2024,voltijd,hbo,ad,EER,realisatie,0.0,0.0,0.0,0.0,0.0,0.0,0.0,0.0,
1152,21MI00,21MI,HZ University of Applied Sciences,Vlissingen,2017,voltijd,hbo,ad,NL,realisatie,15.0,11.0,0.0,8.0,0.0,11.0,0.0,0.0,
1153,21MI00,21MI,HZ University of Applied Sciences,Vlissingen,2018,voltijd,hbo,ad,NL,realisatie,9.0,6.0,0.0,0.0,0.0,0.0,0.0,0.0,
1154,21MI00,21MI,HZ University of Applied Sciences,Vlissingen,2019,voltijd,hbo,ad,NL,realisatie,9.0,0.0,0.0,0.0,0.0,0.0,0.0,0.0,
1155,21MI00,21MI,HZ University of Applied Sciences,Vlissingen,2020,voltijd,hbo,ad,NL,realisatie,10.0,7.0,0.0,9.0,0.0,7.0,0.0,0.0,
1156,21MI00,21MI,HZ University of Applied Sciences,Vlissingen,2021,voltijd,hbo,ad,NL,realisatie,13.0,7.0,0.0,0.0,7.0,6.0,6.0,0.0,
1157,21MI00,21MI,HZ University of Applied Sciences,Vlissingen,2022,voltijd,hbo,ad,NL,realisatie,13.0,6.0,0.0,0.0,6.0,6.0,0.0,0.0,
1158,21MI00,21MI,HZ University of Applied Sciences,Vlissingen,2023,voltijd,hbo,ad,NL,realisatie,14.0,10.0,6.0,0.0,6.0,10.0,0.0,0.0,
1159,21MI00,21MI,HZ University of Applied Sciences,Vlissingen,2024,voltijd,hbo,ad,NL,realisatie,17.0,10.0,6.0,6.0,0.0,10.0,6.0,0.0,
1160,21MI00,21MI,HZ University of Applied Sciences,Vlissingen,2019,voltijd,hbo,ad,niet-EER,realisatie,0.0,0.0,0.0,0.0,0.0,0.0,0.0,0.0,
1161,21MI00,21MI,HZ University of Applied Sciences,Vlissingen,2020,voltijd,hbo,ad,niet-EER,realisatie,0.0,0.0,0.0,0.0,0.0,0.0,0.0,0.0,
1162,21MI00,21MI,HZ University of Applied Sciences,Vlissingen,2023,voltijd,hbo,ad,niet-EER,realisatie,0.0,0.0,0.0,0.0,0.0,0.0,0.0,0.0,
1163,21MI00,21MI,HZ University of Applied Sciences,Vlissingen,2024,voltijd,hbo,ad,niet-EER,realisatie,0.0,0.0,0.0,0.0,0.0,0.0,0.0,0.0,
1164,21MI00,21MI,HZ University of Applied Sciences,Vlissingen,2017,voltijd,hbo,ba,EER,realisatie,222.0,59.0,58.0,53.0,111.0,58.0,54.0,110.0,
1165,21MI00,21MI,HZ University of Applied Sciences,Vlissingen,2018,voltijd,hbo,ba,EER,realisatie,231.0,71.0,68.0,46.0,117.0,69.0,45.0,117.0,
1166,21MI00,21MI,HZ University of Applied Sciences,Vlissingen,2019,voltijd,hbo,ba,EER,realisatie,254.0,91.0,86.0,56.0,112.0,89.0,54.0,111.0,
1167,21MI00,21MI,HZ University of Applied Sciences,Vlissingen,2020,voltijd,hbo,ba,EER,realisatie,257.0,67.0,66.0,69.0,122.0,66.0,71.0,120.0,
1168,21MI00,21MI,HZ University of Applied Sciences,Vlissingen,2021,voltijd,hbo,ba,EER,realisatie,269.0,65.0,65.0,59.0,145.0,65.0,59.0,145.0,
1169,21MI00,21MI,HZ University of Applied Sciences,Vlissingen,2022,voltijd,hbo,ba,EER,realisatie,295.0,88.0,88.0,62.0,145.0,88.0,62.0,145.0,
1170,21MI00,21MI,HZ University of Applied Sciences,Vlissingen,2023,voltijd,hbo,ba,EER,realisatie,275.0,68.0,66.0,67.0,142.0,66.0,67.0,142.0,
1171,21MI00,21MI,HZ University of Applied Sciences,Vlissingen,2024,voltijd,hbo,ba,EER,realisatie,288.0,71.0,66.0,72.0,150.0,67.0,71.0,150.0,
1172,21MI00,21MI,HZ University of Applied Sciences,Vlissingen,2017,voltijd,hbo,ba,NL,realisatie,3181.0,815.0,717.0,666.0,1798.0,728.0,674.0,1779.0,
1173,21MI00,21MI,HZ University of Applied Sciences,Vlissingen,2018,voltijd,hbo,ba,NL,realisatie,3015.0,712.0,616.0,635.0,1764.0,630.0,637.0,1748.0,
1174,21MI00,21MI,HZ University of Applied Sciences,Vlissingen,2019,voltijd,hbo,ba,NL,realisatie,2832.0,685.0,603.0,568.0,1661.0,612.0,573.0,1647.0,
1175,21MI00,21MI,HZ University of Applied Sciences,Vlissingen,2020,voltijd,hbo,ba,NL,realisatie,2808.0,780.0,698.0,548.0,1562.0,709.0,556.0,1543.0,
1176,21MI00,21MI,HZ University of Applied Sciences,Vlissingen,2021,voltijd,hbo,ba,NL,realisatie,2657.0,652.0,576.0,594.0,1487.0,592.0,600.0,1465.0,
1177,21MI00,21MI,HZ University of Applied Sciences,Vlissingen,2022,voltijd,hbo,ba,NL,realisatie,2556.0,634.0,546.0,503.0,1507.0,566.0,513.0,1477.0,
1178,21MI00,21MI,HZ University of Applied Sciences,Vlissingen,2023,voltijd,hbo,ba,NL,realisatie,2419.0,597.0,515.0,519.0,1385.0,525.0,532.0,1362.0,
1179,21MI00,21MI,HZ University of Applied Sciences,Vlissingen,2024,voltijd,hbo,ba,NL,realisatie,2300.0,592.0,509.0,440.0,1351.0,526.0,450.0,1324.0,
1180,21MI00,21MI,HZ University of Applied Sciences,Vlissingen,2017,voltijd,hbo,ba,niet-EER,realisatie,30.0,10.0,10.0,6.0,14.0,10.0,6.0,14.0,
1181,21MI00,21MI,HZ University of Applied Sciences,Vlissingen,2018,voltijd,hbo,ba,niet-EER,realisatie,29.0,8.0,7.0,9.0,13.0,7.0,9.0,13.0,
1182,21MI00,21MI,HZ University of Applied Sciences,Vlissingen,2019,voltijd,hbo,ba,niet-EER,realisatie,37.0,18.0,17.0,6.0,14.0,17.0,6.0,14.0,
1183,21MI00,21MI,HZ University of Applied Sciences,Vlissingen,2020,voltijd,hbo,ba,niet-EER,realisatie,34.0,9.0,9.0,14.0,11.0,9.0,14.0,11.0,
1184,21MI00,21MI,HZ University of Applied Sciences,Vlissingen,2021,voltijd,hbo,ba,niet-EER,realisatie,38.0,11.0,10.0,7.0,21.0,11.0,7.0,20.0,
1185,21MI00,21MI,HZ University of Applied Sciences,Vlissingen,2022,voltijd,hbo,ba,niet-EER,realisatie,31.0,0.0,0.0,7.0,20.0,0.0,7.0,20.0,
1186,21MI00,21MI,HZ University of Applied Sciences,Vlissingen,2023,voltijd,hbo,ba,niet-EER,realisatie,30.0,10.0,10.0,0.0,15.0,10.0,0.0,15.0,
1187,21MI00,21MI,HZ University of Applied Sciences,Vlissingen,2024,voltijd,hbo,ba,niet-EER,realisatie,30.0,10.0,8.0,9.0,13.0,9.0,8.0,13.0,
1188,21MI04,21MI,HZ University of Applied Sciences,Middelburg,2017,deeltijd,hbo,ba,NL,realisatie,0.0,0.0,0.0,0.0,0.0,0.0,0.0,0.0,Zeeland
1189,21MI04,21MI,HZ University of Applied Sciences,Middelburg,2023,deeltijd,hbo,ba,NL,realisatie,0.0,0.0,0.0,0.0,0.0,0.0,0.0,0.0,Zeeland
1190,21MI04,21MI,HZ University of Applied Sciences,Middelburg,2024,deeltijd,hbo,ba,NL,realisatie,7.0,0.0,0.0,0.0,0.0,0.0,0.0,0.0,Zeeland
1191,21MI04,21MI,HZ University of Applied Sciences,Middelburg,2017,voltijd,hbo,ba,EER,realisatie,108.0,38.0,36.0,20.0,52.0,38.0,18.0,52.0,Zeeland
1192,21MI04,21MI,HZ University of Applied Sciences,Middelburg,2018,voltijd,hbo,ba,EER,realisatie,131.0,45.0,44.0,32.0,55.0,44.0,34.0,53.0,Zeeland
1193,21MI04,21MI,HZ University of Applied Sciences,Middelburg,2019,voltijd,hbo,ba,EER,realisatie,139.0,49.0,47.0,35.0,57.0,47.0,35.0,57.0,Zeeland
1194,21MI04,21MI,HZ University of Applied Sciences,Middelburg,2020,voltijd,hbo,ba,EER,realisatie,166.0,58.0,58.0,42.0,66.0,58.0,42.0,66.0,Zeeland
1195,21MI04,21MI,HZ University of Applied Sciences,Middelburg,2021,voltijd,hbo,ba,EER,realisatie,215.0,85.0,82.0,51.0,82.0,83.0,50.0,82.0,Zeeland
1196,21MI04,21MI,HZ University of Applied Sciences,Middelburg,2022,voltijd,hbo,ba,EER,realisatie,273.0,116.0,115.0,62.0,96.0,116.0,61.0,96.0,Zeeland
1197,21MI04,21MI,HZ University of Applied Sciences,Middelburg,2023,voltijd,hbo,ba,EER,realisatie,314.0,97.0,94.0,100.0,120.0,95.0,100.0,119.0,Zeeland
1198,21MI04,21MI,HZ University of Applied Sciences,Middelburg,2024,voltijd,hbo,ba,EER,realisatie,354.0,100.0,96.0,83.0,175.0,97.0,83.0,174.0,Zeeland
1199,21MI04,21MI,HZ University of Applied Sciences,Middelburg,2017,voltijd,hbo,ba,NL,realisatie,946.0,241.0,217.0,190.0,539.0,227.0,190.0,529.0,Zeeland
1200,21MI04,21MI,HZ University of Applied Sciences,Middelburg,2018,voltijd,hbo,ba,NL,realisatie,960.0,240.0,216.0,195.0,549.0,222.0,201.0,537.0,Zeeland
1201,21MI04,21MI,HZ University of Applied Sciences,Middelburg,2019,voltijd,hbo,ba,NL,realisatie,906.0,218.0,193.0,199.0,514.0,201.0,201.0,504.0,Zeeland
1202,21MI04,21MI,HZ University of Applied Sciences,Middelburg,2020,voltijd,hbo,ba,NL,realisatie,965.0,278.0,255.0,159.0,551.0,267.0,164.0,534.0,Zeeland
1203,21MI04,21MI,HZ University of Applied Sciences,Middelburg,2021,voltijd,hbo,ba,NL,realisatie,900.0,203.0,178.0,220.0,502.0,190.0,225.0,485.0,Zeeland
1204,21MI04,21MI,HZ University of Applied Sciences,Middelburg,2022,voltijd,hbo,ba,NL,realisatie,871.0,231.0,210.0,147.0,514.0,218.0,156.0,497.0,Zeeland
1205,21MI04,21MI,HZ University of Applied Sciences,Middelburg,2023,voltijd,hbo,ba,NL,realisatie,843.0,204.0,182.0,161.0,500.0,192.0,166.0,485.0,Zeeland
1206,21MI04,21MI,HZ University of Applied Sciences,Middelburg,2024,voltijd,hbo,ba,NL,realisatie,783.0,205.0,188.0,154.0,441.0,195.0,166.0,422.0,Zeeland
1207,21MI04,21MI,HZ University of Applied Sciences,Middelburg,2017,voltijd,hbo,ba,niet-EER,realisatie,71.0,40.0,40.0,12.0,19.0,40.0,12.0,19.0,Zeeland
1208,21MI04,21MI,HZ University of Applied Sciences,Middelburg,2018,voltijd,hbo,ba,niet-EER,realisatie,70.0,37.0,37.0,10.0,23.0,37.0,10.0,23.0,Zeeland
1209,21MI04,21MI,HZ University of Applied Sciences,Middelburg,2019,voltijd,hbo,ba,niet-EER,realisatie,72.0,35.0,34.0,12.0,26.0,35.0,11.0,26.0,Zeeland
1210,21MI04,21MI,HZ University of Applied Sciences,Middelburg,2020,voltijd,hbo,ba,niet-EER,realisatie,62.0,31.0,31.0,8.0,23.0,31.0,9.0,22.0,Zeeland
1211,21MI04,21MI,HZ University of Applied Sciences,Middelburg,2021,voltijd,hbo,ba,niet-EER,realisatie,65.0,33.0,30.0,14.0,21.0,32.0,13.0,20.0,Zeeland
1212,21MI04,21MI,HZ University of Applied Sciences,Middelburg,2022,voltijd,hbo,ba,niet-EER,realisatie,95.0,58.0,55.0,18.0,22.0,55.0,20.0,20.0,Zeeland
1213,21MI04,21MI,HZ University of Applied Sciences,Middelburg,2023,voltijd,hbo,ba,niet-EER,realisatie,120.0,59.0,55.0,30.0,35.0,58.0,28.0,34.0,Zeeland
1214,21MI04,21MI,HZ University of Applied Sciences,Middelburg,2024,voltijd,hbo,ba,niet-EER,realisatie,117.0,34.0,32.0,32.0,53.0,32.0,35.0,50.0,Zeeland
1215,21MI04,21MI,HZ University of Applied Sciences,Middelburg,2021,voltijd,hbo,ma,EER,realisatie,0.0,0.0,0.0,0.0,0.0,0.0,0.0,0.0,Zeeland
1216,21MI04,21MI,HZ University of Applied Sciences,Middelburg,2022,voltijd,hbo,ma,EER,realisatie,0.0,0.0,0.0,0.0,0.0,0.0,0.0,0.0,Zeeland
1217,21MI04,21MI,HZ University of Applied Sciences,Middelburg,2023,voltijd,hbo,ma,EER,realisatie,0.0,0.0,0.0,0.0,0.0,0.0,0.0,0.0,Zeeland
1218,21MI04,21MI,HZ University of Applied Sciences,Middelburg,2024,voltijd,hbo,ma,EER,realisatie,0.0,0.0,0.0,0.0,0.0,0.0,0.0,0.0,Zeeland
1219,21MI04,21MI,HZ University of Applied Sciences,Middelburg,2019,voltijd,hbo,ma,NL,realisatie,16.0,16.0,0.0,0.0,16.0,16.0,0.0,0.0,Zeeland
1220,21MI04,21MI,HZ University of Applied Sciences,Middelburg,2020,voltijd,hbo,ma,NL,realisatie,31.0,15.0,0.0,0.0,31.0,15.0,16.0,0.0,Zeeland
1221,21MI04,21MI,HZ University of Applied Sciences,Middelburg,2021,voltijd,hbo,ma,NL,realisatie,35.0,19.0,0.0,0.0,34.0,19.0,13.0,0.0,Zeeland
1222,21MI04,21MI,HZ University of Applied Sciences,Middelburg,2022,voltijd,hbo,ma,NL,realisatie,23.0,0.0,0.0,0.0,22.0,0.0,14.0,0.0,Zeeland
1223,21MI04,21MI,HZ University of Applied Sciences,Middelburg,2023,voltijd,hbo,ma,NL,realisatie,9.0,0.0,0.0,0.0,9.0,0.0,0.0,0.0,Zeeland
1224,21MI04,21MI,HZ University of Applied Sciences,Middelburg,2024,voltijd,hbo,ma,NL,realisatie,7.0,0.0,0.0,0.0,6.0,0.0,0.0,0.0,Zeeland
1225,21MI04,21MI,HZ University of Applied Sciences,Middelburg,2020,voltijd,hbo,ma,niet-EER,realisatie,0.0,0.0,0.0,0.0,0.0,0.0,0.0,0.0,Zeeland
1226,21MI04,21MI,HZ University of Applied Sciences,Middelburg,2021,voltijd,hbo,ma,niet-EER,realisatie,6.0,0.0,0.0,0.0,0.0,0.0,0.0,0.0,Zeeland
1227,21MI04,21MI,HZ University of Applied Sciences,Middelburg,2022,voltijd,hbo,ma,niet-EER,realisatie,11.0,7.0,6.0,0.0,0.0,7.0,0.0,0.0,Zeeland
1228,21MI04,21MI,HZ University of Applied Sciences,Middelburg,2023,voltijd,hbo,ma,niet-EER,realisatie,6.0,0.0,0.0,0.0,0.0,0.0,0.0,0.0,Zeeland
1229,21MI04,21MI,HZ University of Applied Sciences,Middelburg,2024,voltijd,hbo,ma,niet-EER,realisatie,0.0,0.0,0.0,0.0,0.0,0.0,0.0,0.0,Zeeland
1230,21MI05,21MI,HZ University of Applied Sciences,Roosendaal,2019,voltijd,hbo,ad,EER,realisatie,0.0,0.0,0.0,0.0,0.0,0.0,0.0,0.0,
1231,21MI05,21MI,HZ University of Applied Sciences,Roosendaal,2020,voltijd,hbo,ad,EER,realisatie,0.0,0.0,0.0,0.0,0.0,0.0,0.0,0.0,
1232,21MI05,21MI,HZ University of Applied Sciences,Roosendaal,2021,voltijd,hbo,ad,EER,realisatie,0.0,0.0,0.0,0.0,0.0,0.0,0.0,0.0,
1233,21MI05,21MI,HZ University of Applied Sciences,Roosendaal,2022,voltijd,hbo,ad,EER,realisatie,0.0,0.0,0.0,0.0,0.0,0.0,0.0,0.0,
1234,21MI05,21MI,HZ University of Applied Sciences,Roosendaal,2023,voltijd,hbo,ad,EER,realisatie,0.0,0.0,0.0,0.0,0.0,0.0,0.0,0.0,
1235,21MI05,21MI,HZ University of Applied Sciences,Roosendaal,2024,voltijd,hbo,ad,EER,realisatie,0.0,0.0,0.0,0.0,0.0,0.0,0.0,0.0,
1236,21MI05,21MI,HZ University of Applied Sciences,Roosendaal,2018,voltijd,hbo,ad,NL,realisatie,72.0,70.0,41.0,17.0,14.0,69.0,0.0,0.0,
1237,21MI05,21MI,HZ University of Applied Sciences,Roosendaal,2019,voltijd,hbo,ad,NL,realisatie,182.0,128.0,83.0,48.0,51.0,126.0,54.0,0.0,
1238,21MI05,21MI,HZ University of Applied Sciences,Roosendaal,2020,voltijd,hbo,ad,NL,realisatie,289.0,176.0,117.0,112.0,60.0,174.0,104.0,11.0,
1239,21MI05,21MI,HZ University of Applied Sciences,Roosendaal,2021,voltijd,hbo,ad,NL,realisatie,322.0,134.0,87.0,129.0,106.0,134.0,157.0,31.0,
1240,21MI05,21MI,HZ University of Applied Sciences,Roosendaal,2022,voltijd,hbo,ad,NL,realisatie,309.0,154.0,93.0,96.0,120.0,152.0,105.0,52.0,
1241,21MI05,21MI,HZ University of Applied Sciences,Roosendaal,2023,voltijd,hbo,ad,NL,realisatie,355.0,194.0,106.0,117.0,132.0,190.0,127.0,38.0,
1242,21MI05,21MI,HZ University of Applied Sciences,Roosendaal,2024,voltijd,hbo,ad,NL,realisatie,382.0,187.0,104.0,118.0,160.0,176.0,161.0,45.0,
1243,21MI05,21MI,HZ University of Applied Sciences,Roosendaal,2020,voltijd,hbo,ad,niet-EER,realisatie,0.0,0.0,0.0,0.0,0.0,0.0,0.0,0.0,
1244,21MI05,21MI,HZ University of Applied Sciences,Roosendaal,2021,voltijd,hbo,ad,niet-EER,realisatie,0.0,0.0,0.0,0.0,0.0,0.0,0.0,0.0,
1245,21MI05,21MI,HZ University of Applied Sciences,Roosendaal,2024,voltijd,hbo,ad,niet-EER,realisatie,0.0,0.0,0.0,0.0,0.0,0.0,0.0,0.0,
1246,21PB00,21PB,Universiteit Leiden,Leiden,2017,deeltijd,wo,ba,EER,realisatie,6.0,0.0,0.0,0.0,0.0,0.0,0.0,0.0,Zuid-Holland
1247,21PB00,21PB,Universiteit Leiden,Leiden,2018,deeltijd,wo,ba,EER,realisatie,9.0,0.0,0.0,0.0,8.0,0.0,0.0,0.0,Zuid-Holland
1248,21PB00,21PB,Universiteit Leiden,Leiden,2019,deeltijd,wo,ba,EER,realisatie,6.0,0.0,0.0,0.0,0.0,0.0,0.0,0.0,Zuid-Holland
1249,21PB00,21PB,Universiteit Leiden,Leiden,2020,deeltijd,wo,ba,EER,realisatie,8.0,6.0,0.0,0.0,0.0,0.0,0.0,0.0,Zuid-Holland
1250,21PB00,21PB,Universiteit Leiden,Leiden,2021,deeltijd,wo,ba,EER,realisatie,9.0,6.0,0.0,0.0,0.0,0.0,0.0,0.0,Zuid-Holland
1251,21PB00,21PB,Universiteit Leiden,Leiden,2022,deeltijd,wo,ba,EER,realisatie,10.0,0.0,0.0,0.0,0.0,0.0,0.0,0.0,Zuid-Holland
1252,21PB00,21PB,Universiteit Leiden,Leiden,2023,deeltijd,wo,ba,EER,realisatie,11.0,0.0,0.0,0.0,8.0,0.0,0.0,6.0,Zuid-Holland
1253,21PB00,21PB,Universiteit Leiden,Leiden,2024,deeltijd,wo,ba,EER,realisatie,8.0,0.0,0.0,0.0,6.0,0.0,0.0,0.0,Zuid-Holland
1254,21PB00,21PB,Universiteit Leiden,Leiden,2017,deeltijd,wo,ba,NL,realisatie,234.0,91.0,11.0,16.0,207.0,33.0,29.0,172.0,Zuid-Holland
1255,21PB00,21PB,Universiteit Leiden,Leiden,2018,deeltijd,wo,ba,NL,realisatie,232.0,85.0,9.0,18.0,205.0,36.0,32.0,164.0,Zuid-Holland
1256,21PB00,21PB,Universiteit Leiden,Leiden,2019,deeltijd,wo,ba,NL,realisatie,204.0,62.0,10.0,9.0,185.0,27.0,30.0,147.0,Zuid-Holland
1257,21PB00,21PB,Universiteit Leiden,Leiden,2020,deeltijd,wo,ba,NL,realisatie,207.0,71.0,9.0,8.0,190.0,20.0,23.0,164.0,Zuid-Holland
1258,21PB00,21PB,Universiteit Leiden,Leiden,2021,deeltijd,wo,ba,NL,realisatie,217.0,94.0,7.0,21.0,189.0,22.0,33.0,162.0,Zuid-Holland
1259,21PB00,21PB,Universiteit Leiden,Leiden,2022,deeltijd,wo,ba,NL,realisatie,211.0,88.0,8.0,12.0,191.0,24.0,24.0,163.0,Zuid-Holland
1260,21PB00,21PB,Universiteit Leiden,Leiden,2023,deeltijd,wo,ba,NL,realisatie,185.0,71.0,11.0,9.0,165.0,22.0,23.0,140.0,Zuid-Holland
1261,21PB00,21PB,Universiteit Leiden,Leiden,2024,deeltijd,wo,ba,NL,realisatie,157.0,69.0,0.0,10.0,144.0,18.0,18.0,121.0,Zuid-Holland
1262,21PB00,21PB,Universiteit Leiden,Leiden,2017,deeltijd,wo,ba,niet-EER,realisatie,0.0,0.0,0.0,0.0,0.0,0.0,0.0,0.0,Zuid-Holland
1263,21PB00,21PB,Universiteit Leiden,Leiden,2018,deeltijd,wo,ba,niet-EER,realisatie,6.0,0.0,0.0,0.0,0.0,0.0,0.0,0.0,Zuid-Holland
1264,21PB00,21PB,Universiteit Leiden,Leiden,2019,deeltijd,wo,ba,niet-EER,realisatie,8.0,0.0,0.0,0.0,0.0,0.0,0.0,0.0,Zuid-Holland
1265,21PB00,21PB,Universiteit Leiden,Leiden,2020,deeltijd,wo,ba,niet-EER,realisatie,0.0,0.0,0.0,0.0,0.0,0.0,0.0,0.0,Zuid-Holland
1266,21PB00,21PB,Universiteit Leiden,Leiden,2021,deeltijd,wo,ba,niet-EER,realisatie,7.0,0.0,0.0,0.0,0.0,0.0,0.0,0.0,Zuid-Holland
1267,21PB00,21PB,Universiteit Leiden,Leiden,2022,deeltijd,wo,ba,niet-EER,realisatie,0.0,0.0,0.0,0.0,0.0,0.0,0.0,0.0,Zuid-Holland
1268,21PB00,21PB,Universiteit Leiden,Leiden,2023,deeltijd,wo,ba,niet-EER,realisatie,0.0,0.0,0.0,0.0,0.0,0.0,0.0,0.0,Zuid-Holland
1269,21PB00,21PB,Universiteit Leiden,Leiden,2024,deeltijd,wo,ba,niet-EER,realisatie,0.0,0.0,0.0,0.0,0.0,0.0,0.0,0.0,Zuid-Holland
1270,21PB00,21PB,Universiteit Leiden,Leiden,2017,deeltijd,wo,ma,EER,realisatie,13.0,9.0,0.0,0.0,0.0,0.0,0.0,0.0,Zuid-Holland
1271,21PB00,21PB,Universiteit Leiden,Leiden,2018,deeltijd,wo,ma,EER,realisatie,12.0,0.0,0.0,0.0,6.0,0.0,0.0,0.0,Zuid-Holland
1272,21PB00,21PB,Universiteit Leiden,Leiden,2019,deeltijd,wo,ma,EER,realisatie,11.0,7.0,0.0,0.0,6.0,0.0,0.0,0.0,Zuid-Holland
1273,21PB00,21PB,Universiteit Leiden,Leiden,2020,deeltijd,wo,ma,EER,realisatie,12.0,6.0,0.0,0.0,9.0,0.0,0.0,6.0,Zuid-Holland
1274,21PB00,21PB,Universiteit Leiden,Leiden,2021,deeltijd,wo,ma,EER,realisatie,11.0,6.0,0.0,0.0,7.0,0.0,0.0,0.0,Zuid-Holland
1275,21PB00,21PB,Universiteit Leiden,Leiden,2022,deeltijd,wo,ma,EER,realisatie,21.0,16.0,0.0,7.0,10.0,10.0,6.0,0.0,Zuid-Holland
1276,21PB00,21PB,Universiteit Leiden,Leiden,2023,deeltijd,wo,ma,EER,realisatie,22.0,15.0,6.0,0.0,11.0,9.0,10.0,0.0,Zuid-Holland
1277,21PB00,21PB,Universiteit Leiden,Leiden,2024,deeltijd,wo,ma,EER,realisatie,24.0,12.0,0.0,7.0,12.0,9.0,8.0,7.0,Zuid-Holland
1278,21PB00,21PB,Universiteit Leiden,Leiden,2017,deeltijd,wo,ma,NL,realisatie,201.0,84.0,0.0,0.0,195.0,45.0,57.0,99.0,Zuid-Holland
1279,21PB00,21PB,Universiteit Leiden,Leiden,2018,deeltijd,wo,ma,NL,realisatie,173.0,61.0,0.0,0.0,167.0,39.0,30.0,104.0,Zuid-Holland
1280,21PB00,21PB,Universiteit Leiden,Leiden,2019,deeltijd,wo,ma,NL,realisatie,162.0,59.0,0.0,0.0,158.0,32.0,30.0,100.0,Zuid-Holland
1281,21PB00,21PB,Universiteit Leiden,Leiden,2020,deeltijd,wo,ma,NL,realisatie,142.0,60.0,0.0,0.0,139.0,36.0,23.0,83.0,Zuid-Holland
1282,21PB00,21PB,Universiteit Leiden,Leiden,2021,deeltijd,wo,ma,NL,realisatie,141.0,65.0,0.0,0.0,136.0,43.0,27.0,71.0,Zuid-Holland
1283,21PB00,21PB,Universiteit Leiden,Leiden,2022,deeltijd,wo,ma,NL,realisatie,135.0,60.0,0.0,0.0,127.0,38.0,33.0,64.0,Zuid-Holland
1284,21PB00,21PB,Universiteit Leiden,Leiden,2023,deeltijd,wo,ma,NL,realisatie,120.0,53.0,0.0,0.0,117.0,32.0,25.0,63.0,Zuid-Holland
1285,21PB00,21PB,Universiteit Leiden,Leiden,2024,deeltijd,wo,ma,NL,realisatie,106.0,54.0,0.0,0.0,102.0,30.0,21.0,55.0,Zuid-Holland
1286,21PB00,21PB,Universiteit Leiden,Leiden,2017,deeltijd,wo,ma,niet-EER,realisatie,0.0,0.0,0.0,0.0,0.0,0.0,0.0,0.0,Zuid-Holland
1287,21PB00,21PB,Universiteit Leiden,Leiden,2018,deeltijd,wo,ma,niet-EER,realisatie,9.0,8.0,0.0,0.0,0.0,0.0,0.0,0.0,Zuid-Holland
1288,21PB00,21PB,Universiteit Leiden,Leiden,2019,deeltijd,wo,ma,niet-EER,realisatie,6.0,0.0,0.0,0.0,0.0,0.0,0.0,0.0,Zuid-Holland
1289,21PB00,21PB,Universiteit Leiden,Leiden,2020,deeltijd,wo,ma,niet-EER,realisatie,0.0,0.0,0.0,0.0,0.0,0.0,0.0,0.0,Zuid-Holland
1290,21PB00,21PB,Universiteit Leiden,Leiden,2021,deeltijd,wo,ma,niet-EER,realisatie,6.0,0.0,0.0,0.0,0.0,0.0,0.0,0.0,Zuid-Holland
1291,21PB00,21PB,Universiteit Leiden,Leiden,2022,deeltijd,wo,ma,niet-EER,realisatie,0.0,0.0,0.0,0.0,0.0,0.0,0.0,0.0,Zuid-Holland
1292,21PB00,21PB,Universiteit Leiden,Leiden,2023,deeltijd,wo,ma,niet-EER,realisatie,0.0,0.0,0.0,0.0,0.0,0.0,0.0,0.0,Zuid-Holland
1293,21PB00,21PB,Universiteit Leiden,Leiden,2024,deeltijd,wo,ma,niet-EER,realisatie,0.0,0.0,0.0,0.0,0.0,0.0,0.0,0.0,Zuid-Holland
1294,21PB00,21PB,Universiteit Leiden,Leiden,2017,voltijd,wo,ba,EER,realisatie,566.0,327.0,307.0,114.0,145.0,323.0,109.0,134.0,Zuid-Holland
1295,21PB00,21PB,Universiteit Leiden,Leiden,2018,voltijd,wo,ba,EER,realisatie,755.0,341.0,319.0,251.0,185.0,332.0,254.0,169.0,Zuid-Holland
1296,21PB00,21PB,Universiteit Leiden,Leiden,2019,voltijd,wo,ba,EER,realisatie,950.0,350.0,330.0,267.0,353.0,339.0,275.0,336.0,Zuid-Holland
1297,21PB00,21PB,Universiteit Leiden,Leiden,2020,voltijd,wo,ba,EER,realisatie,985.0,339.0,314.0,277.0,394.0,327.0,277.0,381.0,Zuid-Holland
1298,21PB00,21PB,Universiteit Leiden,Leiden,2021,voltijd,wo,ba,EER,realisatie,1101.0,458.0,424.0,274.0,403.0,440.0,279.0,382.0,Zuid-Holland
1299,21PB00,21PB,Universiteit Leiden,Leiden,2022,voltijd,wo,ba,EER,realisatie,1206.0,421.0,383.0,366.0,457.0,397.0,375.0,434.0,Zuid-Holland
1300,21PB00,21PB,Universiteit Leiden,Leiden,2023,voltijd,wo,ba,EER,realisatie,1375.0,494.0,461.0,346.0,568.0,469.0,357.0,549.0,Zuid-Holland
1301,21PB00,21PB,Universiteit Leiden,Leiden,2024,voltijd,wo,ba,EER,realisatie,1426.0,484.0,448.0,410.0,568.0,465.0,404.0,557.0,Zuid-Holland
1302,21PB00,21PB,Universiteit Leiden,Leiden,2017,voltijd,wo,ba,NL,realisatie,13205.0,3646.0,2802.0,2626.0,7777.0,3343.0,2972.0,6890.0,Zuid-Holland
1303,21PB00,21PB,Universiteit Leiden,Leiden,2018,voltijd,wo,ba,NL,realisatie,13583.0,3803.0,2942.0,2788.0,7853.0,3496.0,2996.0,7091.0,Zuid-Holland
1304,21PB00,21PB,Universiteit Leiden,Leiden,2019,voltijd,wo,ba,NL,realisatie,13946.0,3799.0,2907.0,2912.0,8127.0,3473.0,3160.0,7313.0,Zuid-Holland
1305,21PB00,21PB,Universiteit Leiden,Leiden,2020,voltijd,wo,ba,NL,realisatie,14774.0,4347.0,3447.0,3011.0,8316.0,4042.0,3218.0,7514.0,Zuid-Holland
1306,21PB00,21PB,Universiteit Leiden,Leiden,2021,voltijd,wo,ba,NL,realisatie,15071.0,4115.0,3154.0,3300.0,8617.0,3796.0,3538.0,7737.0,Zuid-Holland
1307,21PB00,21PB,Universiteit Leiden,Leiden,2022,voltijd,wo,ba,NL,realisatie,14869.0,3596.0,2755.0,2973.0,9141.0,3299.0,3245.0,8325.0,Zuid-Holland
1308,21PB00,21PB,Universiteit Leiden,Leiden,2023,voltijd,wo,ba,NL,realisatie,14699.0,3635.0,2775.0,2736.0,9188.0,3296.0,2984.0,8419.0,Zuid-Holland
1309,21PB00,21PB,Universiteit Leiden,Leiden,2024,voltijd,wo,ba,NL,realisatie,14345.0,3724.0,2855.0,2791.0,8699.0,3405.0,2975.0,7965.0,Zuid-Holland
1310,21PB00,21PB,Universiteit Leiden,Leiden,2017,voltijd,wo,ba,niet-EER,realisatie,162.0,93.0,84.0,26.0,52.0,87.0,26.0,49.0,Zuid-Holland
1311,21PB00,21PB,Universiteit Leiden,Leiden,2018,voltijd,wo,ba,niet-EER,realisatie,200.0,102.0,93.0,52.0,55.0,100.0,52.0,48.0,Zuid-Holland
1312,21PB00,21PB,Universiteit Leiden,Leiden,2019,voltijd,wo,ba,niet-EER,realisatie,263.0,127.0,115.0,65.0,83.0,119.0,69.0,75.0,Zuid-Holland
1313,21PB00,21PB,Universiteit Leiden,Leiden,2020,voltijd,wo,ba,niet-EER,realisatie,292.0,104.0,90.0,83.0,119.0,98.0,85.0,109.0,Zuid-Holland
1314,21PB00,21PB,Universiteit Leiden,Leiden,2021,voltijd,wo,ba,niet-EER,realisatie,300.0,109.0,98.0,64.0,138.0,101.0,67.0,132.0,Zuid-Holland
1315,21PB00,21PB,Universiteit Leiden,Leiden,2022,voltijd,wo,ba,niet-EER,realisatie,335.0,145.0,131.0,88.0,116.0,138.0,87.0,110.0,Zuid-Holland
1316,21PB00,21PB,Universiteit Leiden,Leiden,2023,voltijd,wo,ba,niet-EER,realisatie,409.0,171.0,154.0,121.0,134.0,164.0,120.0,125.0,Zuid-Holland
1317,21PB00,21PB,Universiteit Leiden,Leiden,2024,voltijd,wo,ba,niet-EER,realisatie,465.0,167.0,146.0,135.0,184.0,156.0,139.0,170.0,Zuid-Holland
1318,21PB00,21PB,Universiteit Leiden,Leiden,2017,voltijd,wo,ma,EER,realisatie,1068.0,627.0,475.0,228.0,365.0,618.0,268.0,182.0,Zuid-Holland
1319,21PB00,21PB,Universiteit Leiden,Leiden,2018,voltijd,wo,ma,EER,realisatie,1107.0,622.0,445.0,234.0,428.0,604.0,296.0,207.0,Zuid-Holland
1320,21PB00,21PB,Universiteit Leiden,Leiden,2019,voltijd,wo,ma,EER,realisatie,1149.0,647.0,468.0,203.0,478.0,631.0,283.0,235.0,Zuid-Holland
1321,21PB00,21PB,Universiteit Leiden,Leiden,2020,voltijd,wo,ma,EER,realisatie,1391.0,860.0,528.0,236.0,627.0,845.0,307.0,239.0,Zuid-Holland
1322,21PB00,21PB,Universiteit Leiden,Leiden,2021,voltijd,wo,ma,EER,realisatie,1628.0,885.0,544.0,289.0,795.0,868.0,481.0,279.0,Zuid-Holland
1323,21PB00,21PB,Universiteit Leiden,Leiden,2022,voltijd,wo,ma,EER,realisatie,1613.0,784.0,510.0,302.0,801.0,768.0,492.0,353.0,Zuid-Holland
1324,21PB00,21PB,Universiteit Leiden,Leiden,2023,voltijd,wo,ma,EER,realisatie,1559.0,756.0,452.0,287.0,820.0,743.0,433.0,383.0,Zuid-Holland
1325,21PB00,21PB,Universiteit Leiden,Leiden,2024,voltijd,wo,ma,EER,realisatie,1689.0,915.0,504.0,254.0,931.0,904.0,419.0,366.0,Zuid-Holland
1326,21PB00,21PB,Universiteit Leiden,Leiden,2017,voltijd,wo,ma,NL,realisatie,7348.0,2983.0,41.0,44.0,7263.0,2892.0,2326.0,2130.0,Zuid-Holland
1327,21PB00,21PB,Universiteit Leiden,Leiden,2018,voltijd,wo,ma,NL,realisatie,7183.0,2844.0,49.0,33.0,7101.0,2736.0,2323.0,2124.0,Zuid-Holland
1328,21PB00,21PB,Universiteit Leiden,Leiden,2019,voltijd,wo,ma,NL,realisatie,7304.0,2896.0,46.0,34.0,7224.0,2798.0,2265.0,2241.0,Zuid-Holland
1329,21PB00,21PB,Universiteit Leiden,Leiden,2020,voltijd,wo,ma,NL,realisatie,7668.0,3244.0,43.0,42.0,7583.0,3137.0,2226.0,2305.0,Zuid-Holland
1330,21PB00,21PB,Universiteit Leiden,Leiden,2021,voltijd,wo,ma,NL,realisatie,7835.0,3107.0,47.0,46.0,7742.0,2971.0,2527.0,2337.0,Zuid-Holland
1331,21PB00,21PB,Universiteit Leiden,Leiden,2022,voltijd,wo,ma,NL,realisatie,7467.0,2589.0,37.0,23.0,7407.0,2489.0,2399.0,2579.0,Zuid-Holland
1332,21PB00,21PB,Universiteit Leiden,Leiden,2023,voltijd,wo,ma,NL,realisatie,7121.0,2751.0,25.0,25.0,7071.0,2649.0,1968.0,2504.0,Zuid-Holland
1333,21PB00,21PB,Universiteit Leiden,Leiden,2024,voltijd,wo,ma,NL,realisatie,7401.0,3071.0,40.0,26.0,7335.0,2974.0,2183.0,2244.0,Zuid-Holland
1334,21PB00,21PB,Universiteit Leiden,Leiden,2017,voltijd,wo,ma,niet-EER,realisatie,539.0,344.0,297.0,136.0,106.0,342.0,140.0,57.0,Zuid-Holland
1335,21PB00,21PB,Universiteit Leiden,Leiden,2018,voltijd,wo,ma,niet-EER,realisatie,593.0,378.0,323.0,161.0,109.0,371.0,157.0,65.0,Zuid-Holland
1336,21PB00,21PB,Universiteit Leiden,Leiden,2019,voltijd,wo,ma,niet-EER,realisatie,627.0,408.0,358.0,140.0,129.0,404.0,139.0,84.0,Zuid-Holland
1337,21PB00,21PB,Universiteit Leiden,Leiden,2020,voltijd,wo,ma,niet-EER,realisatie,634.0,354.0,287.0,196.0,151.0,343.0,201.0,90.0,Zuid-Holland
1338,21PB00,21PB,Universiteit Leiden,Leiden,2021,voltijd,wo,ma,niet-EER,realisatie,599.0,322.0,245.0,170.0,184.0,312.0,184.0,103.0,Zuid-Holland
1339,21PB00,21PB,Universiteit Leiden,Leiden,2022,voltijd,wo,ma,niet-EER,realisatie,592.0,330.0,257.0,155.0,180.0,320.0,179.0,93.0,Zuid-Holland
1340,21PB00,21PB,Universiteit Leiden,Leiden,2023,voltijd,wo,ma,niet-EER,realisatie,646.0,395.0,322.0,157.0,167.0,391.0,184.0,71.0,Zuid-Holland
1341,21PB00,21PB,Universiteit Leiden,Leiden,2024,voltijd,wo,ma,niet-EER,realisatie,848.0,520.0,430.0,207.0,211.0,514.0,230.0,104.0,Zuid-Holland
1342,21PB12,21PB,Universiteit Leiden,'s-Gravenhage,2018,deeltijd,wo,ma,EER,realisatie,0.0,0.0,0.0,0.0,0.0,0.0,0.0,0.0,Zuid-Holland
1343,21PB12,21PB,Universiteit Leiden,'s-Gravenhage,2019,deeltijd,wo,ma,EER,realisatie,0.0,0.0,0.0,0.0,0.0,0.0,0.0,0.0,Zuid-Holland
1344,21PB12,21PB,Universiteit Leiden,'s-Gravenhage,2021,deeltijd,wo,ma,EER,realisatie,0.0,0.0,0.0,0.0,0.0,0.0,0.0,0.0,Zuid-Holland
1345,21PB12,21PB,Universiteit Leiden,'s-Gravenhage,2022,deeltijd,wo,ma,EER,realisatie,0.0,0.0,0.0,0.0,0.0,0.0,0.0,0.0,Zuid-Holland
1346,21PB12,21PB,Universiteit Leiden,'s-Gravenhage,2023,deeltijd,wo,ma,EER,realisatie,0.0,0.0,0.0,0.0,0.0,0.0,0.0,0.0,Zuid-Holland
1347,21PB12,21PB,Universiteit Leiden,'s-Gravenhage,2024,deeltijd,wo,ma,EER,realisatie,0.0,0.0,0.0,0.0,0.0,0.0,0.0,0.0,Zuid-Holland
1348,21PB12,21PB,Universiteit Leiden,'s-Gravenhage,2017,deeltijd,wo,ma,NL,realisatie,10.0,0.0,0.0,0.0,10.0,0.0,0.0,7.0,Zuid-Holland
1349,21PB12,21PB,Universiteit Leiden,'s-Gravenhage,2018,deeltijd,wo,ma,NL,realisatie,6.0,0.0,0.0,0.0,6.0,0.0,0.0,0.0,Zuid-Holland
1350,21PB12,21PB,Universiteit Leiden,'s-Gravenhage,2019,deeltijd,wo,ma,NL,realisatie,0.0,0.0,0.0,0.0,0.0,0.0,0.0,0.0,Zuid-Holland
1351,21PB12,21PB,Universiteit Leiden,'s-Gravenhage,2020,deeltijd,wo,ma,NL,realisatie,0.0,0.0,0.0,0.0,0.0,0.0,0.0,0.0,Zuid-Holland
1352,21PB12,21PB,Universiteit Leiden,'s-Gravenhage,2021,deeltijd,wo,ma,NL,realisatie,0.0,0.0,0.0,0.0,0.0,0.0,0.0,0.0,Zuid-Holland
1353,21PB12,21PB,Universiteit Leiden,'s-Gravenhage,2022,deeltijd,wo,ma,NL,realisatie,0.0,0.0,0.0,0.0,0.0,0.0,0.0,0.0,Zuid-Holland
1354,21PB12,21PB,Universiteit Leiden,'s-Gravenhage,2023,deeltijd,wo,ma,NL,realisatie,6.0,0.0,0.0,0.0,6.0,0.0,0.0,0.0,Zuid-Holland
1355,21PB12,21PB,Universiteit Leiden,'s-Gravenhage,2024,deeltijd,wo,ma,NL,realisatie,0.0,0.0,0.0,0.0,0.0,0.0,0.0,0.0,Zuid-Holland
1356,21PB12,21PB,Universiteit Leiden,'s-Gravenhage,2017,voltijd,wo,ba,EER,realisatie,966.0,433.0,415.0,270.0,281.0,427.0,273.0,266.0,Zuid-Holland
1357,21PB12,21PB,Universiteit Leiden,'s-Gravenhage,2018,voltijd,wo,ba,EER,realisatie,1216.0,516.0,482.0,390.0,344.0,505.0,387.0,324.0,Zuid-Holland
1358,21PB12,21PB,Universiteit Leiden,'s-Gravenhage,2019,voltijd,wo,ba,EER,realisatie,1443.0,537.0,514.0,445.0,484.0,527.0,455.0,461.0,Zuid-Holland
1359,21PB12,21PB,Universiteit Leiden,'s-Gravenhage,2020,voltijd,wo,ba,EER,realisatie,1621.0,572.0,539.0,495.0,587.0,561.0,493.0,567.0,Zuid-Holland
1360,21PB12,21PB,Universiteit Leiden,'s-Gravenhage,2021,voltijd,wo,ba,EER,realisatie,1855.0,708.0,688.0,503.0,664.0,695.0,516.0,644.0,Zuid-Holland
1361,21PB12,21PB,Universiteit Leiden,'s-Gravenhage,2022,voltijd,wo,ba,EER,realisatie,2052.0,748.0,708.0,633.0,711.0,733.0,620.0,699.0,Zuid-Holland
1362,21PB12,21PB,Universiteit Leiden,'s-Gravenhage,2023,voltijd,wo,ba,EER,realisatie,2124.0,647.0,616.0,654.0,854.0,630.0,668.0,826.0,Zuid-Holland
1363,21PB12,21PB,Universiteit Leiden,'s-Gravenhage,2024,voltijd,wo,ba,EER,realisatie,2056.0,630.0,592.0,564.0,900.0,611.0,562.0,883.0,Zuid-Holland
1364,21PB12,21PB,Universiteit Leiden,'s-Gravenhage,2017,voltijd,wo,ba,NL,realisatie,2286.0,756.0,550.0,498.0,1238.0,702.0,536.0,1048.0,Zuid-Holland
1365,21PB12,21PB,Universiteit Leiden,'s-Gravenhage,2018,voltijd,wo,ba,NL,realisatie,2553.0,812.0,641.0,655.0,1257.0,777.0,687.0,1089.0,Zuid-Holland
1366,21PB12,21PB,Universiteit Leiden,'s-Gravenhage,2019,voltijd,wo,ba,NL,realisatie,2836.0,818.0,626.0,700.0,1510.0,768.0,765.0,1303.0,Zuid-Holland
1367,21PB12,21PB,Universiteit Leiden,'s-Gravenhage,2020,voltijd,wo,ba,NL,realisatie,2989.0,924.0,714.0,655.0,1620.0,870.0,707.0,1412.0,Zuid-Holland
1368,21PB12,21PB,Universiteit Leiden,'s-Gravenhage,2021,voltijd,wo,ba,NL,realisatie,3009.0,771.0,570.0,790.0,1649.0,730.0,838.0,1441.0,Zuid-Holland
1369,21PB12,21PB,Universiteit Leiden,'s-Gravenhage,2022,voltijd,wo,ba,NL,realisatie,2949.0,676.0,507.0,642.0,1800.0,631.0,735.0,1583.0,Zuid-Holland
1370,21PB12,21PB,Universiteit Leiden,'s-Gravenhage,2023,voltijd,wo,ba,NL,realisatie,2946.0,703.0,487.0,604.0,1855.0,643.0,651.0,1652.0,Zuid-Holland
1371,21PB12,21PB,Universiteit Leiden,'s-Gravenhage,2024,voltijd,wo,ba,NL,realisatie,2835.0,689.0,501.0,575.0,1759.0,632.0,637.0,1566.0,Zuid-Holland
1372,21PB12,21PB,Universiteit Leiden,'s-Gravenhage,2017,voltijd,wo,ba,niet-EER,realisatie,324.0,138.0,129.0,116.0,79.0,137.0,115.0,72.0,Zuid-Holland
1373,21PB12,21PB,Universiteit Leiden,'s-Gravenhage,2018,voltijd,wo,ba,niet-EER,realisatie,386.0,149.0,141.0,115.0,130.0,144.0,119.0,123.0,Zuid-Holland
1374,21PB12,21PB,Universiteit Leiden,'s-Gravenhage,2019,voltijd,wo,ba,niet-EER,realisatie,410.0,139.0,128.0,133.0,149.0,133.0,134.0,143.0,Zuid-Holland
1375,21PB12,21PB,Universiteit Leiden,'s-Gravenhage,2020,voltijd,wo,ba,niet-EER,realisatie,412.0,124.0,113.0,121.0,178.0,118.0,123.0,171.0,Zuid-Holland
1376,21PB12,21PB,Universiteit Leiden,'s-Gravenhage,2021,voltijd,wo,ba,niet-EER,realisatie,398.0,138.0,127.0,105.0,166.0,131.0,106.0,161.0,Zuid-Holland
1377,21PB12,21PB,Universiteit Leiden,'s-Gravenhage,2022,voltijd,wo,ba,niet-EER,realisatie,377.0,113.0,100.0,120.0,157.0,103.0,121.0,153.0,Zuid-Holland
1378,21PB12,21PB,Universiteit Leiden,'s-Gravenhage,2023,voltijd,wo,ba,niet-EER,realisatie,374.0,124.0,114.0,92.0,168.0,118.0,90.0,166.0,Zuid-Holland
1379,21PB12,21PB,Universiteit Leiden,'s-Gravenhage,2024,voltijd,wo,ba,niet-EER,realisatie,354.0,119.0,107.0,108.0,139.0,112.0,108.0,134.0,Zuid-Holland
1380,21PB12,21PB,Universiteit Leiden,'s-Gravenhage,2017,voltijd,wo,ma,EER,realisatie,129.0,86.0,57.0,28.0,44.0,85.0,28.0,16.0,Zuid-Holland
1381,21PB12,21PB,Universiteit Leiden,'s-Gravenhage,2018,voltijd,wo,ma,EER,realisatie,122.0,66.0,38.0,35.0,49.0,66.0,33.0,23.0,Zuid-Holland
1382,21PB12,21PB,Universiteit Leiden,'s-Gravenhage,2019,voltijd,wo,ma,EER,realisatie,164.0,115.0,69.0,23.0,72.0,113.0,30.0,21.0,Zuid-Holland
1383,21PB12,21PB,Universiteit Leiden,'s-Gravenhage,2020,voltijd,wo,ma,EER,realisatie,261.0,191.0,117.0,35.0,109.0,191.0,54.0,16.0,Zuid-Holland
1384,21PB12,21PB,Universiteit Leiden,'s-Gravenhage,2021,voltijd,wo,ma,EER,realisatie,336.0,217.0,126.0,66.0,144.0,213.0,88.0,35.0,Zuid-Holland
1385,21PB12,21PB,Universiteit Leiden,'s-Gravenhage,2022,voltijd,wo,ma,EER,realisatie,349.0,231.0,118.0,53.0,178.0,230.0,77.0,42.0,Zuid-Holland
1386,21PB12,21PB,Universiteit Leiden,'s-Gravenhage,2023,voltijd,wo,ma,EER,realisatie,374.0,267.0,144.0,41.0,189.0,265.0,73.0,36.0,Zuid-Holland
1387,21PB12,21PB,Universiteit Leiden,'s-Gravenhage,2024,voltijd,wo,ma,EER,realisatie,486.0,359.0,174.0,49.0,263.0,356.0,92.0,38.0,Zuid-Holland
1388,21PB12,21PB,Universiteit Leiden,'s-Gravenhage,2017,voltijd,wo,ma,NL,realisatie,614.0,327.0,7.0,0.0,603.0,321.0,152.0,141.0,Zuid-Holland
1389,21PB12,21PB,Universiteit Leiden,'s-Gravenhage,2018,voltijd,wo,ma,NL,realisatie,841.0,445.0,8.0,7.0,826.0,432.0,215.0,194.0,Zuid-Holland
1390,21PB12,21PB,Universiteit Leiden,'s-Gravenhage,2019,voltijd,wo,ma,NL,realisatie,845.0,428.0,0.0,7.0,835.0,417.0,235.0,193.0,Zuid-Holland
1391,21PB12,21PB,Universiteit Leiden,'s-Gravenhage,2020,voltijd,wo,ma,NL,realisatie,943.0,478.0,11.0,9.0,923.0,468.0,264.0,211.0,Zuid-Holland
1392,21PB12,21PB,Universiteit Leiden,'s-Gravenhage,2021,voltijd,wo,ma,NL,realisatie,1075.0,574.0,9.0,11.0,1055.0,559.0,279.0,237.0,Zuid-Holland
1393,21PB12,21PB,Universiteit Leiden,'s-Gravenhage,2022,voltijd,wo,ma,NL,realisatie,941.0,477.0,8.0,0.0,928.0,471.0,241.0,229.0,Zuid-Holland
1394,21PB12,21PB,Universiteit Leiden,'s-Gravenhage,2023,voltijd,wo,ma,NL,realisatie,928.0,533.0,6.0,0.0,918.0,518.0,205.0,205.0,Zuid-Holland
1395,21PB12,21PB,Universiteit Leiden,'s-Gravenhage,2024,voltijd,wo,ma,NL,realisatie,970.0,589.0,13.0,6.0,951.0,576.0,247.0,147.0,Zuid-Holland
1396,21PB12,21PB,Universiteit Leiden,'s-Gravenhage,2017,voltijd,wo,ma,niet-EER,realisatie,47.0,37.0,27.0,7.0,13.0,36.0,8.0,0.0,Zuid-Holland
1397,21PB12,21PB,Universiteit Leiden,'s-Gravenhage,2018,voltijd,wo,ma,niet-EER,realisatie,65.0,42.0,27.0,20.0,18.0,40.0,19.0,6.0,Zuid-Holland
1398,21PB12,21PB,Universiteit Leiden,'s-Gravenhage,2019,voltijd,wo,ma,niet-EER,realisatie,64.0,46.0,35.0,8.0,21.0,46.0,11.0,7.0,Zuid-Holland
1399,21PB12,21PB,Universiteit Leiden,'s-Gravenhage,2020,voltijd,wo,ma,niet-EER,realisatie,92.0,64.0,49.0,19.0,24.0,63.0,24.0,0.0,Zuid-Holland
1400,21PB12,21PB,Universiteit Leiden,'s-Gravenhage,2021,voltijd,wo,ma,niet-EER,realisatie,99.0,58.0,43.0,29.0,27.0,58.0,31.0,10.0,Zuid-Holland
1401,21PB12,21PB,Universiteit Leiden,'s-Gravenhage,2022,voltijd,wo,ma,niet-EER,realisatie,101.0,60.0,33.0,26.0,42.0,59.0,28.0,14.0,Zuid-Holland
1402,21PB12,21PB,Universiteit Leiden,'s-Gravenhage,2023,voltijd,wo,ma,niet-EER,realisatie,106.0,79.0,57.0,12.0,37.0,77.0,19.0,10.0,Zuid-Holland
1403,21PB12,21PB,Universiteit Leiden,'s-Gravenhage,2024,voltijd,wo,ma,niet-EER,realisatie,145.0,108.0,72.0,26.0,47.0,106.0,28.0,11.0,Zuid-Holland
1404,21PC00,21PC,Rijksuniversiteit Groningen,Groningen,2017,deeltijd,wo,ba,EER,realisatie,0.0,0.0,0.0,0.0,0.0,0.0,0.0,0.0,Groningen
1405,21PC00,21PC,Rijksuniversiteit Groningen,Groningen,2018,deeltijd,wo,ba,EER,realisatie,0.0,0.0,0.0,0.0,0.0,0.0,0.0,0.0,Groningen
1406,21PC00,21PC,Rijksuniversiteit Groningen,Groningen,2019,deeltijd,wo,ba,EER,realisatie,0.0,0.0,0.0,0.0,0.0,0.0,0.0,0.0,Groningen
1407,21PC00,21PC,Rijksuniversiteit Groningen,Groningen,2020,deeltijd,wo,ba,EER,realisatie,0.0,0.0,0.0,0.0,0.0,0.0,0.0,0.0,Groningen
1408,21PC00,21PC,Rijksuniversiteit Groningen,Groningen,2021,deeltijd,wo,ba,EER,realisatie,0.0,0.0,0.0,0.0,0.0,0.0,0.0,0.0,Groningen
1409,21PC00,21PC,Rijksuniversiteit Groningen,Groningen,2022,deeltijd,wo,ba,EER,realisatie,6.0,0.0,0.0,0.0,0.0,0.0,0.0,0.0,Groningen
1410,21PC00,21PC,Rijksuniversiteit Groningen,Groningen,2024,deeltijd,wo,ba,EER,realisatie,0.0,0.0,0.0,0.0,0.0,0.0,0.0,0.0,Groningen
1411,21PC00,21PC,Rijksuniversiteit Groningen,Groningen,2017,deeltijd,wo,ba,NL,realisatie,112.0,51.0,0.0,0.0,105.0,20.0,15.0,77.0,Groningen
1412,21PC00,21PC,Rijksuniversiteit Groningen,Groningen,2018,deeltijd,wo,ba,NL,realisatie,75.0,29.0,0.0,0.0,71.0,14.0,14.0,47.0,Groningen
1413,21PC00,21PC,Rijksuniversiteit Groningen,Groningen,2019,deeltijd,wo,ba,NL,realisatie,63.0,27.0,0.0,0.0,59.0,10.0,8.0,45.0,Groningen
1414,21PC00,21PC,Rijksuniversiteit Groningen,Groningen,2020,deeltijd,wo,ba,NL,realisatie,68.0,37.0,0.0,0.0,63.0,11.0,9.0,48.0,Groningen
1415,21PC00,21PC,Rijksuniversiteit Groningen,Groningen,2021,deeltijd,wo,ba,NL,realisatie,80.0,42.0,0.0,0.0,76.0,19.0,0.0,56.0,Groningen
1416,21PC00,21PC,Rijksuniversiteit Groningen,Groningen,2022,deeltijd,wo,ba,NL,realisatie,76.0,35.0,0.0,0.0,71.0,19.0,11.0,46.0,Groningen
1417,21PC00,21PC,Rijksuniversiteit Groningen,Groningen,2023,deeltijd,wo,ba,NL,realisatie,88.0,46.0,6.0,0.0,78.0,21.0,16.0,51.0,Groningen
1418,21PC00,21PC,Rijksuniversiteit Groningen,Groningen,2024,deeltijd,wo,ba,NL,realisatie,67.0,27.0,0.0,0.0,64.0,11.0,9.0,47.0,Groningen
1419,21PC00,21PC,Rijksuniversiteit Groningen,Groningen,2017,deeltijd,wo,ba,niet-EER,realisatie,0.0,0.0,0.0,0.0,0.0,0.0,0.0,0.0,Groningen
1420,21PC00,21PC,Rijksuniversiteit Groningen,Groningen,2020,deeltijd,wo,ba,niet-EER,realisatie,0.0,0.0,0.0,0.0,0.0,0.0,0.0,0.0,Groningen
1421,21PC00,21PC,Rijksuniversiteit Groningen,Groningen,2021,deeltijd,wo,ba,niet-EER,realisatie,0.0,0.0,0.0,0.0,0.0,0.0,0.0,0.0,Groningen
1422,21PC00,21PC,Rijksuniversiteit Groningen,Groningen,2022,deeltijd,wo,ba,niet-EER,realisatie,0.0,0.0,0.0,0.0,0.0,0.0,0.0,0.0,Groningen
1423,21PC00,21PC,Rijksuniversiteit Groningen,Groningen,2024,deeltijd,wo,ba,niet-EER,realisatie,0.0,0.0,0.0,0.0,0.0,0.0,0.0,0.0,Groningen
1424,21PC00,21PC,Rijksuniversiteit Groningen,Groningen,2017,deeltijd,wo,ma,EER,realisatie,0.0,0.0,0.0,0.0,0.0,0.0,0.0,0.0,Groningen
1425,21PC00,21PC,Rijksuniversiteit Groningen,Groningen,2018,deeltijd,wo,ma,EER,realisatie,0.0,0.0,0.0,0.0,0.0,0.0,0.0,0.0,Groningen
1426,21PC00,21PC,Rijksuniversiteit Groningen,Groningen,2019,deeltijd,wo,ma,EER,realisatie,0.0,0.0,0.0,0.0,0.0,0.0,0.0,0.0,Groningen
1427,21PC00,21PC,Rijksuniversiteit Groningen,Groningen,2020,deeltijd,wo,ma,EER,realisatie,0.0,0.0,0.0,0.0,0.0,0.0,0.0,0.0,Groningen
1428,21PC00,21PC,Rijksuniversiteit Groningen,Groningen,2021,deeltijd,wo,ma,EER,realisatie,0.0,0.0,0.0,0.0,0.0,0.0,0.0,0.0,Groningen
1429,21PC00,21PC,Rijksuniversiteit Groningen,Groningen,2022,deeltijd,wo,ma,EER,realisatie,0.0,0.0,0.0,0.0,0.0,0.0,0.0,0.0,Groningen
1430,21PC00,21PC,Rijksuniversiteit Groningen,Groningen,2023,deeltijd,wo,ma,EER,realisatie,0.0,0.0,0.0,0.0,0.0,0.0,0.0,0.0,Groningen
1431,21PC00,21PC,Rijksuniversiteit Groningen,Groningen,2024,deeltijd,wo,ma,EER,realisatie,0.0,0.0,0.0,0.0,0.0,0.0,0.0,0.0,Groningen
1432,21PC00,21PC,Rijksuniversiteit Groningen,Groningen,2017,deeltijd,wo,ma,NL,realisatie,308.0,114.0,0.0,0.0,308.0,52.0,78.0,178.0,Groningen
1433,21PC00,21PC,Rijksuniversiteit Groningen,Groningen,2018,deeltijd,wo,ma,NL,realisatie,297.0,123.0,0.0,0.0,294.0,58.0,62.0,177.0,Groningen
1434,21PC00,21PC,Rijksuniversiteit Groningen,Groningen,2019,deeltijd,wo,ma,NL,realisatie,286.0,115.0,0.0,0.0,284.0,56.0,53.0,177.0,Groningen
1435,21PC00,21PC,Rijksuniversiteit Groningen,Groningen,2020,deeltijd,wo,ma,NL,realisatie,327.0,149.0,0.0,0.0,326.0,94.0,56.0,177.0,Groningen
1436,21PC00,21PC,Rijksuniversiteit Groningen,Groningen,2021,deeltijd,wo,ma,NL,realisatie,305.0,98.0,0.0,0.0,303.0,55.0,89.0,161.0,Groningen
1437,21PC00,21PC,Rijksuniversiteit Groningen,Groningen,2022,deeltijd,wo,ma,NL,realisatie,221.0,75.0,0.0,0.0,218.0,37.0,50.0,134.0,Groningen
1438,21PC00,21PC,Rijksuniversiteit Groningen,Groningen,2023,deeltijd,wo,ma,NL,realisatie,207.0,65.0,0.0,0.0,204.0,32.0,36.0,139.0,Groningen
1439,21PC00,21PC,Rijksuniversiteit Groningen,Groningen,2024,deeltijd,wo,ma,NL,realisatie,184.0,64.0,0.0,0.0,184.0,41.0,25.0,118.0,Groningen
1440,21PC00,21PC,Rijksuniversiteit Groningen,Groningen,2017,deeltijd,wo,ma,niet-EER,realisatie,0.0,0.0,0.0,0.0,0.0,0.0,0.0,0.0,Groningen
1441,21PC00,21PC,Rijksuniversiteit Groningen,Groningen,2018,deeltijd,wo,ma,niet-EER,realisatie,0.0,0.0,0.0,0.0,0.0,0.0,0.0,0.0,Groningen
1442,21PC00,21PC,Rijksuniversiteit Groningen,Groningen,2022,deeltijd,wo,ma,niet-EER,realisatie,0.0,0.0,0.0,0.0,0.0,0.0,0.0,0.0,Groningen
1443,21PC00,21PC,Rijksuniversiteit Groningen,Groningen,2023,deeltijd,wo,ma,niet-EER,realisatie,0.0,0.0,0.0,0.0,0.0,0.0,0.0,0.0,Groningen
1444,21PC00,21PC,Rijksuniversiteit Groningen,Groningen,2017,voltijd,wo,ba,EER,realisatie,2821.0,1142.0,1082.0,795.0,944.0,1120.0,790.0,911.0,Groningen
1445,21PC00,21PC,Rijksuniversiteit Groningen,Groningen,2018,voltijd,wo,ba,EER,realisatie,3561.0,1580.0,1498.0,883.0,1180.0,1534.0,898.0,1129.0,Groningen
1446,21PC00,21PC,Rijksuniversiteit Groningen,Groningen,2019,voltijd,wo,ba,EER,realisatie,3826.0,1308.0,1228.0,1222.0,1376.0,1280.0,1217.0,1329.0,Groningen
1447,21PC00,21PC,Rijksuniversiteit Groningen,Groningen,2020,voltijd,wo,ba,EER,realisatie,4224.0,1474.0,1370.0,1073.0,1781.0,1423.0,1087.0,1714.0,Groningen
1448,21PC00,21PC,Rijksuniversiteit Groningen,Groningen,2021,voltijd,wo,ba,EER,realisatie,4722.0,1887.0,1799.0,1149.0,1774.0,1860.0,1157.0,1705.0,Groningen
1449,21PC00,21PC,Rijksuniversiteit Groningen,Groningen,2022,voltijd,wo,ba,EER,realisatie,5038.0,1848.0,1760.0,1458.0,1820.0,1809.0,1464.0,1765.0,Groningen
1450,21PC00,21PC,Rijksuniversiteit Groningen,Groningen,2023,voltijd,wo,ba,EER,realisatie,5313.0,1684.0,1566.0,1518.0,2229.0,1616.0,1519.0,2178.0,Groningen
1451,21PC00,21PC,Rijksuniversiteit Groningen,Groningen,2024,voltijd,wo,ba,EER,realisatie,5113.0,1441.0,1333.0,1362.0,2418.0,1373.0,1378.0,2362.0,Groningen
1452,21PC00,21PC,Rijksuniversiteit Groningen,Groningen,2017,voltijd,wo,ba,NL,realisatie,15617.0,4820.0,3347.0,3223.0,9047.0,4419.0,3563.0,7635.0,Groningen
1453,21PC00,21PC,Rijksuniversiteit Groningen,Groningen,2018,voltijd,wo,ba,NL,realisatie,16172.0,5074.0,3461.0,3446.0,9265.0,4670.0,3789.0,7713.0,Groningen
1454,21PC00,21PC,Rijksuniversiteit Groningen,Groningen,2019,voltijd,wo,ba,NL,realisatie,16379.0,4920.0,3318.0,3437.0,9624.0,4551.0,3868.0,7960.0,Groningen
1455,21PC00,21PC,Rijksuniversiteit Groningen,Groningen,2020,voltijd,wo,ba,NL,realisatie,17107.0,5618.0,3881.0,3493.0,9733.0,5253.0,3822.0,8032.0,Groningen
1456,21PC00,21PC,Rijksuniversiteit Groningen,Groningen,2021,voltijd,wo,ba,NL,realisatie,17198.0,5115.0,3489.0,3993.0,9716.0,4792.0,4419.0,7987.0,Groningen
1457,21PC00,21PC,Rijksuniversiteit Groningen,Groningen,2022,voltijd,wo,ba,NL,realisatie,16876.0,4690.0,3218.0,3459.0,10199.0,4337.0,3853.0,8686.0,Groningen
1458,21PC00,21PC,Rijksuniversiteit Groningen,Groningen,2023,voltijd,wo,ba,NL,realisatie,16709.0,4603.0,3260.0,3193.0,10256.0,4213.0,3634.0,8862.0,Groningen
1459,21PC00,21PC,Rijksuniversiteit Groningen,Groningen,2024,voltijd,wo,ba,NL,realisatie,16507.0,4812.0,3432.0,3284.0,9791.0,4460.0,3577.0,8470.0,Groningen
1460,21PC00,21PC,Rijksuniversiteit Groningen,Groningen,2017,voltijd,wo,ba,niet-EER,realisatie,1025.0,497.0,457.0,295.0,273.0,482.0,298.0,245.0,Groningen
1461,21PC00,21PC,Rijksuniversiteit Groningen,Groningen,2018,voltijd,wo,ba,niet-EER,realisatie,1260.0,564.0,524.0,363.0,373.0,545.0,369.0,346.0,Groningen
1462,21PC00,21PC,Rijksuniversiteit Groningen,Groningen,2019,voltijd,wo,ba,niet-EER,realisatie,1374.0,514.0,485.0,407.0,482.0,506.0,407.0,461.0,Groningen
1463,21PC00,21PC,Rijksuniversiteit Groningen,Groningen,2020,voltijd,wo,ba,niet-EER,realisatie,1351.0,467.0,413.0,387.0,551.0,447.0,384.0,520.0,Groningen
1464,21PC00,21PC,Rijksuniversiteit Groningen,Groningen,2021,voltijd,wo,ba,niet-EER,realisatie,1310.0,461.0,420.0,330.0,560.0,444.0,340.0,526.0,Groningen
1465,21PC00,21PC,Rijksuniversiteit Groningen,Groningen,2022,voltijd,wo,ba,niet-EER,realisatie,1300.0,444.0,397.0,327.0,576.0,418.0,334.0,548.0,Groningen
1466,21PC00,21PC,Rijksuniversiteit Groningen,Groningen,2023,voltijd,wo,ba,niet-EER,realisatie,1186.0,379.0,336.0,323.0,527.0,358.0,320.0,508.0,Groningen
1467,21PC00,21PC,Rijksuniversiteit Groningen,Groningen,2024,voltijd,wo,ba,niet-EER,realisatie,1071.0,332.0,316.0,270.0,485.0,327.0,280.0,464.0,Groningen
1468,21PC00,21PC,Rijksuniversiteit Groningen,Groningen,2017,voltijd,wo,ma,EER,realisatie,1170.0,713.0,449.0,206.0,515.0,703.0,313.0,154.0,Groningen
1469,21PC00,21PC,Rijksuniversiteit Groningen,Groningen,2018,voltijd,wo,ma,EER,realisatie,1361.0,866.0,525.0,235.0,601.0,858.0,329.0,174.0,Groningen
1470,21PC00,21PC,Rijksuniversiteit Groningen,Groningen,2019,voltijd,wo,ma,EER,realisatie,1481.0,827.0,426.0,311.0,744.0,818.0,459.0,204.0,Groningen
1471,21PC00,21PC,Rijksuniversiteit Groningen,Groningen,2020,voltijd,wo,ma,EER,realisatie,1784.0,1084.0,559.0,278.0,947.0,1076.0,435.0,273.0,Groningen
1472,21PC00,21PC,Rijksuniversiteit Groningen,Groningen,2021,voltijd,wo,ma,EER,realisatie,2096.0,1265.0,743.0,366.0,987.0,1247.0,567.0,282.0,Groningen
1473,21PC00,21PC,Rijksuniversiteit Groningen,Groningen,2022,voltijd,wo,ma,EER,realisatie,2128.0,1133.0,604.0,442.0,1082.0,1112.0,686.0,330.0,Groningen
1474,21PC00,21PC,Rijksuniversiteit Groningen,Groningen,2023,voltijd,wo,ma,EER,realisatie,2000.0,990.0,516.0,372.0,1112.0,969.0,623.0,408.0,Groningen
1475,21PC00,21PC,Rijksuniversiteit Groningen,Groningen,2024,voltijd,wo,ma,EER,realisatie,1984.0,1046.0,458.0,302.0,1224.0,1019.0,544.0,421.0,Groningen
1476,21PC00,21PC,Rijksuniversiteit Groningen,Groningen,2017,voltijd,wo,ma,NL,realisatie,7621.0,3343.0,24.0,18.0,7579.0,3189.0,2199.0,2233.0,Groningen
1477,21PC00,21PC,Rijksuniversiteit Groningen,Groningen,2018,voltijd,wo,ma,NL,realisatie,7586.0,3255.0,24.0,30.0,7532.0,3105.0,2369.0,2112.0,Groningen
1478,21PC00,21PC,Rijksuniversiteit Groningen,Groningen,2019,voltijd,wo,ma,NL,realisatie,7486.0,3293.0,24.0,22.0,7440.0,3168.0,2202.0,2116.0,Groningen
1479,21PC00,21PC,Rijksuniversiteit Groningen,Groningen,2020,voltijd,wo,ma,NL,realisatie,8187.0,3925.0,32.0,28.0,8127.0,3769.0,2293.0,2125.0,Groningen
1480,21PC00,21PC,Rijksuniversiteit Groningen,Groningen,2021,voltijd,wo,ma,NL,realisatie,8273.0,3710.0,32.0,24.0,8217.0,3581.0,2673.0,2019.0,Groningen
1481,21PC00,21PC,Rijksuniversiteit Groningen,Groningen,2022,voltijd,wo,ma,NL,realisatie,7822.0,3218.0,16.0,35.0,7771.0,3105.0,2613.0,2104.0,Groningen
1482,21PC00,21PC,Rijksuniversiteit Groningen,Groningen,2023,voltijd,wo,ma,NL,realisatie,7382.0,3129.0,12.0,17.0,7353.0,2971.0,2234.0,2177.0,Groningen
1483,21PC00,21PC,Rijksuniversiteit Groningen,Groningen,2024,voltijd,wo,ma,NL,realisatie,7278.0,3286.0,15.0,16.0,7247.0,3173.0,2084.0,2021.0,Groningen
1484,21PC00,21PC,Rijksuniversiteit Groningen,Groningen,2017,voltijd,wo,ma,niet-EER,realisatie,556.0,327.0,252.0,155.0,149.0,322.0,179.0,55.0,Groningen
1485,21PC00,21PC,Rijksuniversiteit Groningen,Groningen,2018,voltijd,wo,ma,niet-EER,realisatie,691.0,460.0,352.0,152.0,187.0,450.0,175.0,66.0,Groningen
1486,21PC00,21PC,Rijksuniversiteit Groningen,Groningen,2019,voltijd,wo,ma,niet-EER,realisatie,745.0,424.0,309.0,233.0,203.0,418.0,246.0,81.0,Groningen
1487,21PC00,21PC,Rijksuniversiteit Groningen,Groningen,2020,voltijd,wo,ma,niet-EER,realisatie,782.0,434.0,266.0,246.0,270.0,424.0,238.0,120.0,Groningen
1488,21PC00,21PC,Rijksuniversiteit Groningen,Groningen,2021,voltijd,wo,ma,niet-EER,realisatie,768.0,451.0,296.0,180.0,292.0,436.0,211.0,121.0,Groningen
1489,21PC00,21PC,Rijksuniversiteit Groningen,Groningen,2022,voltijd,wo,ma,niet-EER,realisatie,793.0,446.0,288.0,230.0,275.0,440.0,253.0,100.0,Groningen
1490,21PC00,21PC,Rijksuniversiteit Groningen,Groningen,2023,voltijd,wo,ma,niet-EER,realisatie,787.0,454.0,286.0,203.0,298.0,427.0,257.0,103.0,Groningen
1491,21PC00,21PC,Rijksuniversiteit Groningen,Groningen,2024,voltijd,wo,ma,niet-EER,realisatie,728.0,386.0,235.0,181.0,312.0,377.0,223.0,128.0,Groningen
1492,21PC11,21PC,Rijksuniversiteit Groningen,Leeuwarden,2018,voltijd,wo,ba,EER,realisatie,12.0,12.0,11.0,0.0,0.0,12.0,0.0,0.0,Friesland
1493,21PC11,21PC,Rijksuniversiteit Groningen,Leeuwarden,2019,voltijd,wo,ba,EER,realisatie,32.0,21.0,20.0,11.0,0.0,20.0,12.0,0.0,Friesland
1494,21PC11,21PC,Rijksuniversiteit Groningen,Leeuwarden,2020,voltijd,wo,ba,EER,realisatie,62.0,31.0,30.0,20.0,12.0,30.0,20.0,12.0,Friesland
1495,21PC11,21PC,Rijksuniversiteit Groningen,Leeuwarden,2021,voltijd,wo,ba,EER,realisatie,82.0,35.0,34.0,27.0,21.0,35.0,26.0,21.0,Friesland
1496,21PC11,21PC,Rijksuniversiteit Groningen,Leeuwarden,2022,voltijd,wo,ba,EER,realisatie,102.0,37.0,37.0,35.0,30.0,37.0,36.0,29.0,Friesland
1497,21PC11,21PC,Rijksuniversiteit Groningen,Leeuwarden,2023,voltijd,wo,ba,EER,realisatie,96.0,20.0,19.0,35.0,42.0,19.0,35.0,42.0,Friesland
1498,21PC11,21PC,Rijksuniversiteit Groningen,Leeuwarden,2024,voltijd,wo,ba,EER,realisatie,89.0,30.0,27.0,20.0,42.0,27.0,20.0,42.0,Friesland
1499,21PC11,21PC,Rijksuniversiteit Groningen,Leeuwarden,2017,voltijd,wo,ba,NL,realisatie,29.0,24.0,16.0,0.0,8.0,23.0,0.0,0.0,Friesland
1500,21PC11,21PC,Rijksuniversiteit Groningen,Leeuwarden,2018,voltijd,wo,ba,NL,realisatie,43.0,35.0,20.0,11.0,12.0,34.0,0.0,6.0,Friesland
1501,21PC11,21PC,Rijksuniversiteit Groningen,Leeuwarden,2019,voltijd,wo,ba,NL,realisatie,70.0,44.0,33.0,23.0,14.0,42.0,22.0,6.0,Friesland
1502,21PC11,21PC,Rijksuniversiteit Groningen,Leeuwarden,2020,voltijd,wo,ba,NL,realisatie,135.0,88.0,58.0,44.0,33.0,88.0,28.0,19.0,Friesland
1503,21PC11,21PC,Rijksuniversiteit Groningen,Leeuwarden,2021,voltijd,wo,ba,NL,realisatie,159.0,74.0,51.0,64.0,44.0,72.0,51.0,36.0,Friesland
1504,21PC11,21PC,Rijksuniversiteit Groningen,Leeuwarden,2022,voltijd,wo,ba,NL,realisatie,136.0,51.0,42.0,37.0,57.0,51.0,34.0,51.0,Friesland
1505,21PC11,21PC,Rijksuniversiteit Groningen,Leeuwarden,2023,voltijd,wo,ba,NL,realisatie,139.0,63.0,46.0,31.0,62.0,58.0,32.0,49.0,Friesland
1506,21PC11,21PC,Rijksuniversiteit Groningen,Leeuwarden,2024,voltijd,wo,ba,NL,realisatie,156.0,68.0,42.0,55.0,59.0,65.0,45.0,46.0,Friesland
1507,21PC11,21PC,Rijksuniversiteit Groningen,Leeuwarden,2018,voltijd,wo,ba,niet-EER,realisatie,0.0,0.0,0.0,0.0,0.0,0.0,0.0,0.0,Friesland
1508,21PC11,21PC,Rijksuniversiteit Groningen,Leeuwarden,2019,voltijd,wo,ba,niet-EER,realisatie,0.0,0.0,0.0,0.0,0.0,0.0,0.0,0.0,Friesland
1509,21PC11,21PC,Rijksuniversiteit Groningen,Leeuwarden,2020,voltijd,wo,ba,niet-EER,realisatie,6.0,0.0,0.0,0.0,0.0,0.0,0.0,0.0,Friesland
1510,21PC11,21PC,Rijksuniversiteit Groningen,Leeuwarden,2021,voltijd,wo,ba,niet-EER,realisatie,10.0,0.0,0.0,0.0,0.0,0.0,0.0,0.0,Friesland
1511,21PC11,21PC,Rijksuniversiteit Groningen,Leeuwarden,2022,voltijd,wo,ba,niet-EER,realisatie,9.0,0.0,0.0,0.0,0.0,0.0,0.0,0.0,Friesland
1512,21PC11,21PC,Rijksuniversiteit Groningen,Leeuwarden,2023,voltijd,wo,ba,niet-EER,realisatie,10.0,0.0,0.0,0.0,0.0,0.0,0.0,0.0,Friesland
1513,21PC11,21PC,Rijksuniversiteit Groningen,Leeuwarden,2024,voltijd,wo,ba,niet-EER,realisatie,18.0,13.0,11.0,0.0,0.0,12.0,0.0,0.0,Friesland
1514,21PC11,21PC,Rijksuniversiteit Groningen,Leeuwarden,2017,voltijd,wo,ma,EER,realisatie,0.0,0.0,0.0,0.0,0.0,0.0,0.0,0.0,Friesland
1515,21PC11,21PC,Rijksuniversiteit Groningen,Leeuwarden,2018,voltijd,wo,ma,EER,realisatie,12.0,11.0,8.0,0.0,0.0,11.0,0.0,0.0,Friesland
1516,21PC11,21PC,Rijksuniversiteit Groningen,Leeuwarden,2019,voltijd,wo,ma,EER,realisatie,15.0,15.0,12.0,0.0,0.0,15.0,0.0,0.0,Friesland
1517,21PC11,21PC,Rijksuniversiteit Groningen,Leeuwarden,2020,voltijd,wo,ma,EER,realisatie,24.0,21.0,14.0,0.0,6.0,20.0,0.0,0.0,Friesland
1518,21PC11,21PC,Rijksuniversiteit Groningen,Leeuwarden,2021,voltijd,wo,ma,EER,realisatie,30.0,29.0,26.0,0.0,0.0,29.0,0.0,0.0,Friesland
1519,21PC11,21PC,Rijksuniversiteit Groningen,Leeuwarden,2022,voltijd,wo,ma,EER,realisatie,37.0,31.0,22.0,0.0,10.0,31.0,0.0,0.0,Friesland
1520,21PC11,21PC,Rijksuniversiteit Groningen,Leeuwarden,2023,voltijd,wo,ma,EER,realisatie,27.0,21.0,13.0,0.0,12.0,21.0,0.0,0.0,Friesland
1521,21PC11,21PC,Rijksuniversiteit Groningen,Leeuwarden,2024,voltijd,wo,ma,EER,realisatie,22.0,18.0,14.0,0.0,7.0,18.0,0.0,0.0,Friesland
1522,21PC11,21PC,Rijksuniversiteit Groningen,Leeuwarden,2017,voltijd,wo,ma,NL,realisatie,24.0,11.0,0.0,0.0,24.0,11.0,8.0,0.0,Friesland
1523,21PC11,21PC,Rijksuniversiteit Groningen,Leeuwarden,2018,voltijd,wo,ma,NL,realisatie,43.0,28.0,0.0,0.0,43.0,28.0,9.0,6.0,Friesland
1524,21PC11,21PC,Rijksuniversiteit Groningen,Leeuwarden,2019,voltijd,wo,ma,NL,realisatie,55.0,33.0,0.0,0.0,54.0,31.0,17.0,7.0,Friesland
1525,21PC11,21PC,Rijksuniversiteit Groningen,Leeuwarden,2020,voltijd,wo,ma,NL,realisatie,51.0,35.0,0.0,0.0,51.0,34.0,0.0,13.0,Friesland
1526,21PC11,21PC,Rijksuniversiteit Groningen,Leeuwarden,2021,voltijd,wo,ma,NL,realisatie,61.0,43.0,0.0,0.0,60.0,43.0,10.0,8.0,Friesland
1527,21PC11,21PC,Rijksuniversiteit Groningen,Leeuwarden,2022,voltijd,wo,ma,NL,realisatie,42.0,28.0,0.0,0.0,41.0,28.0,11.0,0.0,Friesland
1528,21PC11,21PC,Rijksuniversiteit Groningen,Leeuwarden,2023,voltijd,wo,ma,NL,realisatie,44.0,27.0,0.0,0.0,44.0,27.0,10.0,7.0,Friesland
1529,21PC11,21PC,Rijksuniversiteit Groningen,Leeuwarden,2024,voltijd,wo,ma,NL,realisatie,39.0,27.0,0.0,0.0,38.0,24.0,8.0,7.0,Friesland
1530,21PC11,21PC,Rijksuniversiteit Groningen,Leeuwarden,2017,voltijd,wo,ma,niet-EER,realisatie,0.0,0.0,0.0,0.0,0.0,0.0,0.0,0.0,Friesland
1531,21PC11,21PC,Rijksuniversiteit Groningen,Leeuwarden,2018,voltijd,wo,ma,niet-EER,realisatie,6.0,0.0,0.0,0.0,0.0,0.0,0.0,0.0,Friesland
1532,21PC11,21PC,Rijksuniversiteit Groningen,Leeuwarden,2019,voltijd,wo,ma,niet-EER,realisatie,7.0,7.0,0.0,0.0,0.0,7.0,0.0,0.0,Friesland
1533,21PC11,21PC,Rijksuniversiteit Groningen,Leeuwarden,2020,voltijd,wo,ma,niet-EER,realisatie,6.0,0.0,0.0,0.0,0.0,0.0,0.0,0.0,Friesland
1534,21PC11,21PC,Rijksuniversiteit Groningen,Leeuwarden,2021,voltijd,wo,ma,niet-EER,realisatie,17.0,15.0,12.0,0.0,0.0,15.0,0.0,0.0,Friesland
1535,21PC11,21PC,Rijksuniversiteit Groningen,Leeuwarden,2022,voltijd,wo,ma,niet-EER,realisatie,17.0,14.0,11.0,0.0,0.0,14.0,0.0,0.0,Friesland
1536,21PC11,21PC,Rijksuniversiteit Groningen,Leeuwarden,2023,voltijd,wo,ma,niet-EER,realisatie,51.0,49.0,45.0,0.0,0.0,49.0,0.0,0.0,Friesland
1537,21PC11,21PC,Rijksuniversiteit Groningen,Leeuwarden,2024,voltijd,wo,ma,niet-EER,realisatie,36.0,34.0,32.0,0.0,0.0,34.0,0.0,0.0,Friesland
1538,21PD00,21PD,Universiteit Utrecht,Utrecht,2024,deeltijd,wo,ba,EER,realisatie,0.0,0.0,0.0,0.0,0.0,0.0,0.0,0.0,Utrecht
1539,21PD00,21PD,Universiteit Utrecht,Utrecht,2017,deeltijd,wo,ba,NL,realisatie,96.0,64.0,0.0,0.0,96.0,58.0,0.0,33.0,Utrecht
1540,21PD00,21PD,Universiteit Utrecht,Utrecht,2018,deeltijd,wo,ba,NL,realisatie,91.0,31.0,0.0,0.0,90.0,25.0,37.0,29.0,Utrecht
1541,21PD00,21PD,Universiteit Utrecht,Utrecht,2019,deeltijd,wo,ba,NL,realisatie,60.0,33.0,0.0,0.0,58.0,21.0,23.0,16.0,Utrecht
1542,21PD00,21PD,Universiteit Utrecht,Utrecht,2020,deeltijd,wo,ba,NL,realisatie,51.0,24.0,0.0,0.0,51.0,22.0,15.0,14.0,Utrecht
1543,21PD00,21PD,Universiteit Utrecht,Utrecht,2021,deeltijd,wo,ba,NL,realisatie,52.0,27.0,0.0,0.0,50.0,22.0,21.0,9.0,Utrecht
1544,21PD00,21PD,Universiteit Utrecht,Utrecht,2022,deeltijd,wo,ba,NL,realisatie,32.0,15.0,0.0,0.0,32.0,13.0,11.0,8.0,Utrecht
1545,21PD00,21PD,Universiteit Utrecht,Utrecht,2023,deeltijd,wo,ba,NL,realisatie,36.0,20.0,0.0,0.0,36.0,16.0,9.0,11.0,Utrecht
1546,21PD00,21PD,Universiteit Utrecht,Utrecht,2024,deeltijd,wo,ba,NL,realisatie,44.0,28.0,0.0,0.0,43.0,19.0,15.0,10.0,Utrecht
1547,21PD00,21PD,Universiteit Utrecht,Utrecht,2017,deeltijd,wo,ma,EER,realisatie,0.0,0.0,0.0,0.0,0.0,0.0,0.0,0.0,Utrecht
1548,21PD00,21PD,Universiteit Utrecht,Utrecht,2018,deeltijd,wo,ma,EER,realisatie,8.0,6.0,0.0,0.0,0.0,0.0,0.0,0.0,Utrecht
1549,21PD00,21PD,Universiteit Utrecht,Utrecht,2019,deeltijd,wo,ma,EER,realisatie,11.0,6.0,0.0,0.0,0.0,0.0,0.0,0.0,Utrecht
1550,21PD00,21PD,Universiteit Utrecht,Utrecht,2020,deeltijd,wo,ma,EER,realisatie,12.0,6.0,0.0,0.0,0.0,0.0,0.0,0.0,Utrecht
1551,21PD00,21PD,Universiteit Utrecht,Utrecht,2021,deeltijd,wo,ma,EER,realisatie,9.0,0.0,0.0,0.0,0.0,0.0,0.0,0.0,Utrecht
1552,21PD00,21PD,Universiteit Utrecht,Utrecht,2022,deeltijd,wo,ma,EER,realisatie,9.0,6.0,0.0,0.0,0.0,0.0,0.0,0.0,Utrecht
1553,21PD00,21PD,Universiteit Utrecht,Utrecht,2023,deeltijd,wo,ma,EER,realisatie,16.0,11.0,0.0,0.0,10.0,9.0,0.0,0.0,Utrecht
1554,21PD00,21PD,Universiteit Utrecht,Utrecht,2024,deeltijd,wo,ma,EER,realisatie,15.0,0.0,0.0,0.0,10.0,0.0,8.0,0.0,Utrecht
1555,21PD00,21PD,Universiteit Utrecht,Utrecht,2017,deeltijd,wo,ma,NL,realisatie,352.0,150.0,0.0,8.0,341.0,137.0,147.0,68.0,Utrecht
1556,21PD00,21PD,Universiteit Utrecht,Utrecht,2018,deeltijd,wo,ma,NL,realisatie,323.0,162.0,0.0,6.0,312.0,152.0,117.0,54.0,Utrecht
1557,21PD00,21PD,Universiteit Utrecht,Utrecht,2019,deeltijd,wo,ma,NL,realisatie,323.0,150.0,0.0,0.0,314.0,128.0,155.0,40.0,Utrecht
1558,21PD00,21PD,Universiteit Utrecht,Utrecht,2020,deeltijd,wo,ma,NL,realisatie,334.0,188.0,0.0,0.0,327.0,170.0,118.0,46.0,Utrecht
1559,21PD00,21PD,Universiteit Utrecht,Utrecht,2021,deeltijd,wo,ma,NL,realisatie,327.0,144.0,0.0,0.0,319.0,136.0,151.0,40.0,Utrecht
1560,21PD00,21PD,Universiteit Utrecht,Utrecht,2022,deeltijd,wo,ma,NL,realisatie,311.0,152.0,6.0,6.0,299.0,140.0,127.0,44.0,Utrecht
1561,21PD00,21PD,Universiteit Utrecht,Utrecht,2023,deeltijd,wo,ma,NL,realisatie,319.0,138.0,0.0,8.0,309.0,123.0,136.0,60.0,Utrecht
1562,21PD00,21PD,Universiteit Utrecht,Utrecht,2024,deeltijd,wo,ma,NL,realisatie,279.0,129.0,0.0,0.0,274.0,118.0,114.0,47.0,Utrecht
1563,21PD00,21PD,Universiteit Utrecht,Utrecht,2019,deeltijd,wo,ma,niet-EER,realisatie,0.0,0.0,0.0,0.0,0.0,0.0,0.0,0.0,Utrecht
1564,21PD00,21PD,Universiteit Utrecht,Utrecht,2020,deeltijd,wo,ma,niet-EER,realisatie,0.0,0.0,0.0,0.0,0.0,0.0,0.0,0.0,Utrecht
1565,21PD00,21PD,Universiteit Utrecht,Utrecht,2021,deeltijd,wo,ma,niet-EER,realisatie,0.0,0.0,0.0,0.0,0.0,0.0,0.0,0.0,Utrecht
1566,21PD00,21PD,Universiteit Utrecht,Utrecht,2022,deeltijd,wo,ma,niet-EER,realisatie,7.0,0.0,0.0,0.0,0.0,0.0,0.0,0.0,Utrecht
1567,21PD00,21PD,Universiteit Utrecht,Utrecht,2023,deeltijd,wo,ma,niet-EER,realisatie,7.0,0.0,0.0,0.0,0.0,0.0,0.0,0.0,Utrecht
1568,21PD00,21PD,Universiteit Utrecht,Utrecht,2024,deeltijd,wo,ma,niet-EER,realisatie,0.0,0.0,0.0,0.0,0.0,0.0,0.0,0.0,Utrecht
1569,21PD00,21PD,Universiteit Utrecht,Utrecht,2017,voltijd,wo,ba,EER,realisatie,505.0,188.0,178.0,124.0,203.0,183.0,129.0,193.0,Utrecht
1570,21PD00,21PD,Universiteit Utrecht,Utrecht,2018,voltijd,wo,ba,EER,realisatie,645.0,282.0,264.0,175.0,206.0,278.0,173.0,194.0,Utrecht
1571,21PD00,21PD,Universiteit Utrecht,Utrecht,2019,voltijd,wo,ba,EER,realisatie,830.0,375.0,346.0,228.0,256.0,364.0,232.0,234.0,Utrecht
1572,21PD00,21PD,Universiteit Utrecht,Utrecht,2020,voltijd,wo,ba,EER,realisatie,1038.0,433.0,397.0,315.0,326.0,412.0,319.0,307.0,Utrecht
1573,21PD00,21PD,Universiteit Utrecht,Utrecht,2021,voltijd,wo,ba,EER,realisatie,1290.0,536.0,504.0,355.0,431.0,523.0,360.0,407.0,Utrecht
1574,21PD00,21PD,Universiteit Utrecht,Utrecht,2022,voltijd,wo,ba,EER,realisatie,1586.0,646.0,615.0,461.0,510.0,633.0,460.0,493.0,Utrecht
1575,21PD00,21PD,Universiteit Utrecht,Utrecht,2023,voltijd,wo,ba,EER,realisatie,1802.0,657.0,606.0,531.0,665.0,634.0,527.0,641.0,Utrecht
1576,21PD00,21PD,Universiteit Utrecht,Utrecht,2024,voltijd,wo,ba,EER,realisatie,1775.0,525.0,483.0,531.0,761.0,503.0,540.0,732.0,Utrecht
1577,21PD00,21PD,Universiteit Utrecht,Utrecht,2017,voltijd,wo,ba,NL,realisatie,18672.0,5359.0,4109.0,4233.0,10330.0,4962.0,4432.0,9278.0,Utrecht
1578,21PD00,21PD,Universiteit Utrecht,Utrecht,2018,voltijd,wo,ba,NL,realisatie,19292.0,5690.0,4315.0,4307.0,10670.0,5291.0,4587.0,9414.0,Utrecht
1579,21PD00,21PD,Universiteit Utrecht,Utrecht,2019,voltijd,wo,ba,NL,realisatie,19689.0,5595.0,4160.0,4490.0,11039.0,5199.0,4785.0,9705.0,Utrecht
1580,21PD00,21PD,Universiteit Utrecht,Utrecht,2020,voltijd,wo,ba,NL,realisatie,21599.0,6935.0,5115.0,4652.0,11832.0,6487.0,4911.0,10201.0,Utrecht
1581,21PD00,21PD,Universiteit Utrecht,Utrecht,2021,voltijd,wo,ba,NL,realisatie,22068.0,5999.0,4240.0,5536.0,12292.0,5646.0,5988.0,10434.0,Utrecht
1582,21PD00,21PD,Universiteit Utrecht,Utrecht,2022,voltijd,wo,ba,NL,realisatie,22403.0,5789.0,4088.0,4567.0,13748.0,5382.0,5189.0,11832.0,Utrecht
1583,21PD00,21PD,Universiteit Utrecht,Utrecht,2023,voltijd,wo,ba,NL,realisatie,22662.0,6038.0,4187.0,4438.0,14037.0,5529.0,5027.0,12106.0,Utrecht
1584,21PD00,21PD,Universiteit Utrecht,Utrecht,2024,voltijd,wo,ba,NL,realisatie,22126.0,6070.0,4359.0,4578.0,13189.0,5624.0,5158.0,11344.0,Utrecht
1585,21PD00,21PD,Universiteit Utrecht,Utrecht,2017,voltijd,wo,ba,niet-EER,realisatie,225.0,75.0,71.0,61.0,93.0,73.0,65.0,87.0,Utrecht
1586,21PD00,21PD,Universiteit Utrecht,Utrecht,2018,voltijd,wo,ba,niet-EER,realisatie,277.0,142.0,131.0,66.0,80.0,133.0,65.0,79.0,Utrecht
1587,21PD00,21PD,Universiteit Utrecht,Utrecht,2019,voltijd,wo,ba,niet-EER,realisatie,315.0,130.0,123.0,112.0,80.0,127.0,111.0,77.0,Utrecht
1588,21PD00,21PD,Universiteit Utrecht,Utrecht,2020,voltijd,wo,ba,niet-EER,realisatie,379.0,137.0,126.0,121.0,132.0,136.0,115.0,128.0,Utrecht
1589,21PD00,21PD,Universiteit Utrecht,Utrecht,2021,voltijd,wo,ba,niet-EER,realisatie,398.0,143.0,134.0,109.0,155.0,139.0,116.0,143.0,Utrecht
1590,21PD00,21PD,Universiteit Utrecht,Utrecht,2022,voltijd,wo,ba,niet-EER,realisatie,483.0,213.0,204.0,118.0,161.0,207.0,120.0,156.0,Utrecht
1591,21PD00,21PD,Universiteit Utrecht,Utrecht,2023,voltijd,wo,ba,niet-EER,realisatie,552.0,218.0,202.0,181.0,169.0,209.0,181.0,162.0,Utrecht
1592,21PD00,21PD,Universiteit Utrecht,Utrecht,2024,voltijd,wo,ba,niet-EER,realisatie,664.0,246.0,219.0,198.0,247.0,236.0,192.0,236.0,Utrecht
1593,21PD00,21PD,Universiteit Utrecht,Utrecht,2017,voltijd,wo,ma,EER,realisatie,1010.0,548.0,467.0,261.0,282.0,542.0,311.0,157.0,Utrecht
1594,21PD00,21PD,Universiteit Utrecht,Utrecht,2018,voltijd,wo,ma,EER,realisatie,1187.0,687.0,561.0,280.0,346.0,677.0,323.0,187.0,Utrecht
1595,21PD00,21PD,Universiteit Utrecht,Utrecht,2019,voltijd,wo,ma,EER,realisatie,1358.0,797.0,637.0,322.0,399.0,789.0,395.0,174.0,Utrecht
1596,21PD00,21PD,Universiteit Utrecht,Utrecht,2020,voltijd,wo,ma,EER,realisatie,1632.0,941.0,725.0,355.0,552.0,933.0,440.0,259.0,Utrecht
1597,21PD00,21PD,Universiteit Utrecht,Utrecht,2021,voltijd,wo,ma,EER,realisatie,2176.0,1354.0,987.0,417.0,772.0,1343.0,538.0,295.0,Utrecht
1598,21PD00,21PD,Universiteit Utrecht,Utrecht,2022,voltijd,wo,ma,EER,realisatie,2295.0,1215.0,901.0,562.0,832.0,1202.0,736.0,357.0,Utrecht
1599,21PD00,21PD,Universiteit Utrecht,Utrecht,2023,voltijd,wo,ma,EER,realisatie,2258.0,1211.0,830.0,471.0,957.0,1190.0,628.0,440.0,Utrecht
1600,21PD00,21PD,Universiteit Utrecht,Utrecht,2024,voltijd,wo,ma,EER,realisatie,2176.0,1158.0,710.0,442.0,1024.0,1141.0,633.0,402.0,Utrecht
1601,21PD00,21PD,Universiteit Utrecht,Utrecht,2017,voltijd,wo,ma,NL,realisatie,8931.0,3792.0,38.0,50.0,8843.0,3688.0,2611.0,2632.0,Utrecht
1602,21PD00,21PD,Universiteit Utrecht,Utrecht,2018,voltijd,wo,ma,NL,realisatie,8842.0,3817.0,53.0,34.0,8755.0,3711.0,2585.0,2546.0,Utrecht
1603,21PD00,21PD,Universiteit Utrecht,Utrecht,2019,voltijd,wo,ma,NL,realisatie,8640.0,3656.0,50.0,45.0,8545.0,3551.0,2542.0,2547.0,Utrecht
1604,21PD00,21PD,Universiteit Utrecht,Utrecht,2020,voltijd,wo,ma,NL,realisatie,9143.0,4051.0,49.0,49.0,9045.0,3948.0,2515.0,2680.0,Utrecht
1605,21PD00,21PD,Universiteit Utrecht,Utrecht,2021,voltijd,wo,ma,NL,realisatie,9409.0,4114.0,53.0,40.0,9316.0,4008.0,2819.0,2582.0,Utrecht
1606,21PD00,21PD,Universiteit Utrecht,Utrecht,2022,voltijd,wo,ma,NL,realisatie,9134.0,3600.0,44.0,48.0,9042.0,3515.0,2797.0,2822.0,Utrecht
1607,21PD00,21PD,Universiteit Utrecht,Utrecht,2023,voltijd,wo,ma,NL,realisatie,9112.0,3959.0,53.0,30.0,9029.0,3838.0,2515.0,2759.0,Utrecht
1608,21PD00,21PD,Universiteit Utrecht,Utrecht,2024,voltijd,wo,ma,NL,realisatie,9229.0,4184.0,43.0,41.0,9145.0,4083.0,2654.0,2492.0,Utrecht
1609,21PD00,21PD,Universiteit Utrecht,Utrecht,2017,voltijd,wo,ma,niet-EER,realisatie,605.0,354.0,327.0,191.0,87.0,352.0,208.0,45.0,Utrecht
1610,21PD00,21PD,Universiteit Utrecht,Utrecht,2018,voltijd,wo,ma,niet-EER,realisatie,661.0,405.0,364.0,183.0,114.0,399.0,195.0,67.0,Utrecht
1611,21PD00,21PD,Universiteit Utrecht,Utrecht,2019,voltijd,wo,ma,niet-EER,realisatie,693.0,395.0,348.0,224.0,121.0,387.0,241.0,65.0,Utrecht
1612,21PD00,21PD,Universiteit Utrecht,Utrecht,2020,voltijd,wo,ma,niet-EER,realisatie,670.0,336.0,295.0,214.0,161.0,331.0,234.0,105.0,Utrecht
1613,21PD00,21PD,Universiteit Utrecht,Utrecht,2021,voltijd,wo,ma,niet-EER,realisatie,721.0,459.0,385.0,163.0,173.0,451.0,173.0,97.0,Utrecht
1614,21PD00,21PD,Universiteit Utrecht,Utrecht,2022,voltijd,wo,ma,niet-EER,realisatie,861.0,542.0,464.0,219.0,178.0,535.0,238.0,88.0,Utrecht
1615,21PD00,21PD,Universiteit Utrecht,Utrecht,2023,voltijd,wo,ma,niet-EER,realisatie,925.0,551.0,465.0,241.0,219.0,543.0,280.0,102.0,Utrecht
1616,21PD00,21PD,Universiteit Utrecht,Utrecht,2024,voltijd,wo,ma,niet-EER,realisatie,854.0,502.0,406.0,214.0,234.0,492.0,247.0,115.0,Utrecht
1617,21PD01,21PD,Universiteit Utrecht,Middelburg,2017,voltijd,wo,ba,EER,realisatie,121.0,47.0,47.0,32.0,42.0,47.0,33.0,41.0,Zeeland
1618,21PD01,21PD,Universiteit Utrecht,Middelburg,2018,voltijd,wo,ba,EER,realisatie,125.0,52.0,50.0,41.0,34.0,51.0,40.0,34.0,Zeeland
1619,21PD01,21PD,Universiteit Utrecht,Middelburg,2019,voltijd,wo,ba,EER,realisatie,140.0,53.0,52.0,47.0,41.0,52.0,48.0,40.0,Zeeland
1620,21PD01,21PD,Universiteit Utrecht,Middelburg,2020,voltijd,wo,ba,EER,realisatie,160.0,62.0,59.0,51.0,50.0,61.0,49.0,50.0,Zeeland
1621,21PD01,21PD,Universiteit Utrecht,Middelburg,2021,voltijd,wo,ba,EER,realisatie,195.0,90.0,90.0,50.0,55.0,90.0,52.0,53.0,Zeeland
1622,21PD01,21PD,Universiteit Utrecht,Middelburg,2022,voltijd,wo,ba,EER,realisatie,248.0,121.0,118.0,74.0,56.0,119.0,73.0,56.0,Zeeland
1623,21PD01,21PD,Universiteit Utrecht,Middelburg,2023,voltijd,wo,ba,EER,realisatie,289.0,105.0,104.0,106.0,79.0,104.0,107.0,78.0,Zeeland
1624,21PD01,21PD,Universiteit Utrecht,Middelburg,2024,voltijd,wo,ba,EER,realisatie,266.0,76.0,75.0,87.0,104.0,75.0,87.0,104.0,Zeeland
1625,21PD01,21PD,Universiteit Utrecht,Middelburg,2017,voltijd,wo,ba,NL,realisatie,353.0,93.0,89.0,109.0,155.0,91.0,111.0,151.0,Zeeland
1626,21PD01,21PD,Universiteit Utrecht,Middelburg,2018,voltijd,wo,ba,NL,realisatie,290.0,89.0,81.0,86.0,123.0,86.0,84.0,120.0,Zeeland
1627,21PD01,21PD,Universiteit Utrecht,Middelburg,2019,voltijd,wo,ba,NL,realisatie,241.0,63.0,56.0,78.0,107.0,60.0,81.0,100.0,Zeeland
1628,21PD01,21PD,Universiteit Utrecht,Middelburg,2020,voltijd,wo,ba,NL,realisatie,214.0,57.0,52.0,55.0,107.0,55.0,58.0,101.0,Zeeland
1629,21PD01,21PD,Universiteit Utrecht,Middelburg,2021,voltijd,wo,ba,NL,realisatie,207.0,77.0,71.0,58.0,78.0,73.0,58.0,76.0,Zeeland
1630,21PD01,21PD,Universiteit Utrecht,Middelburg,2022,voltijd,wo,ba,NL,realisatie,206.0,66.0,60.0,69.0,77.0,61.0,70.0,75.0,Zeeland
1631,21PD01,21PD,Universiteit Utrecht,Middelburg,2023,voltijd,wo,ba,NL,realisatie,189.0,43.0,40.0,57.0,92.0,42.0,56.0,91.0,Zeeland
1632,21PD01,21PD,Universiteit Utrecht,Middelburg,2024,voltijd,wo,ba,NL,realisatie,158.0,52.0,51.0,42.0,65.0,52.0,44.0,62.0,Zeeland
1633,21PD01,21PD,Universiteit Utrecht,Middelburg,2017,voltijd,wo,ba,niet-EER,realisatie,71.0,27.0,26.0,21.0,24.0,26.0,24.0,21.0,Zeeland
1634,21PD01,21PD,Universiteit Utrecht,Middelburg,2018,voltijd,wo,ba,niet-EER,realisatie,65.0,20.0,19.0,23.0,23.0,20.0,22.0,23.0,Zeeland
1635,21PD01,21PD,Universiteit Utrecht,Middelburg,2019,voltijd,wo,ba,niet-EER,realisatie,65.0,19.0,18.0,21.0,26.0,18.0,22.0,25.0,Zeeland
1636,21PD01,21PD,Universiteit Utrecht,Middelburg,2020,voltijd,wo,ba,niet-EER,realisatie,63.0,22.0,20.0,16.0,27.0,20.0,16.0,27.0,Zeeland
1637,21PD01,21PD,Universiteit Utrecht,Middelburg,2021,voltijd,wo,ba,niet-EER,realisatie,77.0,37.0,37.0,19.0,21.0,37.0,20.0,20.0,Zeeland
1638,21PD01,21PD,Universiteit Utrecht,Middelburg,2022,voltijd,wo,ba,niet-EER,realisatie,101.0,49.0,48.0,36.0,17.0,48.0,36.0,17.0,Zeeland
1639,21PD01,21PD,Universiteit Utrecht,Middelburg,2023,voltijd,wo,ba,niet-EER,realisatie,122.0,45.0,44.0,43.0,35.0,45.0,42.0,35.0,Zeeland
1640,21PD01,21PD,Universiteit Utrecht,Middelburg,2024,voltijd,wo,ba,niet-EER,realisatie,109.0,33.0,31.0,37.0,41.0,31.0,37.0,41.0,Zeeland
1641,21PE00,21PE,Erasmus Universiteit Rotterdam,Rotterdam,2017,deeltijd,wo,ba,EER,realisatie,0.0,0.0,0.0,0.0,0.0,0.0,0.0,0.0,Zuid-Holland
1642,21PE00,21PE,Erasmus Universiteit Rotterdam,Rotterdam,2018,deeltijd,wo,ba,EER,realisatie,0.0,0.0,0.0,0.0,0.0,0.0,0.0,0.0,Zuid-Holland
1643,21PE00,21PE,Erasmus Universiteit Rotterdam,Rotterdam,2019,deeltijd,wo,ba,EER,realisatie,0.0,0.0,0.0,0.0,0.0,0.0,0.0,0.0,Zuid-Holland
1644,21PE00,21PE,Erasmus Universiteit Rotterdam,Rotterdam,2020,deeltijd,wo,ba,EER,realisatie,8.0,7.0,0.0,0.0,0.0,0.0,0.0,0.0,Zuid-Holland
1645,21PE00,21PE,Erasmus Universiteit Rotterdam,Rotterdam,2021,deeltijd,wo,ba,EER,realisatie,10.0,6.0,0.0,0.0,6.0,0.0,0.0,0.0,Zuid-Holland
1646,21PE00,21PE,Erasmus Universiteit Rotterdam,Rotterdam,2022,deeltijd,wo,ba,EER,realisatie,8.0,0.0,0.0,0.0,0.0,0.0,0.0,0.0,Zuid-Holland
1647,21PE00,21PE,Erasmus Universiteit Rotterdam,Rotterdam,2023,deeltijd,wo,ba,EER,realisatie,7.0,6.0,0.0,0.0,0.0,0.0,0.0,0.0,Zuid-Holland
1648,21PE00,21PE,Erasmus Universiteit Rotterdam,Rotterdam,2024,deeltijd,wo,ba,EER,realisatie,8.0,0.0,0.0,0.0,6.0,0.0,0.0,0.0,Zuid-Holland
1649,21PE00,21PE,Erasmus Universiteit Rotterdam,Rotterdam,2017,deeltijd,wo,ba,NL,realisatie,584.0,305.0,13.0,54.0,517.0,136.0,111.0,337.0,Zuid-Holland
1650,21PE00,21PE,Erasmus Universiteit Rotterdam,Rotterdam,2018,deeltijd,wo,ba,NL,realisatie,601.0,305.0,19.0,29.0,553.0,119.0,119.0,363.0,Zuid-Holland
1651,21PE00,21PE,Erasmus Universiteit Rotterdam,Rotterdam,2019,deeltijd,wo,ba,NL,realisatie,594.0,292.0,28.0,40.0,526.0,141.0,96.0,357.0,Zuid-Holland
1652,21PE00,21PE,Erasmus Universiteit Rotterdam,Rotterdam,2020,deeltijd,wo,ba,NL,realisatie,642.0,317.0,30.0,41.0,571.0,145.0,114.0,383.0,Zuid-Holland
1653,21PE00,21PE,Erasmus Universiteit Rotterdam,Rotterdam,2021,deeltijd,wo,ba,NL,realisatie,669.0,328.0,19.0,53.0,597.0,137.0,114.0,418.0,Zuid-Holland
1654,21PE00,21PE,Erasmus Universiteit Rotterdam,Rotterdam,2022,deeltijd,wo,ba,NL,realisatie,610.0,267.0,16.0,43.0,551.0,106.0,104.0,400.0,Zuid-Holland
1655,21PE00,21PE,Erasmus Universiteit Rotterdam,Rotterdam,2023,deeltijd,wo,ba,NL,realisatie,599.0,290.0,20.0,41.0,538.0,139.0,92.0,368.0,Zuid-Holland
1656,21PE00,21PE,Erasmus Universiteit Rotterdam,Rotterdam,2024,deeltijd,wo,ba,NL,realisatie,516.0,228.0,12.0,34.0,470.0,93.0,113.0,310.0,Zuid-Holland
1657,21PE00,21PE,Erasmus Universiteit Rotterdam,Rotterdam,2021,deeltijd,wo,ba,niet-EER,realisatie,0.0,0.0,0.0,0.0,0.0,0.0,0.0,0.0,Zuid-Holland
1658,21PE00,21PE,Erasmus Universiteit Rotterdam,Rotterdam,2022,deeltijd,wo,ba,niet-EER,realisatie,0.0,0.0,0.0,0.0,0.0,0.0,0.0,0.0,Zuid-Holland
1659,21PE00,21PE,Erasmus Universiteit Rotterdam,Rotterdam,2023,deeltijd,wo,ba,niet-EER,realisatie,0.0,0.0,0.0,0.0,0.0,0.0,0.0,0.0,Zuid-Holland
1660,21PE00,21PE,Erasmus Universiteit Rotterdam,Rotterdam,2024,deeltijd,wo,ba,niet-EER,realisatie,0.0,0.0,0.0,0.0,0.0,0.0,0.0,0.0,Zuid-Holland
1661,21PE00,21PE,Erasmus Universiteit Rotterdam,Rotterdam,2017,deeltijd,wo,ma,EER,realisatie,9.0,0.0,0.0,0.0,0.0,0.0,0.0,0.0,Zuid-Holland
1662,21PE00,21PE,Erasmus Universiteit Rotterdam,Rotterdam,2018,deeltijd,wo,ma,EER,realisatie,0.0,0.0,0.0,0.0,0.0,0.0,0.0,0.0,Zuid-Holland
1663,21PE00,21PE,Erasmus Universiteit Rotterdam,Rotterdam,2019,deeltijd,wo,ma,EER,realisatie,6.0,0.0,0.0,0.0,0.0,0.0,0.0,0.0,Zuid-Holland
1664,21PE00,21PE,Erasmus Universiteit Rotterdam,Rotterdam,2020,deeltijd,wo,ma,EER,realisatie,14.0,9.0,6.0,0.0,6.0,7.0,0.0,0.0,Zuid-Holland
1665,21PE00,21PE,Erasmus Universiteit Rotterdam,Rotterdam,2021,deeltijd,wo,ma,EER,realisatie,12.0,0.0,0.0,6.0,0.0,0.0,6.0,0.0,Zuid-Holland
1666,21PE00,21PE,Erasmus Universiteit Rotterdam,Rotterdam,2022,deeltijd,wo,ma,EER,realisatie,9.0,0.0,0.0,0.0,6.0,0.0,0.0,0.0,Zuid-Holland
1667,21PE00,21PE,Erasmus Universiteit Rotterdam,Rotterdam,2023,deeltijd,wo,ma,EER,realisatie,10.0,0.0,0.0,0.0,7.0,0.0,0.0,0.0,Zuid-Holland
1668,21PE00,21PE,Erasmus Universiteit Rotterdam,Rotterdam,2024,deeltijd,wo,ma,EER,realisatie,7.0,0.0,0.0,0.0,6.0,0.0,0.0,0.0,Zuid-Holland
1669,21PE00,21PE,Erasmus Universiteit Rotterdam,Rotterdam,2017,deeltijd,wo,ma,NL,realisatie,566.0,218.0,0.0,0.0,557.0,183.0,195.0,188.0,Zuid-Holland
1670,21PE00,21PE,Erasmus Universiteit Rotterdam,Rotterdam,2018,deeltijd,wo,ma,NL,realisatie,499.0,193.0,7.0,0.0,489.0,160.0,153.0,186.0,Zuid-Holland
1671,21PE00,21PE,Erasmus Universiteit Rotterdam,Rotterdam,2019,deeltijd,wo,ma,NL,realisatie,357.0,130.0,0.0,7.0,349.0,95.0,140.0,122.0,Zuid-Holland
1672,21PE00,21PE,Erasmus Universiteit Rotterdam,Rotterdam,2020,deeltijd,wo,ma,NL,realisatie,421.0,226.0,0.0,6.0,413.0,188.0,89.0,144.0,Zuid-Holland
1673,21PE00,21PE,Erasmus Universiteit Rotterdam,Rotterdam,2021,deeltijd,wo,ma,NL,realisatie,395.0,184.0,0.0,0.0,390.0,152.0,124.0,119.0,Zuid-Holland
1674,21PE00,21PE,Erasmus Universiteit Rotterdam,Rotterdam,2022,deeltijd,wo,ma,NL,realisatie,361.0,146.0,0.0,0.0,357.0,109.0,142.0,110.0,Zuid-Holland
1675,21PE00,21PE,Erasmus Universiteit Rotterdam,Rotterdam,2023,deeltijd,wo,ma,NL,realisatie,342.0,139.0,0.0,0.0,335.0,100.0,106.0,136.0,Zuid-Holland
1676,21PE00,21PE,Erasmus Universiteit Rotterdam,Rotterdam,2024,deeltijd,wo,ma,NL,realisatie,315.0,138.0,0.0,0.0,308.0,100.0,102.0,113.0,Zuid-Holland
1677,21PE00,21PE,Erasmus Universiteit Rotterdam,Rotterdam,2017,deeltijd,wo,ma,niet-EER,realisatie,0.0,0.0,0.0,0.0,0.0,0.0,0.0,0.0,Zuid-Holland
1678,21PE00,21PE,Erasmus Universiteit Rotterdam,Rotterdam,2018,deeltijd,wo,ma,niet-EER,realisatie,0.0,0.0,0.0,0.0,0.0,0.0,0.0,0.0,Zuid-Holland
1679,21PE00,21PE,Erasmus Universiteit Rotterdam,Rotterdam,2019,deeltijd,wo,ma,niet-EER,realisatie,0.0,0.0,0.0,0.0,0.0,0.0,0.0,0.0,Zuid-Holland
1680,21PE00,21PE,Erasmus Universiteit Rotterdam,Rotterdam,2020,deeltijd,wo,ma,niet-EER,realisatie,0.0,0.0,0.0,0.0,0.0,0.0,0.0,0.0,Zuid-Holland
1681,21PE00,21PE,Erasmus Universiteit Rotterdam,Rotterdam,2021,deeltijd,wo,ma,niet-EER,realisatie,0.0,0.0,0.0,0.0,0.0,0.0,0.0,0.0,Zuid-Holland
1682,21PE00,21PE,Erasmus Universiteit Rotterdam,Rotterdam,2022,deeltijd,wo,ma,niet-EER,realisatie,0.0,0.0,0.0,0.0,0.0,0.0,0.0,0.0,Zuid-Holland
1683,21PE00,21PE,Erasmus Universiteit Rotterdam,Rotterdam,2024,deeltijd,wo,ma,niet-EER,realisatie,0.0,0.0,0.0,0.0,0.0,0.0,0.0,0.0,Zuid-Holland
1684,21PE00,21PE,Erasmus Universiteit Rotterdam,Rotterdam,2017,voltijd,wo,ba,EER,realisatie,1752.0,730.0,688.0,503.0,561.0,713.0,508.0,531.0,Zuid-Holland
1685,21PE00,21PE,Erasmus Universiteit Rotterdam,Rotterdam,2018,voltijd,wo,ba,EER,realisatie,1921.0,765.0,725.0,539.0,657.0,755.0,536.0,630.0,Zuid-Holland
1686,21PE00,21PE,Erasmus Universiteit Rotterdam,Rotterdam,2019,voltijd,wo,ba,EER,realisatie,2007.0,729.0,682.0,585.0,740.0,717.0,580.0,710.0,Zuid-Holland
1687,21PE00,21PE,Erasmus Universiteit Rotterdam,Rotterdam,2020,voltijd,wo,ba,EER,realisatie,2256.0,951.0,892.0,587.0,777.0,930.0,603.0,723.0,Zuid-Holland
1688,21PE00,21PE,Erasmus Universiteit Rotterdam,Rotterdam,2021,voltijd,wo,ba,EER,realisatie,2916.0,1359.0,1289.0,757.0,870.0,1344.0,765.0,807.0,Zuid-Holland
1689,21PE00,21PE,Erasmus Universiteit Rotterdam,Rotterdam,2022,voltijd,wo,ba,EER,realisatie,3340.0,1281.0,1198.0,1094.0,1048.0,1262.0,1108.0,970.0,Zuid-Holland
1690,21PE00,21PE,Erasmus Universiteit Rotterdam,Rotterdam,2023,voltijd,wo,ba,EER,realisatie,3671.0,1344.0,1236.0,1021.0,1414.0,1312.0,1029.0,1330.0,Zuid-Holland
1691,21PE00,21PE,Erasmus Universiteit Rotterdam,Rotterdam,2024,voltijd,wo,ba,EER,realisatie,3774.0,1343.0,1201.0,1095.0,1478.0,1312.0,1104.0,1358.0,Zuid-Holland
1692,21PE00,21PE,Erasmus Universiteit Rotterdam,Rotterdam,2017,voltijd,wo,ba,NL,realisatie,12818.0,4431.0,3338.0,3068.0,6412.0,4179.0,3216.0,5423.0,Zuid-Holland
1693,21PE00,21PE,Erasmus Universiteit Rotterdam,Rotterdam,2018,voltijd,wo,ba,NL,realisatie,13688.0,4670.0,3504.0,3276.0,6908.0,4415.0,3472.0,5801.0,Zuid-Holland
1694,21PE00,21PE,Erasmus Universiteit Rotterdam,Rotterdam,2019,voltijd,wo,ba,NL,realisatie,14357.0,4876.0,3457.0,3320.0,7580.0,4604.0,3517.0,6236.0,Zuid-Holland
1695,21PE00,21PE,Erasmus Universiteit Rotterdam,Rotterdam,2020,voltijd,wo,ba,NL,realisatie,14776.0,5074.0,3651.0,3386.0,7739.0,4747.0,3743.0,6286.0,Zuid-Holland
1696,21PE00,21PE,Erasmus Universiteit Rotterdam,Rotterdam,2021,voltijd,wo,ba,NL,realisatie,14758.0,4693.0,3297.0,3601.0,7860.0,4438.0,3797.0,6523.0,Zuid-Holland
1697,21PE00,21PE,Erasmus Universiteit Rotterdam,Rotterdam,2022,voltijd,wo,ba,NL,realisatie,14376.0,4395.0,3089.0,3171.0,8116.0,4114.0,3477.0,6785.0,Zuid-Holland
1698,21PE00,21PE,Erasmus Universiteit Rotterdam,Rotterdam,2023,voltijd,wo,ba,NL,realisatie,13659.0,4076.0,2828.0,2960.0,7871.0,3772.0,3224.0,6663.0,Zuid-Holland
1699,21PE00,21PE,Erasmus Universiteit Rotterdam,Rotterdam,2024,voltijd,wo,ba,NL,realisatie,13179.0,4270.0,2873.0,2747.0,7559.0,3959.0,3034.0,6186.0,Zuid-Holland
1700,21PE00,21PE,Erasmus Universiteit Rotterdam,Rotterdam,2017,voltijd,wo,ba,niet-EER,realisatie,890.0,394.0,370.0,250.0,270.0,387.0,257.0,246.0,Zuid-Holland
1701,21PE00,21PE,Erasmus Universiteit Rotterdam,Rotterdam,2018,voltijd,wo,ba,niet-EER,realisatie,1022.0,458.0,430.0,256.0,336.0,446.0,259.0,317.0,Zuid-Holland
1702,21PE00,21PE,Erasmus Universiteit Rotterdam,Rotterdam,2019,voltijd,wo,ba,niet-EER,realisatie,1132.0,504.0,478.0,320.0,334.0,491.0,324.0,317.0,Zuid-Holland
1703,21PE00,21PE,Erasmus Universiteit Rotterdam,Rotterdam,2020,voltijd,wo,ba,niet-EER,realisatie,1346.0,573.0,536.0,406.0,404.0,563.0,395.0,388.0,Zuid-Holland
1704,21PE00,21PE,Erasmus Universiteit Rotterdam,Rotterdam,2021,voltijd,wo,ba,niet-EER,realisatie,1475.0,600.0,560.0,399.0,516.0,589.0,409.0,477.0,Zuid-Holland
1705,21PE00,21PE,Erasmus Universiteit Rotterdam,Rotterdam,2022,voltijd,wo,ba,niet-EER,realisatie,1581.0,629.0,586.0,452.0,543.0,616.0,455.0,510.0,Zuid-Holland
1706,21PE00,21PE,Erasmus Universiteit Rotterdam,Rotterdam,2023,voltijd,wo,ba,niet-EER,realisatie,1624.0,565.0,516.0,484.0,624.0,544.0,492.0,588.0,Zuid-Holland
1707,21PE00,21PE,Erasmus Universiteit Rotterdam,Rotterdam,2024,voltijd,wo,ba,niet-EER,realisatie,1672.0,626.0,571.0,442.0,659.0,612.0,442.0,618.0,Zuid-Holland
1708,21PE00,21PE,Erasmus Universiteit Rotterdam,Rotterdam,2017,voltijd,wo,ma,EER,realisatie,1741.0,1070.0,706.0,348.0,687.0,1061.0,486.0,194.0,Zuid-Holland
1709,21PE00,21PE,Erasmus Universiteit Rotterdam,Rotterdam,2018,voltijd,wo,ma,EER,realisatie,1688.0,969.0,528.0,371.0,789.0,963.0,493.0,232.0,Zuid-Holland
1710,21PE00,21PE,Erasmus Universiteit Rotterdam,Rotterdam,2019,voltijd,wo,ma,EER,realisatie,1804.0,1052.0,550.0,300.0,954.0,1045.0,478.0,281.0,Zuid-Holland
1711,21PE00,21PE,Erasmus Universiteit Rotterdam,Rotterdam,2020,voltijd,wo,ma,EER,realisatie,2013.0,1351.0,627.0,252.0,1134.0,1337.0,420.0,256.0,Zuid-Holland
1712,21PE00,21PE,Erasmus Universiteit Rotterdam,Rotterdam,2021,voltijd,wo,ma,EER,realisatie,2197.0,1387.0,704.0,307.0,1186.0,1375.0,587.0,235.0,Zuid-Holland
1713,21PE00,21PE,Erasmus Universiteit Rotterdam,Rotterdam,2022,voltijd,wo,ma,EER,realisatie,2119.0,1291.0,615.0,326.0,1178.0,1278.0,589.0,252.0,Zuid-Holland
1714,21PE00,21PE,Erasmus Universiteit Rotterdam,Rotterdam,2023,voltijd,wo,ma,EER,realisatie,2192.0,1419.0,573.0,301.0,1318.0,1399.0,544.0,249.0,Zuid-Holland
1715,21PE00,21PE,Erasmus Universiteit Rotterdam,Rotterdam,2024,voltijd,wo,ma,EER,realisatie,2300.0,1493.0,512.0,280.0,1508.0,1476.0,590.0,234.0,Zuid-Holland
1716,21PE00,21PE,Erasmus Universiteit Rotterdam,Rotterdam,2017,voltijd,wo,ma,NL,realisatie,6910.0,3159.0,31.0,38.0,6841.0,3049.0,2154.0,1707.0,Zuid-Holland
1717,21PE00,21PE,Erasmus Universiteit Rotterdam,Rotterdam,2018,voltijd,wo,ma,NL,realisatie,6833.0,3152.0,22.0,34.0,6777.0,3030.0,2043.0,1760.0,Zuid-Holland
1718,21PE00,21PE,Erasmus Universiteit Rotterdam,Rotterdam,2019,voltijd,wo,ma,NL,realisatie,7067.0,3407.0,31.0,24.0,7012.0,3307.0,2019.0,1741.0,Zuid-Holland
1719,21PE00,21PE,Erasmus Universiteit Rotterdam,Rotterdam,2020,voltijd,wo,ma,NL,realisatie,7893.0,4113.0,44.0,40.0,7809.0,4014.0,2149.0,1730.0,Zuid-Holland
1720,21PE00,21PE,Erasmus Universiteit Rotterdam,Rotterdam,2021,voltijd,wo,ma,NL,realisatie,8051.0,3899.0,54.0,42.0,7955.0,3796.0,2545.0,1710.0,Zuid-Holland
1721,21PE00,21PE,Erasmus Universiteit Rotterdam,Rotterdam,2022,voltijd,wo,ma,NL,realisatie,7760.0,3389.0,40.0,53.0,7667.0,3285.0,2503.0,1972.0,Zuid-Holland
1722,21PE00,21PE,Erasmus Universiteit Rotterdam,Rotterdam,2023,voltijd,wo,ma,NL,realisatie,7816.0,3827.0,53.0,37.0,7726.0,3683.0,2133.0,2000.0,Zuid-Holland
1723,21PE00,21PE,Erasmus Universiteit Rotterdam,Rotterdam,2024,voltijd,wo,ma,NL,realisatie,7259.0,3472.0,45.0,35.0,7179.0,3361.0,2192.0,1706.0,Zuid-Holland
1724,21PE00,21PE,Erasmus Universiteit Rotterdam,Rotterdam,2017,voltijd,wo,ma,niet-EER,realisatie,636.0,419.0,285.0,164.0,187.0,410.0,182.0,44.0,Zuid-Holland
1725,21PE00,21PE,Erasmus Universiteit Rotterdam,Rotterdam,2018,voltijd,wo,ma,niet-EER,realisatie,701.0,492.0,315.0,159.0,227.0,485.0,159.0,57.0,Zuid-Holland
1726,21PE00,21PE,Erasmus Universiteit Rotterdam,Rotterdam,2019,voltijd,wo,ma,niet-EER,realisatie,679.0,470.0,281.0,140.0,258.0,465.0,170.0,44.0,Zuid-Holland
1727,21PE00,21PE,Erasmus Universiteit Rotterdam,Rotterdam,2020,voltijd,wo,ma,niet-EER,realisatie,713.0,498.0,278.0,138.0,297.0,487.0,175.0,51.0,Zuid-Holland
1728,21PE00,21PE,Erasmus Universiteit Rotterdam,Rotterdam,2021,voltijd,wo,ma,niet-EER,realisatie,785.0,580.0,361.0,142.0,282.0,569.0,165.0,51.0,Zuid-Holland
1729,21PE00,21PE,Erasmus Universiteit Rotterdam,Rotterdam,2022,voltijd,wo,ma,niet-EER,realisatie,786.0,569.0,273.0,171.0,342.0,559.0,180.0,47.0,Zuid-Holland
1730,21PE00,21PE,Erasmus Universiteit Rotterdam,Rotterdam,2023,voltijd,wo,ma,niet-EER,realisatie,824.0,622.0,305.0,130.0,389.0,605.0,158.0,61.0,Zuid-Holland
1731,21PE00,21PE,Erasmus Universiteit Rotterdam,Rotterdam,2024,voltijd,wo,ma,niet-EER,realisatie,832.0,637.0,290.0,121.0,421.0,626.0,154.0,52.0,Zuid-Holland
1732,21PF00,21PF,Technische Universiteit Delft,Delft,2017,deeltijd,wo,ma,NL,realisatie,0.0,0.0,0.0,0.0,0.0,0.0,0.0,0.0,Zuid-Holland
1733,21PF00,21PF,Technische Universiteit Delft,Delft,2018,deeltijd,wo,ma,NL,realisatie,0.0,0.0,0.0,0.0,0.0,0.0,0.0,0.0,Zuid-Holland
1734,21PF00,21PF,Technische Universiteit Delft,Delft,2019,deeltijd,wo,ma,NL,realisatie,0.0,0.0,0.0,0.0,0.0,0.0,0.0,0.0,Zuid-Holland
1735,21PF00,21PF,Technische Universiteit Delft,Delft,2020,deeltijd,wo,ma,NL,realisatie,0.0,0.0,0.0,0.0,0.0,0.0,0.0,0.0,Zuid-Holland
1736,21PF00,21PF,Technische Universiteit Delft,Delft,2017,voltijd,wo,ba,EER,realisatie,659.0,246.0,235.0,168.0,256.0,239.0,166.0,254.0,Zuid-Holland
1737,21PF00,21PF,Technische Universiteit Delft,Delft,2018,voltijd,wo,ba,EER,realisatie,996.0,523.0,506.0,191.0,299.0,517.0,192.0,287.0,Zuid-Holland
1738,21PF00,21PF,Technische Universiteit Delft,Delft,2019,voltijd,wo,ba,EER,realisatie,1110.0,427.0,409.0,366.0,335.0,420.0,369.0,321.0,Zuid-Holland
1739,21PF00,21PF,Technische Universiteit Delft,Delft,2020,voltijd,wo,ba,EER,realisatie,1333.0,485.0,470.0,357.0,506.0,477.0,361.0,495.0,Zuid-Holland
1740,21PF00,21PF,Technische Universiteit Delft,Delft,2021,voltijd,wo,ba,EER,realisatie,1566.0,596.0,573.0,405.0,588.0,587.0,405.0,574.0,Zuid-Holland
1741,21PF00,21PF,Technische Universiteit Delft,Delft,2022,voltijd,wo,ba,EER,realisatie,1766.0,600.0,581.0,515.0,670.0,590.0,525.0,651.0,Zuid-Holland
1742,21PF00,21PF,Technische Universiteit Delft,Delft,2023,voltijd,wo,ba,EER,realisatie,1930.0,588.0,564.0,525.0,841.0,571.0,529.0,830.0,Zuid-Holland
1743,21PF00,21PF,Technische Universiteit Delft,Delft,2024,voltijd,wo,ba,EER,realisatie,2002.0,658.0,629.0,530.0,843.0,644.0,525.0,833.0,Zuid-Holland
1744,21PF00,21PF,Technische Universiteit Delft,Delft,2017,voltijd,wo,ba,NL,realisatie,11567.0,3408.0,2908.0,2387.0,6272.0,3161.0,2519.0,5887.0,Zuid-Holland
1745,21PF00,21PF,Technische Universiteit Delft,Delft,2018,voltijd,wo,ba,NL,realisatie,11824.0,3435.0,2968.0,2559.0,6297.0,3232.0,2686.0,5906.0,Zuid-Holland
1746,21PF00,21PF,Technische Universiteit Delft,Delft,2019,voltijd,wo,ba,NL,realisatie,11770.0,3212.0,2778.0,2599.0,6393.0,3030.0,2766.0,5974.0,Zuid-Holland
1747,21PF00,21PF,Technische Universiteit Delft,Delft,2020,voltijd,wo,ba,NL,realisatie,11696.0,3356.0,2874.0,2579.0,6243.0,3165.0,2688.0,5843.0,Zuid-Holland
1748,21PF00,21PF,Technische Universiteit Delft,Delft,2021,voltijd,wo,ba,NL,realisatie,11651.0,3091.0,2615.0,2642.0,6394.0,2918.0,2748.0,5985.0,Zuid-Holland
1749,21PF00,21PF,Technische Universiteit Delft,Delft,2022,voltijd,wo,ba,NL,realisatie,11436.0,2985.0,2515.0,2268.0,6653.0,2802.0,2415.0,6219.0,Zuid-Holland
1750,21PF00,21PF,Technische Universiteit Delft,Delft,2023,voltijd,wo,ba,NL,realisatie,11164.0,2860.0,2440.0,2243.0,6481.0,2672.0,2381.0,6111.0,Zuid-Holland
1751,21PF00,21PF,Technische Universiteit Delft,Delft,2024,voltijd,wo,ba,NL,realisatie,10770.0,2776.0,2421.0,2160.0,6189.0,2611.0,2282.0,5877.0,Zuid-Holland
1752,21PF00,21PF,Technische Universiteit Delft,Delft,2017,voltijd,wo,ba,niet-EER,realisatie,180.0,89.0,80.0,45.0,55.0,89.0,39.0,52.0,Zuid-Holland
1753,21PF00,21PF,Technische Universiteit Delft,Delft,2018,voltijd,wo,ba,niet-EER,realisatie,294.0,167.0,150.0,73.0,71.0,166.0,65.0,63.0,Zuid-Holland
1754,21PF00,21PF,Technische Universiteit Delft,Delft,2019,voltijd,wo,ba,niet-EER,realisatie,374.0,172.0,155.0,119.0,100.0,169.0,112.0,93.0,Zuid-Holland
1755,21PF00,21PF,Technische Universiteit Delft,Delft,2020,voltijd,wo,ba,niet-EER,realisatie,434.0,150.0,126.0,147.0,161.0,148.0,131.0,155.0,Zuid-Holland
1756,21PF00,21PF,Technische Universiteit Delft,Delft,2021,voltijd,wo,ba,niet-EER,realisatie,432.0,143.0,115.0,118.0,199.0,137.0,105.0,190.0,Zuid-Holland
1757,21PF00,21PF,Technische Universiteit Delft,Delft,2022,voltijd,wo,ba,niet-EER,realisatie,445.0,154.0,135.0,110.0,200.0,145.0,109.0,191.0,Zuid-Holland
1758,21PF00,21PF,Technische Universiteit Delft,Delft,2023,voltijd,wo,ba,niet-EER,realisatie,441.0,127.0,111.0,132.0,198.0,124.0,124.0,193.0,Zuid-Holland
1759,21PF00,21PF,Technische Universiteit Delft,Delft,2024,voltijd,wo,ba,niet-EER,realisatie,488.0,192.0,173.0,107.0,208.0,190.0,99.0,199.0,Zuid-Holland
1760,21PF00,21PF,Technische Universiteit Delft,Delft,2017,voltijd,wo,ma,EER,realisatie,1672.0,650.0,525.0,469.0,678.0,634.0,545.0,493.0,Zuid-Holland
1761,21PF00,21PF,Technische Universiteit Delft,Delft,2018,voltijd,wo,ma,EER,realisatie,1787.0,660.0,527.0,505.0,755.0,644.0,607.0,536.0,Zuid-Holland
1762,21PF00,21PF,Technische Universiteit Delft,Delft,2019,voltijd,wo,ma,EER,realisatie,1821.0,651.0,499.0,516.0,806.0,634.0,626.0,561.0,Zuid-Holland
1763,21PF00,21PF,Technische Universiteit Delft,Delft,2020,voltijd,wo,ma,EER,realisatie,1933.0,732.0,510.0,499.0,924.0,718.0,621.0,594.0,Zuid-Holland
1764,21PF00,21PF,Technische Universiteit Delft,Delft,2021,voltijd,wo,ma,EER,realisatie,2158.0,874.0,601.0,499.0,1058.0,862.0,686.0,610.0,Zuid-Holland
1765,21PF00,21PF,Technische Universiteit Delft,Delft,2022,voltijd,wo,ma,EER,realisatie,2293.0,803.0,534.0,583.0,1176.0,791.0,828.0,674.0,Zuid-Holland
1766,21PF00,21PF,Technische Universiteit Delft,Delft,2023,voltijd,wo,ma,EER,realisatie,2302.0,793.0,478.0,535.0,1289.0,769.0,782.0,751.0,Zuid-Holland
1767,21PF00,21PF,Technische Universiteit Delft,Delft,2024,voltijd,wo,ma,EER,realisatie,2578.0,1132.0,578.0,473.0,1527.0,1120.0,760.0,698.0,Zuid-Holland
1768,21PF00,21PF,Technische Universiteit Delft,Delft,2017,voltijd,wo,ma,NL,realisatie,6993.0,2312.0,32.0,40.0,6921.0,2207.0,1883.0,2903.0,Zuid-Holland
1769,21PF00,21PF,Technische Universiteit Delft,Delft,2018,voltijd,wo,ma,NL,realisatie,7266.0,2406.0,33.0,38.0,7195.0,2311.0,2133.0,2822.0,Zuid-Holland
1770,21PF00,21PF,Technische Universiteit Delft,Delft,2019,voltijd,wo,ma,NL,realisatie,7548.0,2439.0,31.0,34.0,7483.0,2348.0,2285.0,2915.0,Zuid-Holland
1771,21PF00,21PF,Technische Universiteit Delft,Delft,2020,voltijd,wo,ma,NL,realisatie,8325.0,2940.0,33.0,42.0,8250.0,2853.0,2322.0,3150.0,Zuid-Holland
1772,21PF00,21PF,Technische Universiteit Delft,Delft,2021,voltijd,wo,ma,NL,realisatie,8462.0,2630.0,27.0,38.0,8397.0,2545.0,2752.0,3165.0,Zuid-Holland
1773,21PF00,21PF,Technische Universiteit Delft,Delft,2022,voltijd,wo,ma,NL,realisatie,8152.0,2262.0,21.0,29.0,8102.0,2174.0,2409.0,3569.0,Zuid-Holland
1774,21PF00,21PF,Technische Universiteit Delft,Delft,2023,voltijd,wo,ma,NL,realisatie,7867.0,2399.0,21.0,24.0,7822.0,2273.0,2156.0,3438.0,Zuid-Holland
1775,21PF00,21PF,Technische Universiteit Delft,Delft,2024,voltijd,wo,ma,NL,realisatie,7833.0,2605.0,31.0,23.0,7779.0,2516.0,2226.0,3091.0,Zuid-Holland
1776,21PF00,21PF,Technische Universiteit Delft,Delft,2017,voltijd,wo,ma,niet-EER,realisatie,2094.0,934.0,900.0,690.0,504.0,926.0,706.0,462.0,Zuid-Holland
1777,21PF00,21PF,Technische Universiteit Delft,Delft,2018,voltijd,wo,ma,niet-EER,realisatie,2158.0,894.0,849.0,864.0,445.0,884.0,887.0,387.0,Zuid-Holland
1778,21PF00,21PF,Technische Universiteit Delft,Delft,2019,voltijd,wo,ma,niet-EER,realisatie,2155.0,865.0,818.0,824.0,513.0,849.0,856.0,450.0,Zuid-Holland
1779,21PF00,21PF,Technische Universiteit Delft,Delft,2020,voltijd,wo,ma,niet-EER,realisatie,2072.0,766.0,712.0,791.0,569.0,756.0,819.0,497.0,Zuid-Holland
1780,21PF00,21PF,Technische Universiteit Delft,Delft,2021,voltijd,wo,ma,niet-EER,realisatie,2159.0,977.0,867.0,691.0,601.0,955.0,734.0,470.0,Zuid-Holland
1781,21PF00,21PF,Technische Universiteit Delft,Delft,2022,voltijd,wo,ma,niet-EER,realisatie,2256.0,894.0,775.0,845.0,636.0,881.0,926.0,449.0,Zuid-Holland
1782,21PF00,21PF,Technische Universiteit Delft,Delft,2023,voltijd,wo,ma,niet-EER,realisatie,2054.0,744.0,660.0,772.0,622.0,726.0,879.0,449.0,Zuid-Holland
1783,21PF00,21PF,Technische Universiteit Delft,Delft,2024,voltijd,wo,ma,niet-EER,realisatie,1837.0,728.0,596.0,651.0,590.0,719.0,715.0,403.0,Zuid-Holland
1784,21PF01,21PF,Technische Universiteit Delft,'s-Gravenhage,2017,voltijd,wo,ma,EER,realisatie,13.0,7.0,6.0,0.0,0.0,7.0,0.0,0.0,Zuid-Holland
1785,21PF01,21PF,Technische Universiteit Delft,'s-Gravenhage,2018,voltijd,wo,ma,EER,realisatie,21.0,11.0,9.0,6.0,6.0,11.0,7.0,0.0,Zuid-Holland
1786,21PF01,21PF,Technische Universiteit Delft,'s-Gravenhage,2019,voltijd,wo,ma,EER,realisatie,21.0,8.0,7.0,8.0,6.0,8.0,10.0,0.0,Zuid-Holland
1787,21PF01,21PF,Technische Universiteit Delft,'s-Gravenhage,2020,voltijd,wo,ma,EER,realisatie,25.0,14.0,9.0,6.0,10.0,14.0,7.0,0.0,Zuid-Holland
1788,21PF01,21PF,Technische Universiteit Delft,'s-Gravenhage,2021,voltijd,wo,ma,EER,realisatie,29.0,8.0,7.0,9.0,13.0,8.0,15.0,6.0,Zuid-Holland
1789,21PF01,21PF,Technische Universiteit Delft,'s-Gravenhage,2022,voltijd,wo,ma,EER,realisatie,24.0,10.0,8.0,6.0,10.0,10.0,8.0,6.0,Zuid-Holland
1790,21PF01,21PF,Technische Universiteit Delft,'s-Gravenhage,2023,voltijd,wo,ma,EER,realisatie,23.0,9.0,6.0,6.0,11.0,8.0,8.0,7.0,Zuid-Holland
1791,21PF01,21PF,Technische Universiteit Delft,'s-Gravenhage,2024,voltijd,wo,ma,EER,realisatie,28.0,12.0,8.0,6.0,14.0,11.0,10.0,7.0,Zuid-Holland
1792,21PF01,21PF,Technische Universiteit Delft,'s-Gravenhage,2017,voltijd,wo,ma,NL,realisatie,95.0,44.0,0.0,0.0,95.0,44.0,27.0,24.0,Zuid-Holland
1793,21PF01,21PF,Technische Universiteit Delft,'s-Gravenhage,2018,voltijd,wo,ma,NL,realisatie,124.0,45.0,0.0,0.0,122.0,44.0,49.0,31.0,Zuid-Holland
1794,21PF01,21PF,Technische Universiteit Delft,'s-Gravenhage,2019,voltijd,wo,ma,NL,realisatie,127.0,46.0,0.0,0.0,123.0,45.0,45.0,37.0,Zuid-Holland
1795,21PF01,21PF,Technische Universiteit Delft,'s-Gravenhage,2020,voltijd,wo,ma,NL,realisatie,174.0,87.0,0.0,0.0,173.0,86.0,47.0,41.0,Zuid-Holland
1796,21PF01,21PF,Technische Universiteit Delft,'s-Gravenhage,2021,voltijd,wo,ma,NL,realisatie,184.0,55.0,0.0,0.0,183.0,54.0,87.0,43.0,Zuid-Holland
1797,21PF01,21PF,Technische Universiteit Delft,'s-Gravenhage,2022,voltijd,wo,ma,NL,realisatie,193.0,55.0,0.0,0.0,193.0,53.0,57.0,83.0,Zuid-Holland
1798,21PF01,21PF,Technische Universiteit Delft,'s-Gravenhage,2023,voltijd,wo,ma,NL,realisatie,189.0,63.0,0.0,0.0,189.0,58.0,57.0,74.0,Zuid-Holland
1799,21PF01,21PF,Technische Universiteit Delft,'s-Gravenhage,2024,voltijd,wo,ma,NL,realisatie,184.0,61.0,0.0,0.0,184.0,59.0,59.0,66.0,Zuid-Holland
1800,21PF01,21PF,Technische Universiteit Delft,'s-Gravenhage,2017,voltijd,wo,ma,niet-EER,realisatie,32.0,17.0,16.0,12.0,0.0,17.0,12.0,0.0,Zuid-Holland
1801,21PF01,21PF,Technische Universiteit Delft,'s-Gravenhage,2018,voltijd,wo,ma,niet-EER,realisatie,33.0,13.0,13.0,14.0,6.0,13.0,15.0,0.0,Zuid-Holland
1802,21PF01,21PF,Technische Universiteit Delft,'s-Gravenhage,2019,voltijd,wo,ma,niet-EER,realisatie,31.0,15.0,15.0,12.0,0.0,15.0,12.0,0.0,Zuid-Holland
1803,21PF01,21PF,Technische Universiteit Delft,'s-Gravenhage,2020,voltijd,wo,ma,niet-EER,realisatie,34.0,13.0,9.0,14.0,11.0,13.0,14.0,7.0,Zuid-Holland
1804,21PF01,21PF,Technische Universiteit Delft,'s-Gravenhage,2021,voltijd,wo,ma,niet-EER,realisatie,31.0,14.0,13.0,10.0,8.0,14.0,14.0,0.0,Zuid-Holland
1805,21PF01,21PF,Technische Universiteit Delft,'s-Gravenhage,2022,voltijd,wo,ma,niet-EER,realisatie,26.0,9.0,9.0,11.0,6.0,9.0,12.0,0.0,Zuid-Holland
1806,21PF01,21PF,Technische Universiteit Delft,'s-Gravenhage,2023,voltijd,wo,ma,niet-EER,realisatie,26.0,12.0,10.0,11.0,0.0,10.0,11.0,0.0,Zuid-Holland
1807,21PF01,21PF,Technische Universiteit Delft,'s-Gravenhage,2024,voltijd,wo,ma,niet-EER,realisatie,25.0,11.0,11.0,10.0,0.0,11.0,10.0,0.0,Zuid-Holland
1808,21PG00,21PG,Technische Universiteit Eindhoven,Eindhoven,2017,deeltijd,wo,ma,NL,realisatie,8.0,0.0,0.0,0.0,8.0,0.0,0.0,6.0,Noord-Brabant
1809,21PG00,21PG,Technische Universiteit Eindhoven,Eindhoven,2018,deeltijd,wo,ma,NL,realisatie,8.0,6.0,0.0,0.0,8.0,0.0,0.0,0.0,Noord-Brabant
1810,21PG00,21PG,Technische Universiteit Eindhoven,Eindhoven,2019,deeltijd,wo,ma,NL,realisatie,0.0,0.0,0.0,0.0,0.0,0.0,0.0,0.0,Noord-Brabant
1811,21PG00,21PG,Technische Universiteit Eindhoven,Eindhoven,2017,voltijd,wo,ba,EER,realisatie,402.0,195.0,180.0,105.0,117.0,191.0,103.0,108.0,Noord-Brabant
1812,21PG00,21PG,Technische Universiteit Eindhoven,Eindhoven,2018,voltijd,wo,ba,EER,realisatie,493.0,180.0,166.0,153.0,174.0,176.0,156.0,161.0,Noord-Brabant
1813,21PG00,21PG,Technische Universiteit Eindhoven,Eindhoven,2019,voltijd,wo,ba,EER,realisatie,560.0,216.0,204.0,126.0,230.0,214.0,126.0,220.0,Noord-Brabant
1814,21PG00,21PG,Technische Universiteit Eindhoven,Eindhoven,2020,voltijd,wo,ba,EER,realisatie,755.0,353.0,328.0,188.0,239.0,345.0,187.0,223.0,Noord-Brabant
1815,21PG00,21PG,Technische Universiteit Eindhoven,Eindhoven,2021,voltijd,wo,ba,EER,realisatie,1058.0,515.0,505.0,273.0,280.0,510.0,275.0,273.0,Noord-Brabant
1816,21PG00,21PG,Technische Universiteit Eindhoven,Eindhoven,2022,voltijd,wo,ba,EER,realisatie,1495.0,674.0,653.0,445.0,397.0,669.0,440.0,386.0,Noord-Brabant
1817,21PG00,21PG,Technische Universiteit Eindhoven,Eindhoven,2023,voltijd,wo,ba,EER,realisatie,2085.0,839.0,813.0,601.0,671.0,828.0,602.0,655.0,Noord-Brabant
1818,21PG00,21PG,Technische Universiteit Eindhoven,Eindhoven,2024,voltijd,wo,ba,EER,realisatie,2627.0,953.0,908.0,737.0,982.0,937.0,745.0,945.0,Noord-Brabant
1819,21PG00,21PG,Technische Universiteit Eindhoven,Eindhoven,2017,voltijd,wo,ba,NL,realisatie,6604.0,2305.0,1884.0,1462.0,3258.0,2234.0,1499.0,2871.0,Noord-Brabant
1820,21PG00,21PG,Technische Universiteit Eindhoven,Eindhoven,2018,voltijd,wo,ba,NL,realisatie,6782.0,2106.0,1618.0,1632.0,3532.0,1972.0,1695.0,3115.0,Noord-Brabant
1821,21PG00,21PG,Technische Universiteit Eindhoven,Eindhoven,2019,voltijd,wo,ba,NL,realisatie,6603.0,1961.0,1575.0,1304.0,3724.0,1893.0,1367.0,3343.0,Noord-Brabant
1822,21PG00,21PG,Technische Universiteit Eindhoven,Eindhoven,2020,voltijd,wo,ba,NL,realisatie,6397.0,2011.0,1547.0,1411.0,3439.0,1922.0,1473.0,3002.0,Noord-Brabant
1823,21PG00,21PG,Technische Universiteit Eindhoven,Eindhoven,2021,voltijd,wo,ba,NL,realisatie,5797.0,1579.0,1247.0,1294.0,3256.0,1487.0,1346.0,2964.0,Noord-Brabant
1824,21PG00,21PG,Technische Universiteit Eindhoven,Eindhoven,2022,voltijd,wo,ba,NL,realisatie,5360.0,1400.0,1143.0,1015.0,3202.0,1325.0,1076.0,2959.0,Noord-Brabant
1825,21PG00,21PG,Technische Universiteit Eindhoven,Eindhoven,2023,voltijd,wo,ba,NL,realisatie,5212.0,1392.0,1129.0,969.0,3114.0,1320.0,1014.0,2878.0,Noord-Brabant
1826,21PG00,21PG,Technische Universiteit Eindhoven,Eindhoven,2024,voltijd,wo,ba,NL,realisatie,4843.0,1325.0,1039.0,942.0,2862.0,1261.0,995.0,2587.0,Noord-Brabant
1827,21PG00,21PG,Technische Universiteit Eindhoven,Eindhoven,2017,voltijd,wo,ba,niet-EER,realisatie,174.0,83.0,66.0,45.0,63.0,81.0,40.0,53.0,Noord-Brabant
1828,21PG00,21PG,Technische Universiteit Eindhoven,Eindhoven,2018,voltijd,wo,ba,niet-EER,realisatie,218.0,100.0,83.0,57.0,78.0,97.0,55.0,66.0,Noord-Brabant
1829,21PG00,21PG,Technische Universiteit Eindhoven,Eindhoven,2019,voltijd,wo,ba,niet-EER,realisatie,289.0,118.0,101.0,86.0,102.0,117.0,82.0,90.0,Noord-Brabant
1830,21PG00,21PG,Technische Universiteit Eindhoven,Eindhoven,2020,voltijd,wo,ba,niet-EER,realisatie,393.0,167.0,155.0,101.0,137.0,165.0,103.0,125.0,Noord-Brabant
1831,21PG00,21PG,Technische Universiteit Eindhoven,Eindhoven,2021,voltijd,wo,ba,niet-EER,realisatie,481.0,188.0,175.0,140.0,166.0,179.0,140.0,162.0,Noord-Brabant
1832,21PG00,21PG,Technische Universiteit Eindhoven,Eindhoven,2022,voltijd,wo,ba,niet-EER,realisatie,629.0,264.0,248.0,172.0,209.0,251.0,174.0,204.0,Noord-Brabant
1833,21PG00,21PG,Technische Universiteit Eindhoven,Eindhoven,2023,voltijd,wo,ba,niet-EER,realisatie,805.0,317.0,288.0,230.0,287.0,302.0,226.0,277.0,Noord-Brabant
1834,21PG00,21PG,Technische Universiteit Eindhoven,Eindhoven,2024,voltijd,wo,ba,niet-EER,realisatie,1089.0,478.0,449.0,255.0,385.0,468.0,259.0,362.0,Noord-Brabant
1835,21PG00,21PG,Technische Universiteit Eindhoven,Eindhoven,2017,voltijd,wo,ma,EER,realisatie,271.0,132.0,87.0,75.0,109.0,131.0,82.0,58.0,Noord-Brabant
1836,21PG00,21PG,Technische Universiteit Eindhoven,Eindhoven,2018,voltijd,wo,ma,EER,realisatie,274.0,109.0,72.0,80.0,122.0,104.0,117.0,53.0,Noord-Brabant
1837,21PG00,21PG,Technische Universiteit Eindhoven,Eindhoven,2019,voltijd,wo,ma,EER,realisatie,275.0,106.0,64.0,57.0,154.0,106.0,86.0,83.0,Noord-Brabant
1838,21PG00,21PG,Technische Universiteit Eindhoven,Eindhoven,2020,voltijd,wo,ma,EER,realisatie,294.0,121.0,66.0,55.0,173.0,120.0,95.0,79.0,Noord-Brabant
1839,21PG00,21PG,Technische Universiteit Eindhoven,Eindhoven,2021,voltijd,wo,ma,EER,realisatie,310.0,137.0,72.0,61.0,177.0,135.0,109.0,66.0,Noord-Brabant
1840,21PG00,21PG,Technische Universiteit Eindhoven,Eindhoven,2022,voltijd,wo,ma,EER,realisatie,355.0,133.0,65.0,61.0,229.0,132.0,118.0,105.0,Noord-Brabant
1841,21PG00,21PG,Technische Universiteit Eindhoven,Eindhoven,2023,voltijd,wo,ma,EER,realisatie,411.0,187.0,90.0,53.0,268.0,186.0,113.0,112.0,Noord-Brabant
1842,21PG00,21PG,Technische Universiteit Eindhoven,Eindhoven,2024,voltijd,wo,ma,EER,realisatie,532.0,246.0,109.0,80.0,343.0,243.0,172.0,117.0,Noord-Brabant
1843,21PG00,21PG,Technische Universiteit Eindhoven,Eindhoven,2017,voltijd,wo,ma,NL,realisatie,3314.0,1197.0,8.0,7.0,3299.0,1167.0,1051.0,1096.0,Noord-Brabant
1844,21PG00,21PG,Technische Universiteit Eindhoven,Eindhoven,2018,voltijd,wo,ma,NL,realisatie,3560.0,1255.0,0.0,8.0,3547.0,1223.0,1141.0,1196.0,Noord-Brabant
1845,21PG00,21PG,Technische Universiteit Eindhoven,Eindhoven,2019,voltijd,wo,ma,NL,realisatie,3848.0,1396.0,7.0,7.0,3834.0,1381.0,1183.0,1284.0,Noord-Brabant
1846,21PG00,21PG,Technische Universiteit Eindhoven,Eindhoven,2020,voltijd,wo,ma,NL,realisatie,4413.0,1709.0,9.0,10.0,4394.0,1681.0,1353.0,1379.0,Noord-Brabant
1847,21PG00,21PG,Technische Universiteit Eindhoven,Eindhoven,2021,voltijd,wo,ma,NL,realisatie,4521.0,1456.0,13.0,7.0,4501.0,1440.0,1588.0,1493.0,Noord-Brabant
1848,21PG00,21PG,Technische Universiteit Eindhoven,Eindhoven,2022,voltijd,wo,ma,NL,realisatie,4284.0,1167.0,0.0,11.0,4268.0,1121.0,1406.0,1757.0,Noord-Brabant
1849,21PG00,21PG,Technische Universiteit Eindhoven,Eindhoven,2023,voltijd,wo,ma,NL,realisatie,3868.0,1043.0,10.0,0.0,3854.0,1018.0,1093.0,1757.0,Noord-Brabant
1850,21PG00,21PG,Technische Universiteit Eindhoven,Eindhoven,2024,voltijd,wo,ma,NL,realisatie,3594.0,1134.0,12.0,9.0,3573.0,1117.0,991.0,1486.0,Noord-Brabant
1851,21PG00,21PG,Technische Universiteit Eindhoven,Eindhoven,2017,voltijd,wo,ma,niet-EER,realisatie,581.0,225.0,191.0,210.0,180.0,222.0,249.0,110.0,Noord-Brabant
1852,21PG00,21PG,Technische Universiteit Eindhoven,Eindhoven,2018,voltijd,wo,ma,niet-EER,realisatie,577.0,275.0,256.0,162.0,159.0,270.0,190.0,117.0,Noord-Brabant
1853,21PG00,21PG,Technische Universiteit Eindhoven,Eindhoven,2019,voltijd,wo,ma,niet-EER,realisatie,549.0,217.0,197.0,213.0,139.0,215.0,223.0,111.0,Noord-Brabant
1854,21PG00,21PG,Technische Universiteit Eindhoven,Eindhoven,2020,voltijd,wo,ma,niet-EER,realisatie,523.0,192.0,160.0,165.0,198.0,189.0,184.0,150.0,Noord-Brabant
1855,21PG00,21PG,Technische Universiteit Eindhoven,Eindhoven,2021,voltijd,wo,ma,niet-EER,realisatie,542.0,271.0,235.0,135.0,172.0,269.0,159.0,114.0,Noord-Brabant
1856,21PG00,21PG,Technische Universiteit Eindhoven,Eindhoven,2022,voltijd,wo,ma,niet-EER,realisatie,602.0,245.0,205.0,213.0,184.0,239.0,244.0,119.0,Noord-Brabant
1857,21PG00,21PG,Technische Universiteit Eindhoven,Eindhoven,2023,voltijd,wo,ma,niet-EER,realisatie,656.0,286.0,244.0,178.0,234.0,278.0,214.0,164.0,Noord-Brabant
1858,21PG00,21PG,Technische Universiteit Eindhoven,Eindhoven,2024,voltijd,wo,ma,niet-EER,realisatie,720.0,329.0,264.0,221.0,235.0,324.0,247.0,149.0,Noord-Brabant
1859,21PG02,21PG,Technische Universiteit Eindhoven,'s-Hertogenbosch,2017,voltijd,wo,ma,EER,realisatie,0.0,0.0,0.0,0.0,0.0,0.0,0.0,0.0,Noord-Brabant
1860,21PG02,21PG,Technische Universiteit Eindhoven,'s-Hertogenbosch,2018,voltijd,wo,ma,EER,realisatie,0.0,0.0,0.0,0.0,0.0,0.0,0.0,0.0,Noord-Brabant
1861,21PG02,21PG,Technische Universiteit Eindhoven,'s-Hertogenbosch,2019,voltijd,wo,ma,EER,realisatie,9.0,0.0,0.0,6.0,0.0,0.0,6.0,0.0,Noord-Brabant
1862,21PG02,21PG,Technische Universiteit Eindhoven,'s-Hertogenbosch,2020,voltijd,wo,ma,EER,realisatie,10.0,0.0,0.0,0.0,0.0,0.0,0.0,0.0,Noord-Brabant
1863,21PG02,21PG,Technische Universiteit Eindhoven,'s-Hertogenbosch,2021,voltijd,wo,ma,EER,realisatie,10.0,0.0,0.0,0.0,8.0,0.0,0.0,0.0,Noord-Brabant
1864,21PG02,21PG,Technische Universiteit Eindhoven,'s-Hertogenbosch,2022,voltijd,wo,ma,EER,realisatie,13.0,0.0,0.0,0.0,10.0,0.0,0.0,0.0,Noord-Brabant
1865,21PG02,21PG,Technische Universiteit Eindhoven,'s-Hertogenbosch,2017,voltijd,wo,ma,NL,realisatie,13.0,9.0,0.0,0.0,13.0,6.0,0.0,0.0,Noord-Brabant
1866,21PG02,21PG,Technische Universiteit Eindhoven,'s-Hertogenbosch,2018,voltijd,wo,ma,NL,realisatie,48.0,43.0,0.0,0.0,48.0,43.0,0.0,0.0,Noord-Brabant
1867,21PG02,21PG,Technische Universiteit Eindhoven,'s-Hertogenbosch,2019,voltijd,wo,ma,NL,realisatie,89.0,43.0,0.0,0.0,88.0,37.0,45.0,7.0,Noord-Brabant
1868,21PG02,21PG,Technische Universiteit Eindhoven,'s-Hertogenbosch,2020,voltijd,wo,ma,NL,realisatie,82.0,30.0,0.0,0.0,82.0,30.0,35.0,17.0,Noord-Brabant
1869,21PG02,21PG,Technische Universiteit Eindhoven,'s-Hertogenbosch,2021,voltijd,wo,ma,NL,realisatie,66.0,26.0,0.0,0.0,66.0,25.0,28.0,13.0,Noord-Brabant
1870,21PG02,21PG,Technische Universiteit Eindhoven,'s-Hertogenbosch,2022,voltijd,wo,ma,NL,realisatie,75.0,37.0,0.0,0.0,75.0,35.0,21.0,19.0,Noord-Brabant
1871,21PG02,21PG,Technische Universiteit Eindhoven,'s-Hertogenbosch,2023,voltijd,wo,ma,NL,realisatie,0.0,0.0,0.0,0.0,0.0,0.0,0.0,0.0,Noord-Brabant
1872,21PG02,21PG,Technische Universiteit Eindhoven,'s-Hertogenbosch,2017,voltijd,wo,ma,niet-EER,realisatie,0.0,0.0,0.0,0.0,0.0,0.0,0.0,0.0,Noord-Brabant
1873,21PG02,21PG,Technische Universiteit Eindhoven,'s-Hertogenbosch,2018,voltijd,wo,ma,niet-EER,realisatie,6.0,0.0,0.0,0.0,0.0,0.0,0.0,0.0,Noord-Brabant
1874,21PG02,21PG,Technische Universiteit Eindhoven,'s-Hertogenbosch,2019,voltijd,wo,ma,niet-EER,realisatie,6.0,0.0,0.0,0.0,0.0,0.0,0.0,0.0,Noord-Brabant
1875,21PG02,21PG,Technische Universiteit Eindhoven,'s-Hertogenbosch,2020,voltijd,wo,ma,niet-EER,realisatie,0.0,0.0,0.0,0.0,0.0,0.0,0.0,0.0,Noord-Brabant
1876,21PG02,21PG,Technische Universiteit Eindhoven,'s-Hertogenbosch,2021,voltijd,wo,ma,niet-EER,realisatie,0.0,0.0,0.0,0.0,0.0,0.0,0.0,0.0,Noord-Brabant
1877,21PG02,21PG,Technische Universiteit Eindhoven,'s-Hertogenbosch,2022,voltijd,wo,ma,niet-EER,realisatie,0.0,0.0,0.0,0.0,0.0,0.0,0.0,0.0,Noord-Brabant
1878,21PH00,21PH,Universiteit Twente,Enschede,2017,deeltijd,wo,ma,EER,realisatie,0.0,0.0,0.0,0.0,0.0,0.0,0.0,0.0,Overijssel
1879,21PH00,21PH,Universiteit Twente,Enschede,2018,deeltijd,wo,ma,EER,realisatie,0.0,0.0,0.0,0.0,0.0,0.0,0.0,0.0,Overijssel
1880,21PH00,21PH,Universiteit Twente,Enschede,2019,deeltijd,wo,ma,EER,realisatie,0.0,0.0,0.0,0.0,0.0,0.0,0.0,0.0,Overijssel
1881,21PH00,21PH,Universiteit Twente,Enschede,2020,deeltijd,wo,ma,EER,realisatie,0.0,0.0,0.0,0.0,0.0,0.0,0.0,0.0,Overijssel
1882,21PH00,21PH,Universiteit Twente,Enschede,2021,deeltijd,wo,ma,EER,realisatie,0.0,0.0,0.0,0.0,0.0,0.0,0.0,0.0,Overijssel
1883,21PH00,21PH,Universiteit Twente,Enschede,2022,deeltijd,wo,ma,EER,realisatie,10.0,9.0,0.0,6.0,0.0,6.0,0.0,0.0,Overijssel
1884,21PH00,21PH,Universiteit Twente,Enschede,2023,deeltijd,wo,ma,EER,realisatie,9.0,0.0,0.0,0.0,7.0,0.0,0.0,0.0,Overijssel
1885,21PH00,21PH,Universiteit Twente,Enschede,2024,deeltijd,wo,ma,EER,realisatie,12.0,6.0,0.0,0.0,10.0,0.0,7.0,0.0,Overijssel
1886,21PH00,21PH,Universiteit Twente,Enschede,2017,deeltijd,wo,ma,NL,realisatie,78.0,30.0,0.0,0.0,78.0,15.0,14.0,49.0,Overijssel
1887,21PH00,21PH,Universiteit Twente,Enschede,2018,deeltijd,wo,ma,NL,realisatie,67.0,25.0,0.0,0.0,66.0,12.0,12.0,43.0,Overijssel
1888,21PH00,21PH,Universiteit Twente,Enschede,2019,deeltijd,wo,ma,NL,realisatie,64.0,25.0,0.0,0.0,63.0,13.0,13.0,38.0,Overijssel
1889,21PH00,21PH,Universiteit Twente,Enschede,2020,deeltijd,wo,ma,NL,realisatie,50.0,15.0,0.0,0.0,49.0,7.0,15.0,28.0,Overijssel
1890,21PH00,21PH,Universiteit Twente,Enschede,2021,deeltijd,wo,ma,NL,realisatie,59.0,24.0,0.0,0.0,54.0,12.0,12.0,35.0,Overijssel
1891,21PH00,21PH,Universiteit Twente,Enschede,2022,deeltijd,wo,ma,NL,realisatie,49.0,14.0,0.0,0.0,48.0,9.0,12.0,28.0,Overijssel
1892,21PH00,21PH,Universiteit Twente,Enschede,2023,deeltijd,wo,ma,NL,realisatie,49.0,15.0,0.0,0.0,49.0,0.0,16.0,28.0,Overijssel
1893,21PH00,21PH,Universiteit Twente,Enschede,2024,deeltijd,wo,ma,NL,realisatie,36.0,14.0,0.0,0.0,35.0,11.0,0.0,20.0,Overijssel
1894,21PH00,21PH,Universiteit Twente,Enschede,2018,deeltijd,wo,ma,niet-EER,realisatie,0.0,0.0,0.0,0.0,0.0,0.0,0.0,0.0,Overijssel
1895,21PH00,21PH,Universiteit Twente,Enschede,2022,deeltijd,wo,ma,niet-EER,realisatie,0.0,0.0,0.0,0.0,0.0,0.0,0.0,0.0,Overijssel
1896,21PH00,21PH,Universiteit Twente,Enschede,2023,deeltijd,wo,ma,niet-EER,realisatie,0.0,0.0,0.0,0.0,0.0,0.0,0.0,0.0,Overijssel
1897,21PH00,21PH,Universiteit Twente,Enschede,2024,deeltijd,wo,ma,niet-EER,realisatie,0.0,0.0,0.0,0.0,0.0,0.0,0.0,0.0,Overijssel
1898,21PH00,21PH,Universiteit Twente,Enschede,2017,voltijd,wo,ba,EER,realisatie,1181.0,507.0,487.0,390.0,304.0,501.0,395.0,285.0,Overijssel
1899,21PH00,21PH,Universiteit Twente,Enschede,2018,voltijd,wo,ba,EER,realisatie,1422.0,579.0,553.0,379.0,490.0,568.0,375.0,479.0,Overijssel
1900,21PH00,21PH,Universiteit Twente,Enschede,2019,voltijd,wo,ba,EER,realisatie,1607.0,693.0,655.0,438.0,514.0,680.0,434.0,493.0,Overijssel
1901,21PH00,21PH,Universiteit Twente,Enschede,2020,voltijd,wo,ba,EER,realisatie,1759.0,672.0,634.0,544.0,581.0,658.0,557.0,544.0,Overijssel
1902,21PH00,21PH,Universiteit Twente,Enschede,2021,voltijd,wo,ba,EER,realisatie,2097.0,913.0,881.0,477.0,739.0,903.0,480.0,714.0,Overijssel
1903,21PH00,21PH,Universiteit Twente,Enschede,2022,voltijd,wo,ba,EER,realisatie,1997.0,603.0,575.0,675.0,747.0,586.0,677.0,734.0,Overijssel
1904,21PH00,21PH,Universiteit Twente,Enschede,2023,voltijd,wo,ba,EER,realisatie,1894.0,521.0,499.0,467.0,928.0,510.0,471.0,913.0,Overijssel
1905,21PH00,21PH,Universiteit Twente,Enschede,2024,voltijd,wo,ba,EER,realisatie,1821.0,551.0,519.0,425.0,877.0,530.0,430.0,861.0,Overijssel
1906,21PH00,21PH,Universiteit Twente,Enschede,2017,voltijd,wo,ba,NL,realisatie,4513.0,1499.0,1163.0,983.0,2367.0,1428.0,1040.0,2045.0,Overijssel
1907,21PH00,21PH,Universiteit Twente,Enschede,2018,voltijd,wo,ba,NL,realisatie,4655.0,1520.0,1189.0,1057.0,2409.0,1457.0,1105.0,2093.0,Overijssel
1908,21PH00,21PH,Universiteit Twente,Enschede,2019,voltijd,wo,ba,NL,realisatie,4847.0,1580.0,1204.0,1112.0,2531.0,1492.0,1161.0,2194.0,Overijssel
1909,21PH00,21PH,Universiteit Twente,Enschede,2020,voltijd,wo,ba,NL,realisatie,5000.0,1684.0,1295.0,1112.0,2593.0,1625.0,1168.0,2207.0,Overijssel
1910,21PH00,21PH,Universiteit Twente,Enschede,2021,voltijd,wo,ba,NL,realisatie,4919.0,1516.0,1142.0,1160.0,2617.0,1438.0,1222.0,2259.0,Overijssel
1911,21PH00,21PH,Universiteit Twente,Enschede,2022,voltijd,wo,ba,NL,realisatie,4627.0,1230.0,899.0,998.0,2730.0,1172.0,1066.0,2389.0,Overijssel
1912,21PH00,21PH,Universiteit Twente,Enschede,2023,voltijd,wo,ba,NL,realisatie,4410.0,1190.0,871.0,787.0,2752.0,1128.0,843.0,2439.0,Overijssel
1913,21PH00,21PH,Universiteit Twente,Enschede,2024,voltijd,wo,ba,NL,realisatie,4105.0,1222.0,864.0,776.0,2465.0,1158.0,815.0,2132.0,Overijssel
1914,21PH00,21PH,Universiteit Twente,Enschede,2017,voltijd,wo,ba,niet-EER,realisatie,191.0,109.0,97.0,53.0,41.0,109.0,45.0,37.0,Overijssel
1915,21PH00,21PH,Universiteit Twente,Enschede,2018,voltijd,wo,ba,niet-EER,realisatie,339.0,219.0,209.0,64.0,66.0,216.0,66.0,57.0,Overijssel
1916,21PH00,21PH,Universiteit Twente,Enschede,2019,voltijd,wo,ba,niet-EER,realisatie,497.0,268.0,262.0,147.0,88.0,265.0,146.0,86.0,Overijssel
1917,21PH00,21PH,Universiteit Twente,Enschede,2020,voltijd,wo,ba,niet-EER,realisatie,675.0,324.0,312.0,194.0,169.0,320.0,190.0,165.0,Overijssel
1918,21PH00,21PH,Universiteit Twente,Enschede,2021,voltijd,wo,ba,niet-EER,realisatie,762.0,333.0,321.0,211.0,230.0,326.0,213.0,223.0,Overijssel
1919,21PH00,21PH,Universiteit Twente,Enschede,2022,voltijd,wo,ba,niet-EER,realisatie,806.0,289.0,276.0,238.0,292.0,279.0,239.0,288.0,Overijssel
1920,21PH00,21PH,Universiteit Twente,Enschede,2023,voltijd,wo,ba,niet-EER,realisatie,786.0,197.0,179.0,215.0,392.0,186.0,212.0,388.0,Overijssel
1921,21PH00,21PH,Universiteit Twente,Enschede,2024,voltijd,wo,ba,niet-EER,realisatie,800.0,288.0,274.0,139.0,387.0,278.0,140.0,382.0,Overijssel
1922,21PH00,21PH,Universiteit Twente,Enschede,2017,voltijd,wo,ma,EER,realisatie,554.0,251.0,114.0,122.0,318.0,248.0,204.0,102.0,Overijssel
1923,21PH00,21PH,Universiteit Twente,Enschede,2018,voltijd,wo,ma,EER,realisatie,573.0,238.0,116.0,113.0,344.0,235.0,174.0,164.0,Overijssel
1924,21PH00,21PH,Universiteit Twente,Enschede,2019,voltijd,wo,ma,EER,realisatie,607.0,305.0,128.0,110.0,369.0,301.0,174.0,132.0,Overijssel
1925,21PH00,21PH,Universiteit Twente,Enschede,2020,voltijd,wo,ma,EER,realisatie,697.0,353.0,101.0,114.0,482.0,345.0,190.0,162.0,Overijssel
1926,21PH00,21PH,Universiteit Twente,Enschede,2021,voltijd,wo,ma,EER,realisatie,712.0,338.0,140.0,78.0,494.0,334.0,197.0,181.0,Overijssel
1927,21PH00,21PH,Universiteit Twente,Enschede,2022,voltijd,wo,ma,EER,realisatie,743.0,328.0,120.0,134.0,489.0,321.0,230.0,192.0,Overijssel
1928,21PH00,21PH,Universiteit Twente,Enschede,2023,voltijd,wo,ma,EER,realisatie,775.0,331.0,129.0,101.0,545.0,324.0,223.0,228.0,Overijssel
1929,21PH00,21PH,Universiteit Twente,Enschede,2024,voltijd,wo,ma,EER,realisatie,791.0,349.0,128.0,104.0,559.0,347.0,213.0,231.0,Overijssel
1930,21PH00,21PH,Universiteit Twente,Enschede,2017,voltijd,wo,ma,NL,realisatie,3025.0,1169.0,0.0,11.0,3010.0,1147.0,883.0,995.0,Overijssel
1931,21PH00,21PH,Universiteit Twente,Enschede,2018,voltijd,wo,ma,NL,realisatie,3104.0,1092.0,7.0,6.0,3091.0,1062.0,995.0,1047.0,Overijssel
1932,21PH00,21PH,Universiteit Twente,Enschede,2019,voltijd,wo,ma,NL,realisatie,3130.0,1099.0,13.0,12.0,3105.0,1078.0,899.0,1153.0,Overijssel
1933,21PH00,21PH,Universiteit Twente,Enschede,2020,voltijd,wo,ma,NL,realisatie,3395.0,1329.0,8.0,19.0,3368.0,1297.0,939.0,1159.0,Overijssel
1934,21PH00,21PH,Universiteit Twente,Enschede,2021,voltijd,wo,ma,NL,realisatie,3414.0,1228.0,0.0,12.0,3398.0,1213.0,1087.0,1114.0,Overijssel
1935,21PH00,21PH,Universiteit Twente,Enschede,2022,voltijd,wo,ma,NL,realisatie,3344.0,1080.0,0.0,6.0,3335.0,1054.0,1037.0,1253.0,Overijssel
1936,21PH00,21PH,Universiteit Twente,Enschede,2023,voltijd,wo,ma,NL,realisatie,3181.0,1013.0,6.0,6.0,3169.0,989.0,909.0,1283.0,Overijssel
1937,21PH00,21PH,Universiteit Twente,Enschede,2024,voltijd,wo,ma,NL,realisatie,3193.0,1138.0,0.0,0.0,3184.0,1115.0,836.0,1242.0,Overijssel
1938,21PH00,21PH,Universiteit Twente,Enschede,2017,voltijd,wo,ma,niet-EER,realisatie,337.0,201.0,174.0,99.0,64.0,199.0,102.0,36.0,Overijssel
1939,21PH00,21PH,Universiteit Twente,Enschede,2018,voltijd,wo,ma,niet-EER,realisatie,459.0,254.0,227.0,164.0,68.0,253.0,164.0,42.0,Overijssel
1940,21PH00,21PH,Universiteit Twente,Enschede,2019,voltijd,wo,ma,niet-EER,realisatie,548.0,269.0,230.0,205.0,113.0,266.0,199.0,83.0,Overijssel
1941,21PH00,21PH,Universiteit Twente,Enschede,2020,voltijd,wo,ma,niet-EER,realisatie,498.0,154.0,114.0,209.0,175.0,150.0,217.0,131.0,Overijssel
1942,21PH00,21PH,Universiteit Twente,Enschede,2021,voltijd,wo,ma,niet-EER,realisatie,441.0,198.0,162.0,104.0,175.0,193.0,113.0,135.0,Overijssel
1943,21PH00,21PH,Universiteit Twente,Enschede,2022,voltijd,wo,ma,niet-EER,realisatie,402.0,158.0,116.0,152.0,134.0,154.0,162.0,86.0,Overijssel
1944,21PH00,21PH,Universiteit Twente,Enschede,2023,voltijd,wo,ma,niet-EER,realisatie,409.0,196.0,152.0,110.0,147.0,192.0,124.0,93.0,Overijssel
1945,21PH00,21PH,Universiteit Twente,Enschede,2024,voltijd,wo,ma,niet-EER,realisatie,442.0,227.0,155.0,140.0,147.0,219.0,155.0,68.0,Overijssel
1946,21PH01,21PH,Universiteit Twente,Leeuwarden,2017,voltijd,wo,ma,EER,realisatie,0.0,0.0,0.0,0.0,0.0,0.0,0.0,0.0,Friesland
1947,21PH01,21PH,Universiteit Twente,Leeuwarden,2018,voltijd,wo,ma,EER,realisatie,8.0,8.0,7.0,0.0,0.0,8.0,0.0,0.0,Friesland
1948,21PH01,21PH,Universiteit Twente,Leeuwarden,2019,voltijd,wo,ma,EER,realisatie,14.0,10.0,10.0,0.0,0.0,10.0,0.0,0.0,Friesland
1949,21PH01,21PH,Universiteit Twente,Leeuwarden,2020,voltijd,wo,ma,EER,realisatie,11.0,7.0,0.0,0.0,0.0,7.0,0.0,0.0,Friesland
1950,21PH01,21PH,Universiteit Twente,Leeuwarden,2021,voltijd,wo,ma,EER,realisatie,9.0,0.0,0.0,0.0,6.0,0.0,0.0,0.0,Friesland
1951,21PH01,21PH,Universiteit Twente,Leeuwarden,2022,voltijd,wo,ma,EER,realisatie,8.0,0.0,0.0,0.0,6.0,0.0,0.0,0.0,Friesland
1952,21PH01,21PH,Universiteit Twente,Leeuwarden,2023,voltijd,wo,ma,EER,realisatie,9.0,0.0,0.0,0.0,0.0,0.0,0.0,0.0,Friesland
1953,21PH01,21PH,Universiteit Twente,Leeuwarden,2024,voltijd,wo,ma,EER,realisatie,7.0,0.0,0.0,0.0,0.0,0.0,0.0,0.0,Friesland
1954,21PH01,21PH,Universiteit Twente,Leeuwarden,2017,voltijd,wo,ma,NL,realisatie,6.0,6.0,0.0,0.0,6.0,6.0,0.0,0.0,Friesland
1955,21PH01,21PH,Universiteit Twente,Leeuwarden,2018,voltijd,wo,ma,NL,realisatie,11.0,9.0,0.0,0.0,11.0,9.0,0.0,0.0,Friesland
1956,21PH01,21PH,Universiteit Twente,Leeuwarden,2019,voltijd,wo,ma,NL,realisatie,11.0,7.0,0.0,0.0,11.0,7.0,0.0,0.0,Friesland
1957,21PH01,21PH,Universiteit Twente,Leeuwarden,2020,voltijd,wo,ma,NL,realisatie,15.0,13.0,0.0,0.0,15.0,12.0,0.0,0.0,Friesland
1958,21PH01,21PH,Universiteit Twente,Leeuwarden,2021,voltijd,wo,ma,NL,realisatie,19.0,11.0,0.0,0.0,19.0,10.0,0.0,0.0,Friesland
1959,21PH01,21PH,Universiteit Twente,Leeuwarden,2022,voltijd,wo,ma,NL,realisatie,11.0,0.0,0.0,0.0,11.0,0.0,0.0,0.0,Friesland
1960,21PH01,21PH,Universiteit Twente,Leeuwarden,2023,voltijd,wo,ma,NL,realisatie,9.0,6.0,0.0,0.0,9.0,6.0,0.0,0.0,Friesland
1961,21PH01,21PH,Universiteit Twente,Leeuwarden,2024,voltijd,wo,ma,NL,realisatie,9.0,6.0,0.0,0.0,9.0,6.0,0.0,0.0,Friesland
1962,21PH01,21PH,Universiteit Twente,Leeuwarden,2017,voltijd,wo,ma,niet-EER,realisatie,24.0,23.0,23.0,0.0,0.0,23.0,0.0,0.0,Friesland
1963,21PH01,21PH,Universiteit Twente,Leeuwarden,2018,voltijd,wo,ma,niet-EER,realisatie,23.0,21.0,21.0,0.0,0.0,21.0,0.0,0.0,Friesland
1964,21PH01,21PH,Universiteit Twente,Leeuwarden,2019,voltijd,wo,ma,niet-EER,realisatie,17.0,15.0,15.0,0.0,0.0,15.0,0.0,0.0,Friesland
1965,21PH01,21PH,Universiteit Twente,Leeuwarden,2020,voltijd,wo,ma,niet-EER,realisatie,18.0,12.0,10.0,0.0,0.0,12.0,0.0,0.0,Friesland
1966,21PH01,21PH,Universiteit Twente,Leeuwarden,2021,voltijd,wo,ma,niet-EER,realisatie,22.0,19.0,18.0,0.0,0.0,19.0,0.0,0.0,Friesland
1967,21PH01,21PH,Universiteit Twente,Leeuwarden,2022,voltijd,wo,ma,niet-EER,realisatie,27.0,24.0,24.0,0.0,0.0,24.0,0.0,0.0,Friesland
1968,21PH01,21PH,Universiteit Twente,Leeuwarden,2023,voltijd,wo,ma,niet-EER,realisatie,18.0,16.0,14.0,0.0,0.0,14.0,0.0,0.0,Friesland
1969,21PH01,21PH,Universiteit Twente,Leeuwarden,2024,voltijd,wo,ma,niet-EER,realisatie,14.0,13.0,13.0,0.0,0.0,13.0,0.0,0.0,Friesland
1970,21PH02,21PH,Universiteit Twente,Amsterdam,2019,voltijd,wo,ba,EER,realisatie,0.0,0.0,0.0,0.0,0.0,0.0,0.0,0.0,Noord-Holland
1971,21PH02,21PH,Universiteit Twente,Amsterdam,2020,voltijd,wo,ba,EER,realisatie,8.0,0.0,0.0,0.0,0.0,0.0,0.0,0.0,Noord-Holland
1972,21PH02,21PH,Universiteit Twente,Amsterdam,2021,voltijd,wo,ba,EER,realisatie,34.0,29.0,29.0,0.0,0.0,29.0,0.0,0.0,Noord-Holland
1973,21PH02,21PH,Universiteit Twente,Amsterdam,2022,voltijd,wo,ba,EER,realisatie,44.0,19.0,16.0,24.0,0.0,17.0,23.0,0.0,Noord-Holland
1974,21PH02,21PH,Universiteit Twente,Amsterdam,2023,voltijd,wo,ba,EER,realisatie,71.0,32.0,29.0,14.0,28.0,29.0,15.0,27.0,Noord-Holland
1975,21PH02,21PH,Universiteit Twente,Amsterdam,2024,voltijd,wo,ba,EER,realisatie,88.0,30.0,29.0,30.0,29.0,30.0,29.0,29.0,Noord-Holland
1976,21PH02,21PH,Universiteit Twente,Amsterdam,2019,voltijd,wo,ba,NL,realisatie,46.0,33.0,29.0,15.0,0.0,30.0,15.0,0.0,Noord-Holland
1977,21PH02,21PH,Universiteit Twente,Amsterdam,2020,voltijd,wo,ba,NL,realisatie,82.0,44.0,40.0,26.0,16.0,42.0,27.0,13.0,Noord-Holland
1978,21PH02,21PH,Universiteit Twente,Amsterdam,2021,voltijd,wo,ba,NL,realisatie,102.0,31.0,26.0,38.0,38.0,29.0,37.0,36.0,Noord-Holland
1979,21PH02,21PH,Universiteit Twente,Amsterdam,2022,voltijd,wo,ba,NL,realisatie,107.0,20.0,19.0,23.0,65.0,19.0,26.0,62.0,Noord-Holland
1980,21PH02,21PH,Universiteit Twente,Amsterdam,2023,voltijd,wo,ba,NL,realisatie,175.0,85.0,75.0,29.0,71.0,79.0,26.0,70.0,Noord-Holland
1981,21PH02,21PH,Universiteit Twente,Amsterdam,2024,voltijd,wo,ba,NL,realisatie,247.0,101.0,91.0,80.0,76.0,97.0,80.0,70.0,Noord-Holland
1982,21PH02,21PH,Universiteit Twente,Amsterdam,2019,voltijd,wo,ba,niet-EER,realisatie,7.0,7.0,7.0,0.0,0.0,7.0,0.0,0.0,Noord-Holland
1983,21PH02,21PH,Universiteit Twente,Amsterdam,2020,voltijd,wo,ba,niet-EER,realisatie,10.0,0.0,0.0,8.0,0.0,0.0,8.0,0.0,Noord-Holland
1984,21PH02,21PH,Universiteit Twente,Amsterdam,2021,voltijd,wo,ba,niet-EER,realisatie,15.0,0.0,0.0,0.0,8.0,0.0,0.0,8.0,Noord-Holland
1985,21PH02,21PH,Universiteit Twente,Amsterdam,2022,voltijd,wo,ba,niet-EER,realisatie,12.0,0.0,0.0,0.0,6.0,0.0,0.0,6.0,Noord-Holland
1986,21PH02,21PH,Universiteit Twente,Amsterdam,2023,voltijd,wo,ba,niet-EER,realisatie,14.0,6.0,0.0,0.0,6.0,6.0,0.0,6.0,Noord-Holland
1987,21PH02,21PH,Universiteit Twente,Amsterdam,2024,voltijd,wo,ba,niet-EER,realisatie,21.0,9.0,8.0,6.0,7.0,9.0,6.0,6.0,Noord-Holland
1988,21PI00,21PI,Wageningen University,Wageningen,2021,deeltijd,wo,ma,EER,realisatie,28.0,28.0,27.0,0.0,0.0,27.0,0.0,0.0,Gelderland
1989,21PI00,21PI,Wageningen University,Wageningen,2022,deeltijd,wo,ma,EER,realisatie,33.0,14.0,13.0,18.0,0.0,14.0,18.0,0.0,Gelderland
1990,21PI00,21PI,Wageningen University,Wageningen,2023,deeltijd,wo,ma,EER,realisatie,50.0,24.0,22.0,9.0,19.0,24.0,10.0,16.0,Gelderland
1991,21PI00,21PI,Wageningen University,Wageningen,2024,deeltijd,wo,ma,EER,realisatie,51.0,19.0,18.0,12.0,21.0,19.0,14.0,18.0,Gelderland
1992,21PI00,21PI,Wageningen University,Wageningen,2021,deeltijd,wo,ma,NL,realisatie,24.0,24.0,0.0,0.0,20.0,20.0,0.0,0.0,Gelderland
1993,21PI00,21PI,Wageningen University,Wageningen,2022,deeltijd,wo,ma,NL,realisatie,37.0,22.0,0.0,0.0,33.0,20.0,14.0,0.0,Gelderland
1994,21PI00,21PI,Wageningen University,Wageningen,2023,deeltijd,wo,ma,NL,realisatie,43.0,14.0,0.0,0.0,40.0,12.0,15.0,16.0,Gelderland
1995,21PI00,21PI,Wageningen University,Wageningen,2024,deeltijd,wo,ma,NL,realisatie,40.0,9.0,0.0,0.0,37.0,6.0,13.0,21.0,Gelderland
1996,21PI00,21PI,Wageningen University,Wageningen,2021,deeltijd,wo,ma,niet-EER,realisatie,6.0,6.0,0.0,0.0,0.0,6.0,0.0,0.0,Gelderland
1997,21PI00,21PI,Wageningen University,Wageningen,2022,deeltijd,wo,ma,niet-EER,realisatie,15.0,9.0,8.0,0.0,0.0,9.0,6.0,0.0,Gelderland
1998,21PI00,21PI,Wageningen University,Wageningen,2023,deeltijd,wo,ma,niet-EER,realisatie,26.0,14.0,12.0,7.0,7.0,12.0,8.0,6.0,Gelderland
1999,21PI00,21PI,Wageningen University,Wageningen,2024,deeltijd,wo,ma,niet-EER,realisatie,27.0,6.0,0.0,9.0,14.0,6.0,9.0,12.0,Gelderland
2000,21PI00,21PI,Wageningen University,Wageningen,2017,voltijd,wo,ba,EER,realisatie,131.0,29.0,24.0,29.0,78.0,28.0,28.0,75.0,Gelderland
2001,21PI00,21PI,Wageningen University,Wageningen,2018,voltijd,wo,ba,EER,realisatie,142.0,64.0,61.0,16.0,65.0,63.0,18.0,61.0,Gelderland
2002,21PI00,21PI,Wageningen University,Wageningen,2019,voltijd,wo,ba,EER,realisatie,182.0,100.0,93.0,40.0,49.0,96.0,39.0,47.0,Gelderland
2003,21PI00,21PI,Wageningen University,Wageningen,2020,voltijd,wo,ba,EER,realisatie,251.0,109.0,104.0,81.0,66.0,104.0,83.0,64.0,Gelderland
2004,21PI00,21PI,Wageningen University,Wageningen,2021,voltijd,wo,ba,EER,realisatie,280.0,101.0,94.0,73.0,113.0,97.0,72.0,111.0,Gelderland
2005,21PI00,21PI,Wageningen University,Wageningen,2022,voltijd,wo,ba,EER,realisatie,319.0,109.0,101.0,82.0,136.0,105.0,83.0,131.0,Gelderland
2006,21PI00,21PI,Wageningen University,Wageningen,2023,voltijd,wo,ba,EER,realisatie,314.0,107.0,101.0,75.0,138.0,105.0,74.0,135.0,Gelderland
2007,21PI00,21PI,Wageningen University,Wageningen,2024,voltijd,wo,ba,EER,realisatie,302.0,101.0,94.0,77.0,131.0,98.0,79.0,125.0,Gelderland
2008,21PI00,21PI,Wageningen University,Wageningen,2017,voltijd,wo,ba,NL,realisatie,5422.0,1595.0,1422.0,1390.0,2610.0,1515.0,1402.0,2505.0,Gelderland
2009,21PI00,21PI,Wageningen University,Wageningen,2018,voltijd,wo,ba,NL,realisatie,5623.0,1547.0,1390.0,1400.0,2833.0,1475.0,1417.0,2731.0,Gelderland
2010,21PI00,21PI,Wageningen University,Wageningen,2019,voltijd,wo,ba,NL,realisatie,5547.0,1358.0,1214.0,1366.0,2967.0,1290.0,1396.0,2861.0,Gelderland
2011,21PI00,21PI,Wageningen University,Wageningen,2020,voltijd,wo,ba,NL,realisatie,5578.0,1504.0,1334.0,1210.0,3034.0,1438.0,1218.0,2922.0,Gelderland
2012,21PI00,21PI,Wageningen University,Wageningen,2021,voltijd,wo,ba,NL,realisatie,5390.0,1299.0,1122.0,1315.0,2953.0,1233.0,1343.0,2814.0,Gelderland
2013,21PI00,21PI,Wageningen University,Wageningen,2022,voltijd,wo,ba,NL,realisatie,5274.0,1191.0,1044.0,1121.0,3109.0,1124.0,1164.0,2986.0,Gelderland
2014,21PI00,21PI,Wageningen University,Wageningen,2023,voltijd,wo,ba,NL,realisatie,5164.0,1264.0,1092.0,1055.0,3017.0,1194.0,1073.0,2897.0,Gelderland
2015,21PI00,21PI,Wageningen University,Wageningen,2024,voltijd,wo,ba,NL,realisatie,4935.0,1246.0,1081.0,1080.0,2774.0,1172.0,1113.0,2650.0,Gelderland
2016,21PI00,21PI,Wageningen University,Wageningen,2017,voltijd,wo,ba,niet-EER,realisatie,24.0,21.0,12.0,0.0,11.0,21.0,0.0,0.0,Gelderland
2017,21PI00,21PI,Wageningen University,Wageningen,2018,voltijd,wo,ba,niet-EER,realisatie,27.0,19.0,14.0,0.0,8.0,19.0,0.0,0.0,Gelderland
2018,21PI00,21PI,Wageningen University,Wageningen,2019,voltijd,wo,ba,niet-EER,realisatie,50.0,29.0,28.0,14.0,8.0,29.0,14.0,7.0,Gelderland
2019,21PI00,21PI,Wageningen University,Wageningen,2020,voltijd,wo,ba,niet-EER,realisatie,63.0,24.0,21.0,19.0,23.0,24.0,20.0,19.0,Gelderland
2020,21PI00,21PI,Wageningen University,Wageningen,2021,voltijd,wo,ba,niet-EER,realisatie,91.0,50.0,43.0,15.0,33.0,49.0,16.0,26.0,Gelderland
2021,21PI00,21PI,Wageningen University,Wageningen,2022,voltijd,wo,ba,niet-EER,realisatie,121.0,57.0,52.0,38.0,31.0,54.0,37.0,30.0,Gelderland
2022,21PI00,21PI,Wageningen University,Wageningen,2023,voltijd,wo,ba,niet-EER,realisatie,180.0,81.0,74.0,47.0,59.0,78.0,48.0,54.0,Gelderland
2023,21PI00,21PI,Wageningen University,Wageningen,2024,voltijd,wo,ba,niet-EER,realisatie,200.0,70.0,67.0,60.0,73.0,70.0,60.0,70.0,Gelderland
2024,21PI00,21PI,Wageningen University,Wageningen,2017,voltijd,wo,ma,EER,realisatie,1047.0,429.0,376.0,347.0,324.0,422.0,400.0,225.0,Gelderland
2025,21PI00,21PI,Wageningen University,Wageningen,2018,voltijd,wo,ma,EER,realisatie,1112.0,434.0,376.0,354.0,382.0,424.0,397.0,291.0,Gelderland
2026,21PI00,21PI,Wageningen University,Wageningen,2019,voltijd,wo,ma,EER,realisatie,1134.0,435.0,384.0,356.0,394.0,432.0,396.0,306.0,Gelderland
2027,21PI00,21PI,Wageningen University,Wageningen,2020,voltijd,wo,ma,EER,realisatie,1190.0,425.0,350.0,351.0,489.0,421.0,390.0,379.0,Gelderland
2028,21PI00,21PI,Wageningen University,Wageningen,2021,voltijd,wo,ma,EER,realisatie,1296.0,507.0,411.0,362.0,523.0,489.0,413.0,394.0,Gelderland
2029,21PI00,21PI,Wageningen University,Wageningen,2022,voltijd,wo,ma,EER,realisatie,1358.0,474.0,393.0,415.0,550.0,466.0,477.0,415.0,Gelderland
2030,21PI00,21PI,Wageningen University,Wageningen,2023,voltijd,wo,ma,EER,realisatie,1411.0,520.0,402.0,395.0,614.0,502.0,449.0,460.0,Gelderland
2031,21PI00,21PI,Wageningen University,Wageningen,2024,voltijd,wo,ma,EER,realisatie,1364.0,455.0,313.0,410.0,641.0,440.0,492.0,432.0,Gelderland
2032,21PI00,21PI,Wageningen University,Wageningen,2017,voltijd,wo,ma,NL,realisatie,3467.0,1339.0,14.0,27.0,3426.0,1303.0,1117.0,1047.0,Gelderland
2033,21PI00,21PI,Wageningen University,Wageningen,2018,voltijd,wo,ma,NL,realisatie,3758.0,1441.0,30.0,15.0,3713.0,1406.0,1295.0,1057.0,Gelderland
2034,21PI00,21PI,Wageningen University,Wageningen,2019,voltijd,wo,ma,NL,realisatie,4008.0,1547.0,31.0,30.0,3947.0,1516.0,1317.0,1175.0,Gelderland
2035,21PI00,21PI,Wageningen University,Wageningen,2020,voltijd,wo,ma,NL,realisatie,4475.0,1683.0,34.0,41.0,4400.0,1644.0,1491.0,1340.0,Gelderland
2036,21PI00,21PI,Wageningen University,Wageningen,2021,voltijd,wo,ma,NL,realisatie,4574.0,1590.0,32.0,37.0,4505.0,1547.0,1590.0,1437.0,Gelderland
2037,21PI00,21PI,Wageningen University,Wageningen,2022,voltijd,wo,ma,NL,realisatie,4400.0,1289.0,37.0,38.0,4325.0,1246.0,1521.0,1633.0,Gelderland
2038,21PI00,21PI,Wageningen University,Wageningen,2023,voltijd,wo,ma,NL,realisatie,4214.0,1390.0,19.0,42.0,4153.0,1330.0,1240.0,1644.0,Gelderland
2039,21PI00,21PI,Wageningen University,Wageningen,2024,voltijd,wo,ma,NL,realisatie,4067.0,1422.0,19.0,19.0,4029.0,1386.0,1315.0,1366.0,Gelderland
2040,21PI00,21PI,Wageningen University,Wageningen,2017,voltijd,wo,ma,niet-EER,realisatie,1245.0,565.0,545.0,550.0,150.0,556.0,568.0,121.0,Gelderland
2041,21PI00,21PI,Wageningen University,Wageningen,2018,voltijd,wo,ma,niet-EER,realisatie,1163.0,514.0,484.0,527.0,152.0,509.0,529.0,125.0,Gelderland
2042,21PI00,21PI,Wageningen University,Wageningen,2019,voltijd,wo,ma,niet-EER,realisatie,1124.0,486.0,451.0,476.0,197.0,477.0,493.0,154.0,Gelderland
2043,21PI00,21PI,Wageningen University,Wageningen,2020,voltijd,wo,ma,niet-EER,realisatie,1091.0,418.0,394.0,447.0,250.0,412.0,467.0,212.0,Gelderland
2044,21PI00,21PI,Wageningen University,Wageningen,2021,voltijd,wo,ma,niet-EER,realisatie,1094.0,499.0,465.0,382.0,247.0,488.0,396.0,210.0,Gelderland
2045,21PI00,21PI,Wageningen University,Wageningen,2022,voltijd,wo,ma,niet-EER,realisatie,1175.0,526.0,489.0,456.0,230.0,519.0,476.0,180.0,Gelderland
2046,21PI00,21PI,Wageningen University,Wageningen,2023,voltijd,wo,ma,niet-EER,realisatie,1310.0,569.0,529.0,477.0,304.0,561.0,501.0,248.0,Gelderland
2047,21PI00,21PI,Wageningen University,Wageningen,2024,voltijd,wo,ma,niet-EER,realisatie,1289.0,500.0,457.0,508.0,324.0,492.0,535.0,262.0,Gelderland
2048,21PI01,21PI,Wageningen University,Leeuwarden,2017,voltijd,wo,ma,EER,realisatie,8.0,0.0,0.0,0.0,0.0,0.0,0.0,0.0,Friesland
2049,21PI01,21PI,Wageningen University,Leeuwarden,2018,voltijd,wo,ma,EER,realisatie,10.0,0.0,0.0,0.0,0.0,0.0,0.0,0.0,Friesland
2050,21PI01,21PI,Wageningen University,Leeuwarden,2019,voltijd,wo,ma,EER,realisatie,0.0,0.0,0.0,0.0,0.0,0.0,0.0,0.0,Friesland
2051,21PI01,21PI,Wageningen University,Leeuwarden,2020,voltijd,wo,ma,EER,realisatie,0.0,0.0,0.0,0.0,0.0,0.0,0.0,0.0,Friesland
2052,21PI01,21PI,Wageningen University,Leeuwarden,2021,voltijd,wo,ma,EER,realisatie,0.0,0.0,0.0,0.0,0.0,0.0,0.0,0.0,Friesland
2053,21PI01,21PI,Wageningen University,Leeuwarden,2022,voltijd,wo,ma,EER,realisatie,0.0,0.0,0.0,0.0,0.0,0.0,0.0,0.0,Friesland
2054,21PI01,21PI,Wageningen University,Leeuwarden,2023,voltijd,wo,ma,EER,realisatie,7.0,0.0,0.0,0.0,0.0,0.0,0.0,0.0,Friesland
2055,21PI01,21PI,Wageningen University,Leeuwarden,2024,voltijd,wo,ma,EER,realisatie,0.0,0.0,0.0,0.0,0.0,0.0,0.0,0.0,Friesland
2056,21PI01,21PI,Wageningen University,Leeuwarden,2017,voltijd,wo,ma,NL,realisatie,14.0,7.0,0.0,0.0,14.0,7.0,6.0,0.0,Friesland
2057,21PI01,21PI,Wageningen University,Leeuwarden,2018,voltijd,wo,ma,NL,realisatie,14.0,0.0,0.0,0.0,14.0,0.0,6.0,0.0,Friesland
2058,21PI01,21PI,Wageningen University,Leeuwarden,2019,voltijd,wo,ma,NL,realisatie,9.0,0.0,0.0,0.0,9.0,0.0,0.0,0.0,Friesland
2059,21PI01,21PI,Wageningen University,Leeuwarden,2020,voltijd,wo,ma,NL,realisatie,8.0,0.0,0.0,0.0,8.0,0.0,0.0,0.0,Friesland
2060,21PI01,21PI,Wageningen University,Leeuwarden,2021,voltijd,wo,ma,NL,realisatie,11.0,6.0,0.0,0.0,11.0,6.0,0.0,0.0,Friesland
2061,21PI01,21PI,Wageningen University,Leeuwarden,2022,voltijd,wo,ma,NL,realisatie,9.0,0.0,0.0,0.0,9.0,0.0,0.0,0.0,Friesland
2062,21PI01,21PI,Wageningen University,Leeuwarden,2023,voltijd,wo,ma,NL,realisatie,8.0,0.0,0.0,0.0,8.0,0.0,0.0,0.0,Friesland
2063,21PI01,21PI,Wageningen University,Leeuwarden,2024,voltijd,wo,ma,NL,realisatie,13.0,7.0,0.0,0.0,13.0,6.0,0.0,0.0,Friesland
2064,21PI01,21PI,Wageningen University,Leeuwarden,2017,voltijd,wo,ma,niet-EER,realisatie,17.0,7.0,6.0,9.0,0.0,6.0,10.0,0.0,Friesland
2065,21PI01,21PI,Wageningen University,Leeuwarden,2018,voltijd,wo,ma,niet-EER,realisatie,14.0,8.0,8.0,0.0,0.0,8.0,0.0,0.0,Friesland
2066,21PI01,21PI,Wageningen University,Leeuwarden,2019,voltijd,wo,ma,niet-EER,realisatie,18.0,9.0,8.0,8.0,0.0,9.0,8.0,0.0,Friesland
2067,21PI01,21PI,Wageningen University,Leeuwarden,2020,voltijd,wo,ma,niet-EER,realisatie,15.0,6.0,0.0,8.0,0.0,6.0,9.0,0.0,Friesland
2068,21PI01,21PI,Wageningen University,Leeuwarden,2021,voltijd,wo,ma,niet-EER,realisatie,13.0,7.0,7.0,0.0,0.0,7.0,0.0,0.0,Friesland
2069,21PI01,21PI,Wageningen University,Leeuwarden,2022,voltijd,wo,ma,niet-EER,realisatie,12.0,0.0,0.0,7.0,0.0,0.0,7.0,0.0,Friesland
2070,21PI01,21PI,Wageningen University,Leeuwarden,2023,voltijd,wo,ma,niet-EER,realisatie,12.0,7.0,6.0,0.0,0.0,6.0,0.0,0.0,Friesland
2071,21PI01,21PI,Wageningen University,Leeuwarden,2024,voltijd,wo,ma,niet-EER,realisatie,13.0,7.0,7.0,0.0,0.0,7.0,0.0,0.0,Friesland
2072,21PI02,21PI,Wageningen University,Breda,2017,voltijd,wo,ba,EER,realisatie,15.0,0.0,0.0,7.0,0.0,0.0,7.0,0.0,Noord-Brabant
2073,21PI02,21PI,Wageningen University,Breda,2018,voltijd,wo,ba,EER,realisatie,14.0,0.0,0.0,0.0,8.0,0.0,0.0,8.0,Noord-Brabant
2074,21PI02,21PI,Wageningen University,Breda,2019,voltijd,wo,ba,EER,realisatie,23.0,7.0,0.0,10.0,8.0,6.0,9.0,8.0,Noord-Brabant
2075,21PI02,21PI,Wageningen University,Breda,2020,voltijd,wo,ba,EER,realisatie,15.0,0.0,0.0,0.0,10.0,0.0,0.0,9.0,Noord-Brabant
2076,21PI02,21PI,Wageningen University,Breda,2021,voltijd,wo,ba,EER,realisatie,13.0,0.0,0.0,0.0,9.0,0.0,0.0,8.0,Noord-Brabant
2077,21PI02,21PI,Wageningen University,Breda,2022,voltijd,wo,ba,EER,realisatie,15.0,9.0,8.0,0.0,6.0,8.0,0.0,6.0,Noord-Brabant
2078,21PI02,21PI,Wageningen University,Breda,2023,voltijd,wo,ba,EER,realisatie,9.0,0.0,0.0,6.0,0.0,0.0,6.0,0.0,Noord-Brabant
2079,21PI02,21PI,Wageningen University,Breda,2024,voltijd,wo,ba,EER,realisatie,14.0,0.0,0.0,0.0,8.0,0.0,0.0,8.0,Noord-Brabant
2080,21PI02,21PI,Wageningen University,Breda,2017,voltijd,wo,ba,NL,realisatie,56.0,26.0,20.0,19.0,17.0,24.0,17.0,15.0,Noord-Brabant
2081,21PI02,21PI,Wageningen University,Breda,2018,voltijd,wo,ba,NL,realisatie,69.0,25.0,24.0,20.0,25.0,25.0,22.0,22.0,Noord-Brabant
2082,21PI02,21PI,Wageningen University,Breda,2019,voltijd,wo,ba,NL,realisatie,100.0,37.0,32.0,26.0,42.0,34.0,25.0,41.0,Noord-Brabant
2083,21PI02,21PI,Wageningen University,Breda,2020,voltijd,wo,ba,NL,realisatie,95.0,28.0,26.0,27.0,42.0,26.0,28.0,41.0,Noord-Brabant
2084,21PI02,21PI,Wageningen University,Breda,2021,voltijd,wo,ba,NL,realisatie,86.0,8.0,7.0,26.0,53.0,8.0,26.0,52.0,Noord-Brabant
2085,21PI02,21PI,Wageningen University,Breda,2022,voltijd,wo,ba,NL,realisatie,76.0,17.0,14.0,10.0,52.0,15.0,11.0,50.0,Noord-Brabant
2086,21PI02,21PI,Wageningen University,Breda,2023,voltijd,wo,ba,NL,realisatie,71.0,16.0,14.0,16.0,41.0,15.0,17.0,39.0,Noord-Brabant
2087,21PI02,21PI,Wageningen University,Breda,2024,voltijd,wo,ba,NL,realisatie,62.0,14.0,13.0,12.0,37.0,13.0,13.0,36.0,Noord-Brabant
2088,21PI02,21PI,Wageningen University,Breda,2021,voltijd,wo,ba,niet-EER,realisatie,0.0,0.0,0.0,0.0,0.0,0.0,0.0,0.0,Noord-Brabant
2089,21PI03,21PI,Wageningen University,Amsterdam,2019,voltijd,wo,ma,EER,realisatie,9.0,0.0,0.0,0.0,0.0,0.0,6.0,0.0,Noord-Holland
2090,21PI03,21PI,Wageningen University,Amsterdam,2020,voltijd,wo,ma,EER,realisatie,10.0,6.0,0.0,0.0,0.0,6.0,0.0,0.0,Noord-Holland
2091,21PI03,21PI,Wageningen University,Amsterdam,2021,voltijd,wo,ma,EER,realisatie,18.0,11.0,6.0,0.0,7.0,8.0,6.0,0.0,Noord-Holland
2092,21PI03,21PI,Wageningen University,Amsterdam,2022,voltijd,wo,ma,EER,realisatie,22.0,9.0,0.0,6.0,11.0,9.0,7.0,6.0,Noord-Holland
2093,21PI03,21PI,Wageningen University,Amsterdam,2023,voltijd,wo,ma,EER,realisatie,26.0,10.0,6.0,0.0,15.0,9.0,8.0,9.0,Noord-Holland
2094,21PI03,21PI,Wageningen University,Amsterdam,2024,voltijd,wo,ma,EER,realisatie,32.0,12.0,7.0,6.0,19.0,12.0,9.0,11.0,Noord-Holland
2095,21PI03,21PI,Wageningen University,Amsterdam,2019,voltijd,wo,ma,NL,realisatie,65.0,26.0,0.0,0.0,64.0,26.0,26.0,13.0,Noord-Holland
2096,21PI03,21PI,Wageningen University,Amsterdam,2020,voltijd,wo,ma,NL,realisatie,90.0,41.0,0.0,0.0,88.0,41.0,25.0,24.0,Noord-Holland
2097,21PI03,21PI,Wageningen University,Amsterdam,2021,voltijd,wo,ma,NL,realisatie,111.0,42.0,0.0,0.0,110.0,42.0,43.0,26.0,Noord-Holland
2098,21PI03,21PI,Wageningen University,Amsterdam,2022,voltijd,wo,ma,NL,realisatie,102.0,25.0,0.0,0.0,102.0,25.0,44.0,33.0,Noord-Holland
2099,21PI03,21PI,Wageningen University,Amsterdam,2023,voltijd,wo,ma,NL,realisatie,104.0,37.0,0.0,0.0,102.0,36.0,30.0,38.0,Noord-Holland
2100,21PI03,21PI,Wageningen University,Amsterdam,2024,voltijd,wo,ma,NL,realisatie,108.0,36.0,0.0,0.0,107.0,35.0,40.0,33.0,Noord-Holland
2101,21PI03,21PI,Wageningen University,Amsterdam,2019,voltijd,wo,ma,niet-EER,realisatie,0.0,0.0,0.0,0.0,0.0,0.0,0.0,0.0,Noord-Holland
2102,21PI03,21PI,Wageningen University,Amsterdam,2020,voltijd,wo,ma,niet-EER,realisatie,14.0,11.0,10.0,0.0,0.0,11.0,0.0,0.0,Noord-Holland
2103,21PI03,21PI,Wageningen University,Amsterdam,2021,voltijd,wo,ma,niet-EER,realisatie,16.0,0.0,0.0,9.0,0.0,0.0,10.0,0.0,Noord-Holland
2104,21PI03,21PI,Wageningen University,Amsterdam,2022,voltijd,wo,ma,niet-EER,realisatie,20.0,8.0,8.0,0.0,8.0,8.0,0.0,7.0,Noord-Holland
2105,21PI03,21PI,Wageningen University,Amsterdam,2023,voltijd,wo,ma,niet-EER,realisatie,16.0,6.0,6.0,8.0,0.0,6.0,8.0,0.0,Noord-Holland
2106,21PI03,21PI,Wageningen University,Amsterdam,2024,voltijd,wo,ma,niet-EER,realisatie,25.0,13.0,9.0,6.0,10.0,13.0,0.0,7.0,Noord-Holland
2107,21PJ00,21PJ,Universiteit Maastricht,Maastricht,2017,deeltijd,wo,ma,EER,realisatie,15.0,7.0,0.0,0.0,11.0,6.0,0.0,7.0,Limburg
2108,21PJ00,21PJ,Universiteit Maastricht,Maastricht,2018,deeltijd,wo,ma,EER,realisatie,17.0,11.0,8.0,0.0,8.0,10.0,0.0,0.0,Limburg
2109,21PJ00,21PJ,Universiteit Maastricht,Maastricht,2019,deeltijd,wo,ma,EER,realisatie,32.0,19.0,11.0,9.0,12.0,16.0,10.0,6.0,Limburg
2110,21PJ00,21PJ,Universiteit Maastricht,Maastricht,2020,deeltijd,wo,ma,EER,realisatie,38.0,20.0,14.0,12.0,12.0,17.0,17.0,0.0,Limburg
2111,21PJ00,21PJ,Universiteit Maastricht,Maastricht,2021,deeltijd,wo,ma,EER,realisatie,32.0,12.0,8.0,11.0,13.0,11.0,14.0,7.0,Limburg
2112,21PJ00,21PJ,Universiteit Maastricht,Maastricht,2022,deeltijd,wo,ma,EER,realisatie,33.0,15.0,8.0,8.0,17.0,14.0,10.0,9.0,Limburg
2113,21PJ00,21PJ,Universiteit Maastricht,Maastricht,2023,deeltijd,wo,ma,EER,realisatie,19.0,0.0,0.0,6.0,9.0,0.0,12.0,0.0,Limburg
2114,21PJ00,21PJ,Universiteit Maastricht,Maastricht,2024,deeltijd,wo,ma,EER,realisatie,24.0,16.0,12.0,0.0,9.0,14.0,0.0,8.0,Limburg
2115,21PJ00,21PJ,Universiteit Maastricht,Maastricht,2017,deeltijd,wo,ma,NL,realisatie,100.0,47.0,0.0,0.0,97.0,40.0,31.0,29.0,Limburg
2116,21PJ00,21PJ,Universiteit Maastricht,Maastricht,2018,deeltijd,wo,ma,NL,realisatie,109.0,44.0,0.0,0.0,106.0,36.0,43.0,30.0,Limburg
2117,21PJ00,21PJ,Universiteit Maastricht,Maastricht,2019,deeltijd,wo,ma,NL,realisatie,116.0,62.0,0.0,0.0,114.0,52.0,37.0,27.0,Limburg
2118,21PJ00,21PJ,Universiteit Maastricht,Maastricht,2020,deeltijd,wo,ma,NL,realisatie,148.0,70.0,0.0,0.0,146.0,60.0,55.0,33.0,Limburg
2119,21PJ00,21PJ,Universiteit Maastricht,Maastricht,2021,deeltijd,wo,ma,NL,realisatie,137.0,56.0,0.0,0.0,136.0,43.0,56.0,38.0,Limburg
2120,21PJ00,21PJ,Universiteit Maastricht,Maastricht,2022,deeltijd,wo,ma,NL,realisatie,126.0,54.0,0.0,0.0,125.0,48.0,39.0,39.0,Limburg
2121,21PJ00,21PJ,Universiteit Maastricht,Maastricht,2023,deeltijd,wo,ma,NL,realisatie,118.0,44.0,0.0,0.0,117.0,37.0,41.0,40.0,Limburg
2122,21PJ00,21PJ,Universiteit Maastricht,Maastricht,2024,deeltijd,wo,ma,NL,realisatie,131.0,64.0,0.0,0.0,129.0,54.0,40.0,37.0,Limburg
2123,21PJ00,21PJ,Universiteit Maastricht,Maastricht,2017,deeltijd,wo,ma,niet-EER,realisatie,0.0,0.0,0.0,0.0,0.0,0.0,0.0,0.0,Limburg
2124,21PJ00,21PJ,Universiteit Maastricht,Maastricht,2018,deeltijd,wo,ma,niet-EER,realisatie,0.0,0.0,0.0,0.0,0.0,0.0,0.0,0.0,Limburg
2125,21PJ00,21PJ,Universiteit Maastricht,Maastricht,2019,deeltijd,wo,ma,niet-EER,realisatie,0.0,0.0,0.0,0.0,0.0,0.0,0.0,0.0,Limburg
2126,21PJ00,21PJ,Universiteit Maastricht,Maastricht,2020,deeltijd,wo,ma,niet-EER,realisatie,0.0,0.0,0.0,0.0,0.0,0.0,0.0,0.0,Limburg
2127,21PJ00,21PJ,Universiteit Maastricht,Maastricht,2021,deeltijd,wo,ma,niet-EER,realisatie,0.0,0.0,0.0,0.0,0.0,0.0,0.0,0.0,Limburg
2128,21PJ00,21PJ,Universiteit Maastricht,Maastricht,2022,deeltijd,wo,ma,niet-EER,realisatie,0.0,0.0,0.0,0.0,0.0,0.0,0.0,0.0,Limburg
2129,21PJ00,21PJ,Universiteit Maastricht,Maastricht,2023,deeltijd,wo,ma,niet-EER,realisatie,0.0,0.0,0.0,0.0,0.0,0.0,0.0,0.0,Limburg
2130,21PJ00,21PJ,Universiteit Maastricht,Maastricht,2024,deeltijd,wo,ma,niet-EER,realisatie,0.0,0.0,0.0,0.0,0.0,0.0,0.0,0.0,Limburg
2131,21PJ00,21PJ,Universiteit Maastricht,Maastricht,2017,voltijd,wo,ba,EER,realisatie,5676.0,2042.0,1985.0,1617.0,2074.0,2006.0,1613.0,2057.0,Limburg
2132,21PJ00,21PJ,Universiteit Maastricht,Maastricht,2018,voltijd,wo,ba,EER,realisatie,5882.0,2190.0,2138.0,1596.0,2148.0,2151.0,1606.0,2125.0,Limburg
2133,21PJ00,21PJ,Universiteit Maastricht,Maastricht,2019,voltijd,wo,ba,EER,realisatie,6172.0,2338.0,2279.0,1747.0,2146.0,2300.0,1742.0,2130.0,Limburg
2134,21PJ00,21PJ,Universiteit Maastricht,Maastricht,2020,voltijd,wo,ba,EER,realisatie,6927.0,2736.0,2662.0,1966.0,2299.0,2683.0,1972.0,2272.0,Limburg
2135,21PJ00,21PJ,Universiteit Maastricht,Maastricht,2021,voltijd,wo,ba,EER,realisatie,7471.0,2664.0,2577.0,2272.0,2622.0,2599.0,2272.0,2600.0,Limburg
2136,21PJ00,21PJ,Universiteit Maastricht,Maastricht,2022,voltijd,wo,ba,EER,realisatie,8080.0,2941.0,2857.0,2164.0,3059.0,2894.0,2157.0,3029.0,Limburg
2137,21PJ00,21PJ,Universiteit Maastricht,Maastricht,2023,voltijd,wo,ba,EER,realisatie,8966.0,3446.0,3354.0,2478.0,3134.0,3394.0,2488.0,3084.0,Limburg
2138,21PJ00,21PJ,Universiteit Maastricht,Maastricht,2024,voltijd,wo,ba,EER,realisatie,9195.0,3053.0,2947.0,2772.0,3476.0,2989.0,2770.0,3436.0,Limburg
2139,21PJ00,21PJ,Universiteit Maastricht,Maastricht,2017,voltijd,wo,ba,NL,realisatie,4871.0,1502.0,1286.0,1159.0,2426.0,1432.0,1197.0,2242.0,Limburg
2140,21PJ00,21PJ,Universiteit Maastricht,Maastricht,2018,voltijd,wo,ba,NL,realisatie,4995.0,1580.0,1309.0,1296.0,2390.0,1512.0,1336.0,2147.0,Limburg
2141,21PJ00,21PJ,Universiteit Maastricht,Maastricht,2019,voltijd,wo,ba,NL,realisatie,5251.0,1622.0,1314.0,1338.0,2599.0,1550.0,1381.0,2320.0,Limburg
2142,21PJ00,21PJ,Universiteit Maastricht,Maastricht,2020,voltijd,wo,ba,NL,realisatie,5609.0,1882.0,1495.0,1366.0,2748.0,1801.0,1426.0,2382.0,Limburg
2143,21PJ00,21PJ,Universiteit Maastricht,Maastricht,2021,voltijd,wo,ba,NL,realisatie,5849.0,1793.0,1432.0,1487.0,2930.0,1705.0,1637.0,2507.0,Limburg
2144,21PJ00,21PJ,Universiteit Maastricht,Maastricht,2022,voltijd,wo,ba,NL,realisatie,5882.0,1712.0,1378.0,1387.0,3117.0,1634.0,1496.0,2752.0,Limburg
2145,21PJ00,21PJ,Universiteit Maastricht,Maastricht,2023,voltijd,wo,ba,NL,realisatie,5783.0,1606.0,1176.0,1351.0,3256.0,1513.0,1453.0,2817.0,Limburg
2146,21PJ00,21PJ,Universiteit Maastricht,Maastricht,2024,voltijd,wo,ba,NL,realisatie,5541.0,1579.0,1170.0,1166.0,3205.0,1498.0,1283.0,2760.0,Limburg
2147,21PJ00,21PJ,Universiteit Maastricht,Maastricht,2017,voltijd,wo,ba,niet-EER,realisatie,626.0,246.0,231.0,157.0,238.0,236.0,157.0,233.0,Limburg
2148,21PJ00,21PJ,Universiteit Maastricht,Maastricht,2018,voltijd,wo,ba,niet-EER,realisatie,649.0,223.0,213.0,202.0,234.0,219.0,201.0,229.0,Limburg
2149,21PJ00,21PJ,Universiteit Maastricht,Maastricht,2019,voltijd,wo,ba,niet-EER,realisatie,677.0,252.0,241.0,171.0,265.0,243.0,173.0,261.0,Limburg
2150,21PJ00,21PJ,Universiteit Maastricht,Maastricht,2020,voltijd,wo,ba,niet-EER,realisatie,753.0,296.0,273.0,208.0,272.0,284.0,206.0,263.0,Limburg
2151,21PJ00,21PJ,Universiteit Maastricht,Maastricht,2021,voltijd,wo,ba,niet-EER,realisatie,815.0,301.0,292.0,224.0,299.0,295.0,234.0,286.0,Limburg
2152,21PJ00,21PJ,Universiteit Maastricht,Maastricht,2022,voltijd,wo,ba,niet-EER,realisatie,900.0,342.0,327.0,240.0,333.0,333.0,236.0,331.0,Limburg
2153,21PJ00,21PJ,Universiteit Maastricht,Maastricht,2023,voltijd,wo,ba,niet-EER,realisatie,1086.0,454.0,436.0,288.0,362.0,445.0,286.0,355.0,Limburg
2154,21PJ00,21PJ,Universiteit Maastricht,Maastricht,2024,voltijd,wo,ba,niet-EER,realisatie,1161.0,436.0,408.0,342.0,411.0,424.0,338.0,399.0,Limburg
2155,21PJ00,21PJ,Universiteit Maastricht,Maastricht,2017,voltijd,wo,ma,EER,realisatie,1929.0,1327.0,797.0,204.0,928.0,1311.0,439.0,179.0,Limburg
2156,21PJ00,21PJ,Universiteit Maastricht,Maastricht,2018,voltijd,wo,ma,EER,realisatie,2054.0,1383.0,783.0,265.0,1006.0,1367.0,478.0,209.0,Limburg
2157,21PJ00,21PJ,Universiteit Maastricht,Maastricht,2019,voltijd,wo,ma,EER,realisatie,2244.0,1541.0,894.0,256.0,1094.0,1526.0,497.0,221.0,Limburg
2158,21PJ00,21PJ,Universiteit Maastricht,Maastricht,2020,voltijd,wo,ma,EER,realisatie,2513.0,1790.0,1046.0,269.0,1198.0,1775.0,508.0,230.0,Limburg
2159,21PJ00,21PJ,Universiteit Maastricht,Maastricht,2021,voltijd,wo,ma,EER,realisatie,2826.0,1954.0,1276.0,362.0,1188.0,1923.0,660.0,243.0,Limburg
2160,21PJ00,21PJ,Universiteit Maastricht,Maastricht,2022,voltijd,wo,ma,EER,realisatie,2456.0,1517.0,895.0,399.0,1162.0,1496.0,673.0,287.0,Limburg
2161,21PJ00,21PJ,Universiteit Maastricht,Maastricht,2023,voltijd,wo,ma,EER,realisatie,2429.0,1604.0,914.0,268.0,1247.0,1577.0,545.0,307.0,Limburg
2162,21PJ00,21PJ,Universiteit Maastricht,Maastricht,2024,voltijd,wo,ma,EER,realisatie,2665.0,1842.0,993.0,390.0,1282.0,1818.0,579.0,268.0,Limburg
2163,21PJ00,21PJ,Universiteit Maastricht,Maastricht,2017,voltijd,wo,ma,NL,realisatie,2729.0,1199.0,28.0,9.0,2692.0,1167.0,745.0,817.0,Limburg
2164,21PJ00,21PJ,Universiteit Maastricht,Maastricht,2018,voltijd,wo,ma,NL,realisatie,2758.0,1212.0,35.0,19.0,2704.0,1176.0,782.0,800.0,Limburg
2165,21PJ00,21PJ,Universiteit Maastricht,Maastricht,2019,voltijd,wo,ma,NL,realisatie,2736.0,1217.0,57.0,18.0,2661.0,1183.0,765.0,788.0,Limburg
2166,21PJ00,21PJ,Universiteit Maastricht,Maastricht,2020,voltijd,wo,ma,NL,realisatie,2934.0,1458.0,54.0,42.0,2838.0,1419.0,742.0,773.0,Limburg
2167,21PJ00,21PJ,Universiteit Maastricht,Maastricht,2021,voltijd,wo,ma,NL,realisatie,3053.0,1489.0,58.0,30.0,2965.0,1446.0,861.0,746.0,Limburg
2168,21PJ00,21PJ,Universiteit Maastricht,Maastricht,2022,voltijd,wo,ma,NL,realisatie,2948.0,1256.0,47.0,28.0,2873.0,1215.0,901.0,832.0,Limburg
2169,21PJ00,21PJ,Universiteit Maastricht,Maastricht,2023,voltijd,wo,ma,NL,realisatie,2790.0,1242.0,32.0,22.0,2736.0,1211.0,719.0,860.0,Limburg
2170,21PJ00,21PJ,Universiteit Maastricht,Maastricht,2024,voltijd,wo,ma,NL,realisatie,2774.0,1304.0,40.0,29.0,2705.0,1275.0,701.0,798.0,Limburg
2171,21PJ00,21PJ,Universiteit Maastricht,Maastricht,2017,voltijd,wo,ma,niet-EER,realisatie,453.0,338.0,309.0,82.0,62.0,335.0,91.0,27.0,Limburg
2172,21PJ00,21PJ,Universiteit Maastricht,Maastricht,2018,voltijd,wo,ma,niet-EER,realisatie,477.0,349.0,303.0,97.0,77.0,347.0,103.0,27.0,Limburg
2173,21PJ00,21PJ,Universiteit Maastricht,Maastricht,2019,voltijd,wo,ma,niet-EER,realisatie,495.0,365.0,314.0,84.0,97.0,360.0,96.0,39.0,Limburg
2174,21PJ00,21PJ,Universiteit Maastricht,Maastricht,2020,voltijd,wo,ma,niet-EER,realisatie,479.0,333.0,262.0,94.0,123.0,326.0,102.0,51.0,Limburg
2175,21PJ00,21PJ,Universiteit Maastricht,Maastricht,2021,voltijd,wo,ma,niet-EER,realisatie,468.0,356.0,287.0,60.0,121.0,350.0,75.0,43.0,Limburg
2176,21PJ00,21PJ,Universiteit Maastricht,Maastricht,2022,voltijd,wo,ma,niet-EER,realisatie,426.0,299.0,240.0,90.0,96.0,295.0,98.0,33.0,Limburg
2177,21PJ00,21PJ,Universiteit Maastricht,Maastricht,2023,voltijd,wo,ma,niet-EER,realisatie,369.0,267.0,210.0,62.0,97.0,260.0,75.0,34.0,Limburg
2178,21PJ00,21PJ,Universiteit Maastricht,Maastricht,2024,voltijd,wo,ma,niet-EER,realisatie,424.0,329.0,246.0,74.0,104.0,320.0,68.0,36.0,Limburg
2179,21PJ03,21PJ,Universiteit Maastricht,Venlo,2017,voltijd,wo,ba,EER,realisatie,32.0,20.0,18.0,6.0,8.0,20.0,0.0,7.0,Limburg
2180,21PJ03,21PJ,Universiteit Maastricht,Venlo,2018,voltijd,wo,ba,EER,realisatie,50.0,24.0,19.0,19.0,12.0,22.0,19.0,9.0,Limburg
2181,21PJ03,21PJ,Universiteit Maastricht,Venlo,2019,voltijd,wo,ba,EER,realisatie,64.0,26.0,23.0,17.0,24.0,25.0,18.0,21.0,Limburg
2182,21PJ03,21PJ,Universiteit Maastricht,Venlo,2020,voltijd,wo,ba,EER,realisatie,91.0,40.0,36.0,22.0,33.0,38.0,22.0,31.0,Limburg
2183,21PJ03,21PJ,Universiteit Maastricht,Venlo,2021,voltijd,wo,ba,EER,realisatie,99.0,44.0,44.0,28.0,27.0,44.0,29.0,26.0,Limburg
2184,21PJ03,21PJ,Universiteit Maastricht,Venlo,2022,voltijd,wo,ba,EER,realisatie,101.0,35.0,34.0,34.0,33.0,34.0,34.0,33.0,Limburg
2185,21PJ03,21PJ,Universiteit Maastricht,Venlo,2023,voltijd,wo,ba,EER,realisatie,89.0,26.0,22.0,24.0,43.0,23.0,24.0,42.0,Limburg
2186,21PJ03,21PJ,Universiteit Maastricht,Venlo,2024,voltijd,wo,ba,EER,realisatie,75.0,23.0,22.0,18.0,35.0,22.0,19.0,34.0,Limburg
2187,21PJ03,21PJ,Universiteit Maastricht,Venlo,2017,voltijd,wo,ba,NL,realisatie,21.0,6.0,0.0,0.0,11.0,6.0,6.0,9.0,Limburg
2188,21PJ03,21PJ,Universiteit Maastricht,Venlo,2018,voltijd,wo,ba,NL,realisatie,26.0,12.0,0.0,0.0,19.0,10.0,0.0,13.0,Limburg
2189,21PJ03,21PJ,Universiteit Maastricht,Venlo,2019,voltijd,wo,ba,NL,realisatie,31.0,17.0,9.0,0.0,18.0,16.0,0.0,11.0,Limburg
2190,21PJ03,21PJ,Universiteit Maastricht,Venlo,2020,voltijd,wo,ba,NL,realisatie,30.0,10.0,7.0,7.0,16.0,9.0,9.0,12.0,Limburg
2191,21PJ03,21PJ,Universiteit Maastricht,Venlo,2021,voltijd,wo,ba,NL,realisatie,41.0,17.0,0.0,8.0,28.0,14.0,9.0,18.0,Limburg
2192,21PJ03,21PJ,Universiteit Maastricht,Venlo,2022,voltijd,wo,ba,NL,realisatie,20.0,0.0,0.0,6.0,13.0,0.0,7.0,8.0,Limburg
2193,21PJ03,21PJ,Universiteit Maastricht,Venlo,2023,voltijd,wo,ba,NL,realisatie,22.0,9.0,0.0,0.0,15.0,8.0,0.0,9.0,Limburg
2194,21PJ03,21PJ,Universiteit Maastricht,Venlo,2024,voltijd,wo,ba,NL,realisatie,28.0,14.0,0.0,0.0,18.0,13.0,0.0,11.0,Limburg
2195,21PJ03,21PJ,Universiteit Maastricht,Venlo,2017,voltijd,wo,ba,niet-EER,realisatie,7.0,0.0,0.0,0.0,0.0,0.0,0.0,0.0,Limburg
2196,21PJ03,21PJ,Universiteit Maastricht,Venlo,2018,voltijd,wo,ba,niet-EER,realisatie,9.0,0.0,0.0,0.0,0.0,0.0,0.0,0.0,Limburg
2197,21PJ03,21PJ,Universiteit Maastricht,Venlo,2019,voltijd,wo,ba,niet-EER,realisatie,9.0,0.0,0.0,0.0,0.0,0.0,0.0,0.0,Limburg
2198,21PJ03,21PJ,Universiteit Maastricht,Venlo,2020,voltijd,wo,ba,niet-EER,realisatie,14.0,0.0,0.0,0.0,7.0,0.0,0.0,7.0,Limburg
2199,21PJ03,21PJ,Universiteit Maastricht,Venlo,2021,voltijd,wo,ba,niet-EER,realisatie,20.0,11.0,9.0,0.0,6.0,11.0,0.0,0.0,Limburg
2200,21PJ03,21PJ,Universiteit Maastricht,Venlo,2022,voltijd,wo,ba,niet-EER,realisatie,19.0,0.0,0.0,7.0,10.0,0.0,9.0,7.0,Limburg
2201,21PJ03,21PJ,Universiteit Maastricht,Venlo,2023,voltijd,wo,ba,niet-EER,realisatie,17.0,0.0,0.0,0.0,11.0,0.0,0.0,10.0,Limburg
2202,21PJ03,21PJ,Universiteit Maastricht,Venlo,2024,voltijd,wo,ba,niet-EER,realisatie,13.0,0.0,0.0,0.0,0.0,0.0,0.0,0.0,Limburg
2203,21PJ03,21PJ,Universiteit Maastricht,Venlo,2017,voltijd,wo,ma,EER,realisatie,25.0,16.0,10.0,0.0,10.0,15.0,8.0,0.0,Limburg
2204,21PJ03,21PJ,Universiteit Maastricht,Venlo,2018,voltijd,wo,ma,EER,realisatie,24.0,15.0,11.0,0.0,8.0,15.0,8.0,0.0,Limburg
2205,21PJ03,21PJ,Universiteit Maastricht,Venlo,2019,voltijd,wo,ma,EER,realisatie,42.0,29.0,18.0,10.0,14.0,29.0,13.0,0.0,Limburg
2206,21PJ03,21PJ,Universiteit Maastricht,Venlo,2020,voltijd,wo,ma,EER,realisatie,52.0,38.0,23.0,11.0,18.0,38.0,12.0,0.0,Limburg
2207,21PJ03,21PJ,Universiteit Maastricht,Venlo,2021,voltijd,wo,ma,EER,realisatie,49.0,35.0,24.0,14.0,11.0,35.0,13.0,0.0,Limburg
2208,21PJ03,21PJ,Universiteit Maastricht,Venlo,2022,voltijd,wo,ma,EER,realisatie,32.0,11.0,6.0,17.0,9.0,11.0,21.0,0.0,Limburg
2209,21PJ03,21PJ,Universiteit Maastricht,Venlo,2023,voltijd,wo,ma,EER,realisatie,30.0,18.0,9.0,0.0,18.0,18.0,6.0,6.0,Limburg
2210,21PJ03,21PJ,Universiteit Maastricht,Venlo,2024,voltijd,wo,ma,EER,realisatie,26.0,14.0,6.0,7.0,13.0,14.0,10.0,0.0,Limburg
2211,21PJ03,21PJ,Universiteit Maastricht,Venlo,2017,voltijd,wo,ma,NL,realisatie,75.0,45.0,0.0,0.0,74.0,45.0,23.0,7.0,Limburg
2212,21PJ03,21PJ,Universiteit Maastricht,Venlo,2018,voltijd,wo,ma,NL,realisatie,79.0,28.0,0.0,0.0,78.0,28.0,44.0,7.0,Limburg
2213,21PJ03,21PJ,Universiteit Maastricht,Venlo,2019,voltijd,wo,ma,NL,realisatie,73.0,41.0,0.0,0.0,73.0,41.0,26.0,6.0,Limburg
2214,21PJ03,21PJ,Universiteit Maastricht,Venlo,2020,voltijd,wo,ma,NL,realisatie,82.0,43.0,0.0,0.0,81.0,43.0,33.0,6.0,Limburg
2215,21PJ03,21PJ,Universiteit Maastricht,Venlo,2021,voltijd,wo,ma,NL,realisatie,81.0,43.0,0.0,0.0,80.0,43.0,32.0,6.0,Limburg
2216,21PJ03,21PJ,Universiteit Maastricht,Venlo,2022,voltijd,wo,ma,NL,realisatie,54.0,30.0,0.0,0.0,53.0,29.0,21.0,0.0,Limburg
2217,21PJ03,21PJ,Universiteit Maastricht,Venlo,2023,voltijd,wo,ma,NL,realisatie,61.0,31.0,0.0,0.0,59.0,30.0,27.0,0.0,Limburg
2218,21PJ03,21PJ,Universiteit Maastricht,Venlo,2024,voltijd,wo,ma,NL,realisatie,47.0,26.0,0.0,0.0,46.0,26.0,17.0,0.0,Limburg
2219,21PJ03,21PJ,Universiteit Maastricht,Venlo,2017,voltijd,wo,ma,niet-EER,realisatie,16.0,11.0,7.0,0.0,0.0,11.0,0.0,0.0,Limburg
2220,21PJ03,21PJ,Universiteit Maastricht,Venlo,2018,voltijd,wo,ma,niet-EER,realisatie,16.0,10.0,10.0,0.0,0.0,10.0,6.0,0.0,Limburg
2221,21PJ03,21PJ,Universiteit Maastricht,Venlo,2019,voltijd,wo,ma,niet-EER,realisatie,10.0,7.0,6.0,0.0,0.0,7.0,0.0,0.0,Limburg
2222,21PJ03,21PJ,Universiteit Maastricht,Venlo,2020,voltijd,wo,ma,niet-EER,realisatie,6.0,0.0,0.0,0.0,0.0,0.0,0.0,0.0,Limburg
2223,21PJ03,21PJ,Universiteit Maastricht,Venlo,2021,voltijd,wo,ma,niet-EER,realisatie,13.0,11.0,8.0,0.0,0.0,11.0,0.0,0.0,Limburg
2224,21PJ03,21PJ,Universiteit Maastricht,Venlo,2022,voltijd,wo,ma,niet-EER,realisatie,15.0,11.0,9.0,0.0,0.0,11.0,0.0,0.0,Limburg
2225,21PJ03,21PJ,Universiteit Maastricht,Venlo,2023,voltijd,wo,ma,niet-EER,realisatie,13.0,8.0,7.0,0.0,0.0,8.0,0.0,0.0,Limburg
2226,21PJ03,21PJ,Universiteit Maastricht,Venlo,2024,voltijd,wo,ma,niet-EER,realisatie,24.0,18.0,12.0,0.0,7.0,16.0,0.0,0.0,Limburg
2227,21PJ04,21PJ,Universiteit Maastricht,Sittard-Geleen,2017,voltijd,wo,ma,EER,realisatie,6.0,0.0,0.0,0.0,0.0,0.0,0.0,0.0,Limburg
2228,21PJ04,21PJ,Universiteit Maastricht,Sittard-Geleen,2018,voltijd,wo,ma,EER,realisatie,7.0,0.0,0.0,0.0,0.0,0.0,0.0,0.0,Limburg
2229,21PJ04,21PJ,Universiteit Maastricht,Sittard-Geleen,2019,voltijd,wo,ma,EER,realisatie,7.0,0.0,0.0,0.0,0.0,0.0,0.0,0.0,Limburg
2230,21PJ04,21PJ,Universiteit Maastricht,Sittard-Geleen,2020,voltijd,wo,ma,EER,realisatie,9.0,0.0,0.0,0.0,0.0,0.0,0.0,0.0,Limburg
2231,21PJ04,21PJ,Universiteit Maastricht,Sittard-Geleen,2021,voltijd,wo,ma,EER,realisatie,9.0,0.0,0.0,0.0,0.0,0.0,0.0,0.0,Limburg
2232,21PJ04,21PJ,Universiteit Maastricht,Sittard-Geleen,2022,voltijd,wo,ma,EER,realisatie,14.0,10.0,9.0,0.0,0.0,10.0,0.0,0.0,Limburg
2233,21PJ04,21PJ,Universiteit Maastricht,Sittard-Geleen,2023,voltijd,wo,ma,EER,realisatie,18.0,8.0,7.0,9.0,0.0,8.0,10.0,0.0,Limburg
2234,21PJ04,21PJ,Universiteit Maastricht,Sittard-Geleen,2024,voltijd,wo,ma,EER,realisatie,17.0,7.0,6.0,0.0,6.0,7.0,6.0,0.0,Limburg
2235,21PJ04,21PJ,Universiteit Maastricht,Sittard-Geleen,2017,voltijd,wo,ma,NL,realisatie,0.0,0.0,0.0,0.0,0.0,0.0,0.0,0.0,Limburg
2236,21PJ04,21PJ,Universiteit Maastricht,Sittard-Geleen,2018,voltijd,wo,ma,NL,realisatie,9.0,8.0,0.0,0.0,8.0,8.0,0.0,0.0,Limburg
2237,21PJ04,21PJ,Universiteit Maastricht,Sittard-Geleen,2019,voltijd,wo,ma,NL,realisatie,16.0,9.0,0.0,0.0,15.0,9.0,7.0,0.0,Limburg
2238,21PJ04,21PJ,Universiteit Maastricht,Sittard-Geleen,2020,voltijd,wo,ma,NL,realisatie,16.0,0.0,0.0,0.0,15.0,0.0,9.0,0.0,Limburg
2239,21PJ04,21PJ,Universiteit Maastricht,Sittard-Geleen,2021,voltijd,wo,ma,NL,realisatie,9.0,0.0,0.0,0.0,9.0,0.0,0.0,0.0,Limburg
2240,21PJ04,21PJ,Universiteit Maastricht,Sittard-Geleen,2022,voltijd,wo,ma,NL,realisatie,11.0,6.0,0.0,0.0,11.0,6.0,0.0,0.0,Limburg
2241,21PJ04,21PJ,Universiteit Maastricht,Sittard-Geleen,2023,voltijd,wo,ma,NL,realisatie,24.0,16.0,0.0,0.0,24.0,16.0,6.0,0.0,Limburg
2242,21PJ04,21PJ,Universiteit Maastricht,Sittard-Geleen,2024,voltijd,wo,ma,NL,realisatie,24.0,8.0,0.0,0.0,24.0,8.0,13.0,0.0,Limburg
2243,21PJ04,21PJ,Universiteit Maastricht,Sittard-Geleen,2017,voltijd,wo,ma,niet-EER,realisatie,9.0,7.0,7.0,0.0,0.0,7.0,0.0,0.0,Limburg
2244,21PJ04,21PJ,Universiteit Maastricht,Sittard-Geleen,2018,voltijd,wo,ma,niet-EER,realisatie,10.0,0.0,0.0,6.0,0.0,0.0,6.0,0.0,Limburg
2245,21PJ04,21PJ,Universiteit Maastricht,Sittard-Geleen,2019,voltijd,wo,ma,niet-EER,realisatie,8.0,0.0,0.0,0.0,0.0,0.0,0.0,0.0,Limburg
2246,21PJ04,21PJ,Universiteit Maastricht,Sittard-Geleen,2020,voltijd,wo,ma,niet-EER,realisatie,0.0,0.0,0.0,0.0,0.0,0.0,0.0,0.0,Limburg
2247,21PJ04,21PJ,Universiteit Maastricht,Sittard-Geleen,2021,voltijd,wo,ma,niet-EER,realisatie,7.0,0.0,0.0,0.0,0.0,0.0,0.0,0.0,Limburg
2248,21PJ04,21PJ,Universiteit Maastricht,Sittard-Geleen,2022,voltijd,wo,ma,niet-EER,realisatie,6.0,0.0,0.0,0.0,0.0,0.0,0.0,0.0,Limburg
2249,21PJ04,21PJ,Universiteit Maastricht,Sittard-Geleen,2023,voltijd,wo,ma,niet-EER,realisatie,0.0,0.0,0.0,0.0,0.0,0.0,0.0,0.0,Limburg
2250,21PJ04,21PJ,Universiteit Maastricht,Sittard-Geleen,2024,voltijd,wo,ma,niet-EER,realisatie,6.0,0.0,0.0,0.0,0.0,0.0,0.0,0.0,Limburg
2251,21PK00,21PK,Universiteit van Amsterdam,Amsterdam,2017,deeltijd,wo,ba,EER,realisatie,14.0,7.0,0.0,0.0,7.0,0.0,0.0,0.0,Noord-Holland
2252,21PK00,21PK,Universiteit van Amsterdam,Amsterdam,2018,deeltijd,wo,ba,EER,realisatie,14.0,6.0,0.0,0.0,11.0,0.0,0.0,8.0,Noord-Holland
2253,21PK00,21PK,Universiteit van Amsterdam,Amsterdam,2019,deeltijd,wo,ba,EER,realisatie,11.0,7.0,0.0,0.0,0.0,0.0,0.0,0.0,Noord-Holland
2254,21PK00,21PK,Universiteit van Amsterdam,Amsterdam,2020,deeltijd,wo,ba,EER,realisatie,16.0,9.0,0.0,0.0,9.0,7.0,0.0,0.0,Noord-Holland
2255,21PK00,21PK,Universiteit van Amsterdam,Amsterdam,2021,deeltijd,wo,ba,EER,realisatie,17.0,7.0,0.0,0.0,10.0,0.0,0.0,9.0,Noord-Holland
2256,21PK00,21PK,Universiteit van Amsterdam,Amsterdam,2022,deeltijd,wo,ba,EER,realisatie,15.0,0.0,0.0,0.0,10.0,0.0,0.0,10.0,Noord-Holland
2257,21PK00,21PK,Universiteit van Amsterdam,Amsterdam,2023,deeltijd,wo,ba,EER,realisatie,15.0,6.0,0.0,0.0,11.0,0.0,0.0,11.0,Noord-Holland
2258,21PK00,21PK,Universiteit van Amsterdam,Amsterdam,2024,deeltijd,wo,ba,EER,realisatie,15.0,6.0,0.0,0.0,12.0,0.0,0.0,11.0,Noord-Holland
2259,21PK00,21PK,Universiteit van Amsterdam,Amsterdam,2017,deeltijd,wo,ba,NL,realisatie,284.0,106.0,19.0,17.0,248.0,45.0,36.0,203.0,Noord-Holland
2260,21PK00,21PK,Universiteit van Amsterdam,Amsterdam,2018,deeltijd,wo,ba,NL,realisatie,290.0,106.0,21.0,18.0,251.0,58.0,41.0,191.0,Noord-Holland
2261,21PK00,21PK,Universiteit van Amsterdam,Amsterdam,2019,deeltijd,wo,ba,NL,realisatie,235.0,80.0,23.0,14.0,198.0,47.0,44.0,144.0,Noord-Holland
2262,21PK00,21PK,Universiteit van Amsterdam,Amsterdam,2020,deeltijd,wo,ba,NL,realisatie,256.0,99.0,23.0,25.0,208.0,49.0,47.0,160.0,Noord-Holland
2263,21PK00,21PK,Universiteit van Amsterdam,Amsterdam,2021,deeltijd,wo,ba,NL,realisatie,256.0,81.0,14.0,20.0,222.0,32.0,41.0,183.0,Noord-Holland
2264,21PK00,21PK,Universiteit van Amsterdam,Amsterdam,2022,deeltijd,wo,ba,NL,realisatie,232.0,77.0,15.0,12.0,205.0,39.0,23.0,170.0,Noord-Holland
2265,21PK00,21PK,Universiteit van Amsterdam,Amsterdam,2023,deeltijd,wo,ba,NL,realisatie,204.0,65.0,11.0,15.0,178.0,29.0,34.0,141.0,Noord-Holland
2266,21PK00,21PK,Universiteit van Amsterdam,Amsterdam,2024,deeltijd,wo,ba,NL,realisatie,191.0,70.0,15.0,15.0,161.0,30.0,27.0,134.0,Noord-Holland
2267,21PK00,21PK,Universiteit van Amsterdam,Amsterdam,2017,deeltijd,wo,ba,niet-EER,realisatie,0.0,0.0,0.0,0.0,0.0,0.0,0.0,0.0,Noord-Holland
2268,21PK00,21PK,Universiteit van Amsterdam,Amsterdam,2018,deeltijd,wo,ba,niet-EER,realisatie,0.0,0.0,0.0,0.0,0.0,0.0,0.0,0.0,Noord-Holland
2269,21PK00,21PK,Universiteit van Amsterdam,Amsterdam,2019,deeltijd,wo,ba,niet-EER,realisatie,0.0,0.0,0.0,0.0,0.0,0.0,0.0,0.0,Noord-Holland
2270,21PK00,21PK,Universiteit van Amsterdam,Amsterdam,2020,deeltijd,wo,ba,niet-EER,realisatie,0.0,0.0,0.0,0.0,0.0,0.0,0.0,0.0,Noord-Holland
2271,21PK00,21PK,Universiteit van Amsterdam,Amsterdam,2021,deeltijd,wo,ba,niet-EER,realisatie,0.0,0.0,0.0,0.0,0.0,0.0,0.0,0.0,Noord-Holland
2272,21PK00,21PK,Universiteit van Amsterdam,Amsterdam,2022,deeltijd,wo,ba,niet-EER,realisatie,0.0,0.0,0.0,0.0,0.0,0.0,0.0,0.0,Noord-Holland
2273,21PK00,21PK,Universiteit van Amsterdam,Amsterdam,2023,deeltijd,wo,ba,niet-EER,realisatie,0.0,0.0,0.0,0.0,0.0,0.0,0.0,0.0,Noord-Holland
2274,21PK00,21PK,Universiteit van Amsterdam,Amsterdam,2024,deeltijd,wo,ba,niet-EER,realisatie,0.0,0.0,0.0,0.0,0.0,0.0,0.0,0.0,Noord-Holland
2275,21PK00,21PK,Universiteit van Amsterdam,Amsterdam,2017,deeltijd,wo,ma,EER,realisatie,25.0,12.0,0.0,0.0,16.0,0.0,7.0,13.0,Noord-Holland
2276,21PK00,21PK,Universiteit van Amsterdam,Amsterdam,2018,deeltijd,wo,ma,EER,realisatie,42.0,29.0,14.0,0.0,25.0,22.0,6.0,14.0,Noord-Holland
2277,21PK00,21PK,Universiteit van Amsterdam,Amsterdam,2019,deeltijd,wo,ma,EER,realisatie,52.0,26.0,12.0,13.0,27.0,16.0,18.0,18.0,Noord-Holland
2278,21PK00,21PK,Universiteit van Amsterdam,Amsterdam,2020,deeltijd,wo,ma,EER,realisatie,54.0,31.0,14.0,15.0,25.0,22.0,19.0,13.0,Noord-Holland
2279,21PK00,21PK,Universiteit van Amsterdam,Amsterdam,2021,deeltijd,wo,ma,EER,realisatie,65.0,40.0,18.0,16.0,31.0,23.0,25.0,17.0,Noord-Holland
2280,21PK00,21PK,Universiteit van Amsterdam,Amsterdam,2022,deeltijd,wo,ma,EER,realisatie,61.0,34.0,14.0,17.0,30.0,21.0,19.0,21.0,Noord-Holland
2281,21PK00,21PK,Universiteit van Amsterdam,Amsterdam,2023,deeltijd,wo,ma,EER,realisatie,62.0,36.0,14.0,12.0,36.0,25.0,19.0,18.0,Noord-Holland
2282,21PK00,21PK,Universiteit van Amsterdam,Amsterdam,2024,deeltijd,wo,ma,EER,realisatie,61.0,29.0,8.0,18.0,35.0,20.0,26.0,15.0,Noord-Holland
2283,21PK00,21PK,Universiteit van Amsterdam,Amsterdam,2017,deeltijd,wo,ma,NL,realisatie,622.0,296.0,9.0,7.0,606.0,209.0,202.0,211.0,Noord-Holland
2284,21PK00,21PK,Universiteit van Amsterdam,Amsterdam,2018,deeltijd,wo,ma,NL,realisatie,624.0,312.0,0.0,9.0,610.0,230.0,180.0,214.0,Noord-Holland
2285,21PK00,21PK,Universiteit van Amsterdam,Amsterdam,2019,deeltijd,wo,ma,NL,realisatie,590.0,295.0,9.0,9.0,572.0,224.0,176.0,190.0,Noord-Holland
2286,21PK00,21PK,Universiteit van Amsterdam,Amsterdam,2020,deeltijd,wo,ma,NL,realisatie,620.0,336.0,8.0,13.0,599.0,254.0,179.0,187.0,Noord-Holland
2287,21PK00,21PK,Universiteit van Amsterdam,Amsterdam,2021,deeltijd,wo,ma,NL,realisatie,655.0,338.0,14.0,12.0,629.0,247.0,213.0,195.0,Noord-Holland
2288,21PK00,21PK,Universiteit van Amsterdam,Amsterdam,2022,deeltijd,wo,ma,NL,realisatie,646.0,348.0,8.0,16.0,622.0,228.0,192.0,226.0,Noord-Holland
2289,21PK00,21PK,Universiteit van Amsterdam,Amsterdam,2023,deeltijd,wo,ma,NL,realisatie,599.0,267.0,8.0,0.0,587.0,164.0,195.0,240.0,Noord-Holland
2290,21PK00,21PK,Universiteit van Amsterdam,Amsterdam,2024,deeltijd,wo,ma,NL,realisatie,537.0,262.0,0.0,6.0,529.0,170.0,139.0,228.0,Noord-Holland
2291,21PK00,21PK,Universiteit van Amsterdam,Amsterdam,2017,deeltijd,wo,ma,niet-EER,realisatie,7.0,0.0,0.0,0.0,0.0,0.0,0.0,0.0,Noord-Holland
2292,21PK00,21PK,Universiteit van Amsterdam,Amsterdam,2018,deeltijd,wo,ma,niet-EER,realisatie,8.0,6.0,0.0,0.0,0.0,0.0,0.0,0.0,Noord-Holland
2293,21PK00,21PK,Universiteit van Amsterdam,Amsterdam,2019,deeltijd,wo,ma,niet-EER,realisatie,9.0,9.0,0.0,0.0,0.0,6.0,0.0,0.0,Noord-Holland
2294,21PK00,21PK,Universiteit van Amsterdam,Amsterdam,2020,deeltijd,wo,ma,niet-EER,realisatie,23.0,18.0,14.0,0.0,0.0,15.0,6.0,0.0,Noord-Holland
2295,21PK00,21PK,Universiteit van Amsterdam,Amsterdam,2021,deeltijd,wo,ma,niet-EER,realisatie,25.0,14.0,0.0,11.0,10.0,10.0,10.0,0.0,Noord-Holland
2296,21PK00,21PK,Universiteit van Amsterdam,Amsterdam,2022,deeltijd,wo,ma,niet-EER,realisatie,22.0,14.0,0.0,0.0,16.0,8.0,7.0,7.0,Noord-Holland
2297,21PK00,21PK,Universiteit van Amsterdam,Amsterdam,2023,deeltijd,wo,ma,niet-EER,realisatie,20.0,12.0,0.0,6.0,11.0,7.0,10.0,0.0,Noord-Holland
2298,21PK00,21PK,Universiteit van Amsterdam,Amsterdam,2024,deeltijd,wo,ma,niet-EER,realisatie,21.0,12.0,0.0,0.0,15.0,0.0,8.0,9.0,Noord-Holland
2299,21PK00,21PK,Universiteit van Amsterdam,Amsterdam,2017,voltijd,wo,ba,EER,realisatie,1930.0,1113.0,1031.0,517.0,382.0,1093.0,496.0,341.0,Noord-Holland
2300,21PK00,21PK,Universiteit van Amsterdam,Amsterdam,2018,voltijd,wo,ba,EER,realisatie,2876.0,1447.0,1386.0,849.0,641.0,1425.0,863.0,588.0,Noord-Holland
2301,21PK00,21PK,Universiteit van Amsterdam,Amsterdam,2019,voltijd,wo,ba,EER,realisatie,3752.0,1601.0,1520.0,1142.0,1090.0,1565.0,1148.0,1039.0,Noord-Holland
2302,21PK00,21PK,Universiteit van Amsterdam,Amsterdam,2020,voltijd,wo,ba,EER,realisatie,4767.0,1922.0,1802.0,1391.0,1574.0,1878.0,1371.0,1518.0,Noord-Holland
2303,21PK00,21PK,Universiteit van Amsterdam,Amsterdam,2021,voltijd,wo,ba,EER,realisatie,5877.0,2443.0,2346.0,1572.0,1959.0,2399.0,1600.0,1878.0,Noord-Holland
2304,21PK00,21PK,Universiteit van Amsterdam,Amsterdam,2022,voltijd,wo,ba,EER,realisatie,6663.0,2473.0,2370.0,2017.0,2276.0,2425.0,2014.0,2224.0,Noord-Holland
2305,21PK00,21PK,Universiteit van Amsterdam,Amsterdam,2023,voltijd,wo,ba,EER,realisatie,7024.0,2223.0,2096.0,2063.0,2865.0,2143.0,2080.0,2801.0,Noord-Holland
2306,21PK00,21PK,Universiteit van Amsterdam,Amsterdam,2024,voltijd,wo,ba,EER,realisatie,7011.0,2057.0,1896.0,1919.0,3196.0,1977.0,1922.0,3112.0,Noord-Holland
2307,21PK00,21PK,Universiteit van Amsterdam,Amsterdam,2017,voltijd,wo,ba,NL,realisatie,16296.0,4685.0,3324.0,3330.0,9642.0,4181.0,3661.0,8454.0,Noord-Holland
2308,21PK00,21PK,Universiteit van Amsterdam,Amsterdam,2018,voltijd,wo,ba,NL,realisatie,16216.0,4646.0,3329.0,3314.0,9573.0,4226.0,3590.0,8400.0,Noord-Holland
2309,21PK00,21PK,Universiteit van Amsterdam,Amsterdam,2019,voltijd,wo,ba,NL,realisatie,16106.0,4432.0,2897.0,3385.0,9824.0,3934.0,3763.0,8409.0,Noord-Holland
2310,21PK00,21PK,Universiteit van Amsterdam,Amsterdam,2020,voltijd,wo,ba,NL,realisatie,16903.0,5378.0,3642.0,3178.0,10083.0,4872.0,3509.0,8522.0,Noord-Holland
2311,21PK00,21PK,Universiteit van Amsterdam,Amsterdam,2021,voltijd,wo,ba,NL,realisatie,16819.0,4923.0,2999.0,3950.0,9870.0,4418.0,4191.0,8210.0,Noord-Holland
2312,21PK00,21PK,Universiteit van Amsterdam,Amsterdam,2022,voltijd,wo,ba,NL,realisatie,17156.0,4925.0,3207.0,3185.0,10764.0,4443.0,3749.0,8964.0,Noord-Holland
2313,21PK00,21PK,Universiteit van Amsterdam,Amsterdam,2023,voltijd,wo,ba,NL,realisatie,16959.0,4748.0,3082.0,3324.0,10553.0,4248.0,3782.0,8929.0,Noord-Holland
2314,21PK00,21PK,Universiteit van Amsterdam,Amsterdam,2024,voltijd,wo,ba,NL,realisatie,16782.0,4693.0,2994.0,3317.0,10471.0,4181.0,3679.0,8922.0,Noord-Holland
2315,21PK00,21PK,Universiteit van Amsterdam,Amsterdam,2017,voltijd,wo,ba,niet-EER,realisatie,973.0,543.0,523.0,248.0,202.0,536.0,248.0,189.0,Noord-Holland
2316,21PK00,21PK,Universiteit van Amsterdam,Amsterdam,2018,voltijd,wo,ba,niet-EER,realisatie,1363.0,673.0,651.0,399.0,313.0,665.0,399.0,299.0,Noord-Holland
2317,21PK00,21PK,Universiteit van Amsterdam,Amsterdam,2019,voltijd,wo,ba,niet-EER,realisatie,1830.0,842.0,795.0,529.0,506.0,823.0,515.0,492.0,Noord-Holland
2318,21PK00,21PK,Universiteit van Amsterdam,Amsterdam,2020,voltijd,wo,ba,niet-EER,realisatie,2276.0,915.0,861.0,719.0,696.0,888.0,731.0,657.0,Noord-Holland
2319,21PK00,21PK,Universiteit van Amsterdam,Amsterdam,2021,voltijd,wo,ba,niet-EER,realisatie,2636.0,1000.0,960.0,748.0,928.0,977.0,763.0,896.0,Noord-Holland
2320,21PK00,21PK,Universiteit van Amsterdam,Amsterdam,2022,voltijd,wo,ba,niet-EER,realisatie,3056.0,1192.0,1080.0,867.0,1109.0,1112.0,868.0,1076.0,Noord-Holland
2321,21PK00,21PK,Universiteit van Amsterdam,Amsterdam,2023,voltijd,wo,ba,niet-EER,realisatie,3476.0,1339.0,1245.0,940.0,1291.0,1286.0,943.0,1247.0,Noord-Holland
2322,21PK00,21PK,Universiteit van Amsterdam,Amsterdam,2024,voltijd,wo,ba,niet-EER,realisatie,3749.0,1310.0,1216.0,1103.0,1430.0,1256.0,1108.0,1385.0,Noord-Holland
2323,21PK00,21PK,Universiteit van Amsterdam,Amsterdam,2017,voltijd,wo,ma,EER,realisatie,1540.0,985.0,753.0,395.0,392.0,970.0,417.0,153.0,Noord-Holland
2324,21PK00,21PK,Universiteit van Amsterdam,Amsterdam,2018,voltijd,wo,ma,EER,realisatie,1698.0,1105.0,797.0,388.0,513.0,1084.0,418.0,196.0,Noord-Holland
2325,21PK00,21PK,Universiteit van Amsterdam,Amsterdam,2019,voltijd,wo,ma,EER,realisatie,1869.0,1164.0,795.0,419.0,655.0,1149.0,479.0,241.0,Noord-Holland
2326,21PK00,21PK,Universiteit van Amsterdam,Amsterdam,2020,voltijd,wo,ma,EER,realisatie,2182.0,1452.0,952.0,363.0,867.0,1425.0,477.0,280.0,Noord-Holland
2327,21PK00,21PK,Universiteit van Amsterdam,Amsterdam,2021,voltijd,wo,ma,EER,realisatie,2626.0,1735.0,1072.0,463.0,1091.0,1711.0,621.0,294.0,Noord-Holland
2328,21PK00,21PK,Universiteit van Amsterdam,Amsterdam,2022,voltijd,wo,ma,EER,realisatie,2642.0,1644.0,921.0,469.0,1252.0,1618.0,676.0,348.0,Noord-Holland
2329,21PK00,21PK,Universiteit van Amsterdam,Amsterdam,2023,voltijd,wo,ma,EER,realisatie,2802.0,1722.0,753.0,464.0,1585.0,1672.0,746.0,384.0,Noord-Holland
2330,21PK00,21PK,Universiteit van Amsterdam,Amsterdam,2024,voltijd,wo,ma,EER,realisatie,3153.0,1950.0,773.0,397.0,1983.0,1922.0,787.0,444.0,Noord-Holland
2331,21PK00,21PK,Universiteit van Amsterdam,Amsterdam,2017,voltijd,wo,ma,NL,realisatie,7639.0,3887.0,58.0,33.0,7548.0,3762.0,2341.0,1536.0,Noord-Holland
2332,21PK00,21PK,Universiteit van Amsterdam,Amsterdam,2018,voltijd,wo,ma,NL,realisatie,7790.0,3898.0,62.0,47.0,7681.0,3787.0,2393.0,1610.0,Noord-Holland
2333,21PK00,21PK,Universiteit van Amsterdam,Amsterdam,2019,voltijd,wo,ma,NL,realisatie,7708.0,3876.0,58.0,52.0,7598.0,3731.0,2344.0,1633.0,Noord-Holland
2334,21PK00,21PK,Universiteit van Amsterdam,Amsterdam,2020,voltijd,wo,ma,NL,realisatie,8525.0,4441.0,76.0,58.0,8391.0,4297.0,2464.0,1764.0,Noord-Holland
2335,21PK00,21PK,Universiteit van Amsterdam,Amsterdam,2021,voltijd,wo,ma,NL,realisatie,8748.0,4284.0,74.0,58.0,8616.0,4124.0,2762.0,1862.0,Noord-Holland
2336,21PK00,21PK,Universiteit van Amsterdam,Amsterdam,2022,voltijd,wo,ma,NL,realisatie,8087.0,3557.0,48.0,58.0,7981.0,3392.0,2642.0,2053.0,Noord-Holland
2337,21PK00,21PK,Universiteit van Amsterdam,Amsterdam,2023,voltijd,wo,ma,NL,realisatie,7997.0,3966.0,45.0,33.0,7919.0,3677.0,2349.0,1971.0,Noord-Holland
2338,21PK00,21PK,Universiteit van Amsterdam,Amsterdam,2024,voltijd,wo,ma,NL,realisatie,8340.0,4380.0,59.0,33.0,8248.0,4233.0,2382.0,1725.0,Noord-Holland
2339,21PK00,21PK,Universiteit van Amsterdam,Amsterdam,2017,voltijd,wo,ma,niet-EER,realisatie,973.0,689.0,577.0,231.0,165.0,678.0,239.0,56.0,Noord-Holland
2340,21PK00,21PK,Universiteit van Amsterdam,Amsterdam,2018,voltijd,wo,ma,niet-EER,realisatie,1049.0,755.0,614.0,246.0,189.0,744.0,239.0,66.0,Noord-Holland
2341,21PK00,21PK,Universiteit van Amsterdam,Amsterdam,2019,voltijd,wo,ma,niet-EER,realisatie,1013.0,725.0,555.0,232.0,226.0,708.0,242.0,63.0,Noord-Holland
2342,21PK00,21PK,Universiteit van Amsterdam,Amsterdam,2020,voltijd,wo,ma,niet-EER,realisatie,1229.0,873.0,658.0,248.0,323.0,861.0,276.0,92.0,Noord-Holland
2343,21PK00,21PK,Universiteit van Amsterdam,Amsterdam,2021,voltijd,wo,ma,niet-EER,realisatie,1347.0,952.0,692.0,284.0,371.0,934.0,315.0,98.0,Noord-Holland
2344,21PK00,21PK,Universiteit van Amsterdam,Amsterdam,2022,voltijd,wo,ma,niet-EER,realisatie,1353.0,915.0,620.0,294.0,439.0,888.0,350.0,115.0,Noord-Holland
2345,21PK00,21PK,Universiteit van Amsterdam,Amsterdam,2023,voltijd,wo,ma,niet-EER,realisatie,1598.0,1143.0,733.0,306.0,559.0,1107.0,363.0,128.0,Noord-Holland
2346,21PK00,21PK,Universiteit van Amsterdam,Amsterdam,2024,voltijd,wo,ma,niet-EER,realisatie,1829.0,1312.0,786.0,329.0,714.0,1284.0,428.0,117.0,Noord-Holland
2347,21PK02,21PK,Universiteit van Amsterdam,Amsterdam,2017,voltijd,wo,ba,EER,realisatie,12.0,0.0,0.0,0.0,9.0,0.0,0.0,9.0,Noord-Holland
2348,21PK02,21PK,Universiteit van Amsterdam,Amsterdam,2018,voltijd,wo,ba,EER,realisatie,16.0,10.0,8.0,0.0,0.0,9.0,0.0,0.0,Noord-Holland
2349,21PK02,21PK,Universiteit van Amsterdam,Amsterdam,2019,voltijd,wo,ba,EER,realisatie,20.0,6.0,6.0,7.0,7.0,6.0,8.0,6.0,Noord-Holland
2350,21PK02,21PK,Universiteit van Amsterdam,Amsterdam,2020,voltijd,wo,ba,EER,realisatie,22.0,0.0,0.0,7.0,12.0,0.0,7.0,12.0,Noord-Holland
2351,21PK02,21PK,Universiteit van Amsterdam,Amsterdam,2021,voltijd,wo,ba,EER,realisatie,20.0,0.0,0.0,0.0,12.0,0.0,0.0,12.0,Noord-Holland
2352,21PK02,21PK,Universiteit van Amsterdam,Amsterdam,2022,voltijd,wo,ba,EER,realisatie,20.0,0.0,0.0,0.0,12.0,0.0,6.0,11.0,Noord-Holland
2353,21PK02,21PK,Universiteit van Amsterdam,Amsterdam,2023,voltijd,wo,ba,EER,realisatie,21.0,0.0,0.0,0.0,13.0,0.0,0.0,13.0,Noord-Holland
2354,21PK02,21PK,Universiteit van Amsterdam,Amsterdam,2024,voltijd,wo,ba,EER,realisatie,21.0,7.0,7.0,0.0,11.0,7.0,0.0,10.0,Noord-Holland
2355,21PK02,21PK,Universiteit van Amsterdam,Amsterdam,2017,voltijd,wo,ba,NL,realisatie,1236.0,256.0,223.0,258.0,755.0,233.0,266.0,737.0,Noord-Holland
2356,21PK02,21PK,Universiteit van Amsterdam,Amsterdam,2018,voltijd,wo,ba,NL,realisatie,1233.0,260.0,231.0,269.0,733.0,243.0,276.0,714.0,Noord-Holland
2357,21PK02,21PK,Universiteit van Amsterdam,Amsterdam,2019,voltijd,wo,ba,NL,realisatie,1184.0,281.0,235.0,281.0,668.0,254.0,287.0,643.0,Noord-Holland
2358,21PK02,21PK,Universiteit van Amsterdam,Amsterdam,2020,voltijd,wo,ba,NL,realisatie,1210.0,249.0,200.0,310.0,700.0,220.0,323.0,667.0,Noord-Holland
2359,21PK02,21PK,Universiteit van Amsterdam,Amsterdam,2021,voltijd,wo,ba,NL,realisatie,1205.0,191.0,154.0,312.0,739.0,171.0,328.0,706.0,Noord-Holland
2360,21PK02,21PK,Universiteit van Amsterdam,Amsterdam,2022,voltijd,wo,ba,NL,realisatie,1179.0,181.0,148.0,262.0,769.0,162.0,280.0,737.0,Noord-Holland
2361,21PK02,21PK,Universiteit van Amsterdam,Amsterdam,2023,voltijd,wo,ba,NL,realisatie,1191.0,219.0,181.0,209.0,801.0,198.0,220.0,773.0,Noord-Holland
2362,21PK02,21PK,Universiteit van Amsterdam,Amsterdam,2024,voltijd,wo,ba,NL,realisatie,1169.0,227.0,190.0,251.0,728.0,200.0,268.0,701.0,Noord-Holland
2363,21PK02,21PK,Universiteit van Amsterdam,Amsterdam,2017,voltijd,wo,ba,niet-EER,realisatie,0.0,0.0,0.0,0.0,0.0,0.0,0.0,0.0,Noord-Holland
2364,21PK02,21PK,Universiteit van Amsterdam,Amsterdam,2018,voltijd,wo,ba,niet-EER,realisatie,0.0,0.0,0.0,0.0,0.0,0.0,0.0,0.0,Noord-Holland
2365,21PK02,21PK,Universiteit van Amsterdam,Amsterdam,2019,voltijd,wo,ba,niet-EER,realisatie,0.0,0.0,0.0,0.0,0.0,0.0,0.0,0.0,Noord-Holland
2366,21PK02,21PK,Universiteit van Amsterdam,Amsterdam,2020,voltijd,wo,ba,niet-EER,realisatie,0.0,0.0,0.0,0.0,0.0,0.0,0.0,0.0,Noord-Holland
2367,21PK02,21PK,Universiteit van Amsterdam,Amsterdam,2021,voltijd,wo,ba,niet-EER,realisatie,0.0,0.0,0.0,0.0,0.0,0.0,0.0,0.0,Noord-Holland
2368,21PK02,21PK,Universiteit van Amsterdam,Amsterdam,2022,voltijd,wo,ba,niet-EER,realisatie,6.0,0.0,0.0,0.0,0.0,0.0,0.0,0.0,Noord-Holland
2369,21PK02,21PK,Universiteit van Amsterdam,Amsterdam,2023,voltijd,wo,ba,niet-EER,realisatie,7.0,0.0,0.0,0.0,0.0,0.0,0.0,0.0,Noord-Holland
2370,21PK02,21PK,Universiteit van Amsterdam,Amsterdam,2024,voltijd,wo,ba,niet-EER,realisatie,7.0,0.0,0.0,0.0,6.0,0.0,0.0,6.0,Noord-Holland
2371,21PK02,21PK,Universiteit van Amsterdam,Amsterdam,2017,voltijd,wo,ma,EER,realisatie,0.0,0.0,0.0,0.0,0.0,0.0,0.0,0.0,Noord-Holland
2372,21PK02,21PK,Universiteit van Amsterdam,Amsterdam,2018,voltijd,wo,ma,EER,realisatie,9.0,0.0,0.0,0.0,8.0,0.0,0.0,0.0,Noord-Holland
2373,21PK02,21PK,Universiteit van Amsterdam,Amsterdam,2019,voltijd,wo,ma,EER,realisatie,9.0,0.0,0.0,0.0,8.0,0.0,0.0,0.0,Noord-Holland
2374,21PK02,21PK,Universiteit van Amsterdam,Amsterdam,2020,voltijd,wo,ma,EER,realisatie,12.0,0.0,0.0,0.0,10.0,0.0,0.0,0.0,Noord-Holland
2375,21PK02,21PK,Universiteit van Amsterdam,Amsterdam,2021,voltijd,wo,ma,EER,realisatie,10.0,0.0,0.0,0.0,9.0,0.0,0.0,0.0,Noord-Holland
2376,21PK02,21PK,Universiteit van Amsterdam,Amsterdam,2022,voltijd,wo,ma,EER,realisatie,14.0,6.0,0.0,0.0,14.0,6.0,0.0,0.0,Noord-Holland
2377,21PK02,21PK,Universiteit van Amsterdam,Amsterdam,2023,voltijd,wo,ma,EER,realisatie,16.0,0.0,0.0,0.0,16.0,0.0,6.0,0.0,Noord-Holland
2378,21PK02,21PK,Universiteit van Amsterdam,Amsterdam,2024,voltijd,wo,ma,EER,realisatie,19.0,0.0,0.0,0.0,19.0,0.0,6.0,9.0,Noord-Holland
2379,21PK02,21PK,Universiteit van Amsterdam,Amsterdam,2017,voltijd,wo,ma,NL,realisatie,1068.0,383.0,0.0,0.0,1065.0,356.0,267.0,445.0,Noord-Holland
2380,21PK02,21PK,Universiteit van Amsterdam,Amsterdam,2018,voltijd,wo,ma,NL,realisatie,1035.0,318.0,0.0,0.0,1031.0,288.0,361.0,386.0,Noord-Holland
2381,21PK02,21PK,Universiteit van Amsterdam,Amsterdam,2019,voltijd,wo,ma,NL,realisatie,1026.0,345.0,0.0,0.0,1023.0,317.0,295.0,414.0,Noord-Holland
2382,21PK02,21PK,Universiteit van Amsterdam,Amsterdam,2020,voltijd,wo,ma,NL,realisatie,948.0,267.0,0.0,0.0,945.0,245.0,336.0,367.0,Noord-Holland
2383,21PK02,21PK,Universiteit van Amsterdam,Amsterdam,2021,voltijd,wo,ma,NL,realisatie,900.0,233.0,0.0,0.0,898.0,208.0,263.0,429.0,Noord-Holland
2384,21PK02,21PK,Universiteit van Amsterdam,Amsterdam,2022,voltijd,wo,ma,NL,realisatie,962.0,359.0,0.0,0.0,961.0,330.0,243.0,389.0,Noord-Holland
2385,21PK02,21PK,Universiteit van Amsterdam,Amsterdam,2023,voltijd,wo,ma,NL,realisatie,986.0,322.0,0.0,0.0,985.0,303.0,348.0,335.0,Noord-Holland
2386,21PK02,21PK,Universiteit van Amsterdam,Amsterdam,2024,voltijd,wo,ma,NL,realisatie,1105.0,330.0,0.0,0.0,1104.0,310.0,318.0,477.0,Noord-Holland
2387,21PK02,21PK,Universiteit van Amsterdam,Amsterdam,2017,voltijd,wo,ma,niet-EER,realisatie,0.0,0.0,0.0,0.0,0.0,0.0,0.0,0.0,Noord-Holland
2388,21PK02,21PK,Universiteit van Amsterdam,Amsterdam,2018,voltijd,wo,ma,niet-EER,realisatie,0.0,0.0,0.0,0.0,0.0,0.0,0.0,0.0,Noord-Holland
2389,21PK02,21PK,Universiteit van Amsterdam,Amsterdam,2019,voltijd,wo,ma,niet-EER,realisatie,0.0,0.0,0.0,0.0,0.0,0.0,0.0,0.0,Noord-Holland
2390,21PK02,21PK,Universiteit van Amsterdam,Amsterdam,2020,voltijd,wo,ma,niet-EER,realisatie,0.0,0.0,0.0,0.0,0.0,0.0,0.0,0.0,Noord-Holland
2391,21PK02,21PK,Universiteit van Amsterdam,Amsterdam,2021,voltijd,wo,ma,niet-EER,realisatie,0.0,0.0,0.0,0.0,0.0,0.0,0.0,0.0,Noord-Holland
2392,21PK02,21PK,Universiteit van Amsterdam,Amsterdam,2022,voltijd,wo,ma,niet-EER,realisatie,0.0,0.0,0.0,0.0,0.0,0.0,0.0,0.0,Noord-Holland
2393,21PK02,21PK,Universiteit van Amsterdam,Amsterdam,2023,voltijd,wo,ma,niet-EER,realisatie,0.0,0.0,0.0,0.0,0.0,0.0,0.0,0.0,Noord-Holland
2394,21PK02,21PK,Universiteit van Amsterdam,Amsterdam,2024,voltijd,wo,ma,niet-EER,realisatie,0.0,0.0,0.0,0.0,0.0,0.0,0.0,0.0,Noord-Holland
2395,21PL00,21PL,Vrije Universiteit Amsterdam,Amsterdam,2017,deeltijd,wo,ba,EER,realisatie,0.0,0.0,0.0,0.0,0.0,0.0,0.0,0.0,Noord-Holland
2396,21PL00,21PL,Vrije Universiteit Amsterdam,Amsterdam,2018,deeltijd,wo,ba,EER,realisatie,0.0,0.0,0.0,0.0,0.0,0.0,0.0,0.0,Noord-Holland
2397,21PL00,21PL,Vrije Universiteit Amsterdam,Amsterdam,2019,deeltijd,wo,ba,EER,realisatie,0.0,0.0,0.0,0.0,0.0,0.0,0.0,0.0,Noord-Holland
2398,21PL00,21PL,Vrije Universiteit Amsterdam,Amsterdam,2020,deeltijd,wo,ba,EER,realisatie,6.0,0.0,0.0,0.0,0.0,0.0,0.0,0.0,Noord-Holland
2399,21PL00,21PL,Vrije Universiteit Amsterdam,Amsterdam,2021,deeltijd,wo,ba,EER,realisatie,0.0,0.0,0.0,0.0,0.0,0.0,0.0,0.0,Noord-Holland
2400,21PL00,21PL,Vrije Universiteit Amsterdam,Amsterdam,2022,deeltijd,wo,ba,EER,realisatie,0.0,0.0,0.0,0.0,0.0,0.0,0.0,0.0,Noord-Holland
2401,21PL00,21PL,Vrije Universiteit Amsterdam,Amsterdam,2023,deeltijd,wo,ba,EER,realisatie,12.0,8.0,0.0,0.0,0.0,0.0,6.0,0.0,Noord-Holland
2402,21PL00,21PL,Vrije Universiteit Amsterdam,Amsterdam,2024,deeltijd,wo,ba,EER,realisatie,10.0,0.0,0.0,0.0,6.0,0.0,0.0,6.0,Noord-Holland
2403,21PL00,21PL,Vrije Universiteit Amsterdam,Amsterdam,2017,deeltijd,wo,ba,NL,realisatie,110.0,37.0,0.0,11.0,96.0,18.0,12.0,80.0,Noord-Holland
2404,21PL00,21PL,Vrije Universiteit Amsterdam,Amsterdam,2018,deeltijd,wo,ba,NL,realisatie,98.0,42.0,0.0,0.0,88.0,23.0,12.0,63.0,Noord-Holland
2405,21PL00,21PL,Vrije Universiteit Amsterdam,Amsterdam,2019,deeltijd,wo,ba,NL,realisatie,75.0,29.0,0.0,0.0,69.0,9.0,8.0,58.0,Noord-Holland
2406,21PL00,21PL,Vrije Universiteit Amsterdam,Amsterdam,2020,deeltijd,wo,ba,NL,realisatie,73.0,35.0,6.0,10.0,57.0,18.0,12.0,43.0,Noord-Holland
2407,21PL00,21PL,Vrije Universiteit Amsterdam,Amsterdam,2021,deeltijd,wo,ba,NL,realisatie,68.0,35.0,0.0,0.0,59.0,12.0,7.0,49.0,Noord-Holland
2408,21PL00,21PL,Vrije Universiteit Amsterdam,Amsterdam,2022,deeltijd,wo,ba,NL,realisatie,66.0,36.0,6.0,11.0,49.0,13.0,11.0,42.0,Noord-Holland
2409,21PL00,21PL,Vrije Universiteit Amsterdam,Amsterdam,2023,deeltijd,wo,ba,NL,realisatie,67.0,34.0,8.0,0.0,54.0,13.0,11.0,43.0,Noord-Holland
2410,21PL00,21PL,Vrije Universiteit Amsterdam,Amsterdam,2024,deeltijd,wo,ba,NL,realisatie,53.0,18.0,0.0,8.0,44.0,6.0,9.0,38.0,Noord-Holland
2411,21PL00,21PL,Vrije Universiteit Amsterdam,Amsterdam,2019,deeltijd,wo,ba,niet-EER,realisatie,0.0,0.0,0.0,0.0,0.0,0.0,0.0,0.0,Noord-Holland
2412,21PL00,21PL,Vrije Universiteit Amsterdam,Amsterdam,2021,deeltijd,wo,ba,niet-EER,realisatie,0.0,0.0,0.0,0.0,0.0,0.0,0.0,0.0,Noord-Holland
2413,21PL00,21PL,Vrije Universiteit Amsterdam,Amsterdam,2022,deeltijd,wo,ba,niet-EER,realisatie,0.0,0.0,0.0,0.0,0.0,0.0,0.0,0.0,Noord-Holland
2414,21PL00,21PL,Vrije Universiteit Amsterdam,Amsterdam,2023,deeltijd,wo,ba,niet-EER,realisatie,0.0,0.0,0.0,0.0,0.0,0.0,0.0,0.0,Noord-Holland
2415,21PL00,21PL,Vrije Universiteit Amsterdam,Amsterdam,2024,deeltijd,wo,ba,niet-EER,realisatie,0.0,0.0,0.0,0.0,0.0,0.0,0.0,0.0,Noord-Holland
2416,21PL00,21PL,Vrije Universiteit Amsterdam,Amsterdam,2017,deeltijd,wo,ma,EER,realisatie,0.0,0.0,0.0,0.0,0.0,0.0,0.0,0.0,Noord-Holland
2417,21PL00,21PL,Vrije Universiteit Amsterdam,Amsterdam,2018,deeltijd,wo,ma,EER,realisatie,0.0,0.0,0.0,0.0,0.0,0.0,0.0,0.0,Noord-Holland
2418,21PL00,21PL,Vrije Universiteit Amsterdam,Amsterdam,2019,deeltijd,wo,ma,EER,realisatie,6.0,0.0,0.0,0.0,0.0,0.0,0.0,0.0,Noord-Holland
2419,21PL00,21PL,Vrije Universiteit Amsterdam,Amsterdam,2020,deeltijd,wo,ma,EER,realisatie,0.0,0.0,0.0,0.0,0.0,0.0,0.0,0.0,Noord-Holland
2420,21PL00,21PL,Vrije Universiteit Amsterdam,Amsterdam,2021,deeltijd,wo,ma,EER,realisatie,11.0,9.0,0.0,0.0,6.0,6.0,0.0,0.0,Noord-Holland
2421,21PL00,21PL,Vrije Universiteit Amsterdam,Amsterdam,2022,deeltijd,wo,ma,EER,realisatie,13.0,10.0,6.0,0.0,6.0,8.0,0.0,0.0,Noord-Holland
2422,21PL00,21PL,Vrije Universiteit Amsterdam,Amsterdam,2023,deeltijd,wo,ma,EER,realisatie,14.0,6.0,0.0,0.0,7.0,0.0,7.0,0.0,Noord-Holland
2423,21PL00,21PL,Vrije Universiteit Amsterdam,Amsterdam,2024,deeltijd,wo,ma,EER,realisatie,17.0,11.0,6.0,0.0,9.0,7.0,0.0,6.0,Noord-Holland
2424,21PL00,21PL,Vrije Universiteit Amsterdam,Amsterdam,2017,deeltijd,wo,ma,NL,realisatie,576.0,244.0,8.0,0.0,563.0,182.0,132.0,262.0,Noord-Holland
2425,21PL00,21PL,Vrije Universiteit Amsterdam,Amsterdam,2018,deeltijd,wo,ma,NL,realisatie,607.0,223.0,0.0,11.0,591.0,183.0,173.0,251.0,Noord-Holland
2426,21PL00,21PL,Vrije Universiteit Amsterdam,Amsterdam,2019,deeltijd,wo,ma,NL,realisatie,636.0,251.0,11.0,8.0,617.0,203.0,174.0,259.0,Noord-Holland
2427,21PL00,21PL,Vrije Universiteit Amsterdam,Amsterdam,2020,deeltijd,wo,ma,NL,realisatie,633.0,251.0,19.0,13.0,601.0,210.0,174.0,249.0,Noord-Holland
2428,21PL00,21PL,Vrije Universiteit Amsterdam,Amsterdam,2021,deeltijd,wo,ma,NL,realisatie,645.0,283.0,11.0,19.0,615.0,219.0,174.0,252.0,Noord-Holland
2429,21PL00,21PL,Vrije Universiteit Amsterdam,Amsterdam,2022,deeltijd,wo,ma,NL,realisatie,619.0,235.0,0.0,12.0,603.0,166.0,198.0,255.0,Noord-Holland
2430,21PL00,21PL,Vrije Universiteit Amsterdam,Amsterdam,2023,deeltijd,wo,ma,NL,realisatie,588.0,244.0,11.0,0.0,573.0,175.0,152.0,261.0,Noord-Holland
2431,21PL00,21PL,Vrije Universiteit Amsterdam,Amsterdam,2024,deeltijd,wo,ma,NL,realisatie,594.0,262.0,7.0,10.0,577.0,198.0,152.0,244.0,Noord-Holland
2432,21PL00,21PL,Vrije Universiteit Amsterdam,Amsterdam,2017,deeltijd,wo,ma,niet-EER,realisatie,0.0,0.0,0.0,0.0,0.0,0.0,0.0,0.0,Noord-Holland
2433,21PL00,21PL,Vrije Universiteit Amsterdam,Amsterdam,2018,deeltijd,wo,ma,niet-EER,realisatie,0.0,0.0,0.0,0.0,0.0,0.0,0.0,0.0,Noord-Holland
2434,21PL00,21PL,Vrije Universiteit Amsterdam,Amsterdam,2019,deeltijd,wo,ma,niet-EER,realisatie,0.0,0.0,0.0,0.0,0.0,0.0,0.0,0.0,Noord-Holland
2435,21PL00,21PL,Vrije Universiteit Amsterdam,Amsterdam,2020,deeltijd,wo,ma,niet-EER,realisatie,7.0,0.0,0.0,0.0,0.0,0.0,0.0,0.0,Noord-Holland
2436,21PL00,21PL,Vrije Universiteit Amsterdam,Amsterdam,2021,deeltijd,wo,ma,niet-EER,realisatie,0.0,0.0,0.0,0.0,0.0,0.0,0.0,0.0,Noord-Holland
2437,21PL00,21PL,Vrije Universiteit Amsterdam,Amsterdam,2022,deeltijd,wo,ma,niet-EER,realisatie,0.0,0.0,0.0,0.0,0.0,0.0,0.0,0.0,Noord-Holland
2438,21PL00,21PL,Vrije Universiteit Amsterdam,Amsterdam,2023,deeltijd,wo,ma,niet-EER,realisatie,0.0,0.0,0.0,0.0,0.0,0.0,0.0,0.0,Noord-Holland
2439,21PL00,21PL,Vrije Universiteit Amsterdam,Amsterdam,2024,deeltijd,wo,ma,niet-EER,realisatie,7.0,0.0,0.0,0.0,0.0,0.0,0.0,0.0,Noord-Holland
2440,21PL00,21PL,Vrije Universiteit Amsterdam,Amsterdam,2017,voltijd,wo,ba,EER,realisatie,632.0,359.0,336.0,121.0,175.0,351.0,126.0,155.0,Noord-Holland
2441,21PL00,21PL,Vrije Universiteit Amsterdam,Amsterdam,2018,voltijd,wo,ba,EER,realisatie,967.0,474.0,448.0,292.0,227.0,464.0,293.0,210.0,Noord-Holland
2442,21PL00,21PL,Vrije Universiteit Amsterdam,Amsterdam,2019,voltijd,wo,ba,EER,realisatie,1372.0,597.0,555.0,395.0,422.0,578.0,400.0,394.0,Noord-Holland
2443,21PL00,21PL,Vrije Universiteit Amsterdam,Amsterdam,2020,voltijd,wo,ba,EER,realisatie,1667.0,614.0,566.0,513.0,588.0,594.0,512.0,561.0,Noord-Holland
2444,21PL00,21PL,Vrije Universiteit Amsterdam,Amsterdam,2021,voltijd,wo,ba,EER,realisatie,2178.0,955.0,907.0,496.0,775.0,934.0,501.0,743.0,Noord-Holland
2445,21PL00,21PL,Vrije Universiteit Amsterdam,Amsterdam,2022,voltijd,wo,ba,EER,realisatie,2637.0,1049.0,988.0,782.0,867.0,1021.0,781.0,835.0,Noord-Holland
2446,21PL00,21PL,Vrije Universiteit Amsterdam,Amsterdam,2023,voltijd,wo,ba,EER,realisatie,2897.0,882.0,794.0,899.0,1204.0,840.0,909.0,1148.0,Noord-Holland
2447,21PL00,21PL,Vrije Universiteit Amsterdam,Amsterdam,2024,voltijd,wo,ba,EER,realisatie,2805.0,659.0,602.0,691.0,1512.0,621.0,721.0,1463.0,Noord-Holland
2448,21PL00,21PL,Vrije Universiteit Amsterdam,Amsterdam,2017,voltijd,wo,ba,NL,realisatie,12319.0,3750.0,2552.0,2525.0,7242.0,3482.0,2696.0,6141.0,Noord-Holland
2449,21PL00,21PL,Vrije Universiteit Amsterdam,Amsterdam,2018,voltijd,wo,ba,NL,realisatie,13011.0,4241.0,2842.0,2829.0,7340.0,3907.0,2965.0,6139.0,Noord-Holland
2450,21PL00,21PL,Vrije Universiteit Amsterdam,Amsterdam,2019,voltijd,wo,ba,NL,realisatie,14146.0,4841.0,3324.0,3125.0,7697.0,4509.0,3377.0,6260.0,Noord-Holland
2451,21PL00,21PL,Vrije Universiteit Amsterdam,Amsterdam,2020,voltijd,wo,ba,NL,realisatie,15834.0,5633.0,3918.0,3389.0,8527.0,5272.0,3719.0,6843.0,Noord-Holland
2452,21PL00,21PL,Vrije Universiteit Amsterdam,Amsterdam,2021,voltijd,wo,ba,NL,realisatie,16215.0,4746.0,3305.0,3931.0,8979.0,4446.0,4255.0,7514.0,Noord-Holland
2453,21PL00,21PL,Vrije Universiteit Amsterdam,Amsterdam,2022,voltijd,wo,ba,NL,realisatie,15953.0,4248.0,2920.0,3213.0,9820.0,3904.0,3554.0,8495.0,Noord-Holland
2454,21PL00,21PL,Vrije Universiteit Amsterdam,Amsterdam,2023,voltijd,wo,ba,NL,realisatie,15888.0,4389.0,2938.0,3069.0,9881.0,3988.0,3326.0,8574.0,Noord-Holland
2455,21PL00,21PL,Vrije Universiteit Amsterdam,Amsterdam,2024,voltijd,wo,ba,NL,realisatie,15364.0,4345.0,3021.0,3095.0,9248.0,3955.0,3370.0,8039.0,Noord-Holland
2456,21PL00,21PL,Vrije Universiteit Amsterdam,Amsterdam,2017,voltijd,wo,ba,niet-EER,realisatie,182.0,101.0,92.0,58.0,32.0,97.0,58.0,27.0,Noord-Holland
2457,21PL00,21PL,Vrije Universiteit Amsterdam,Amsterdam,2018,voltijd,wo,ba,niet-EER,realisatie,307.0,154.0,138.0,92.0,77.0,150.0,87.0,70.0,Noord-Holland
2458,21PL00,21PL,Vrije Universiteit Amsterdam,Amsterdam,2019,voltijd,wo,ba,niet-EER,realisatie,463.0,206.0,189.0,145.0,129.0,204.0,143.0,116.0,Noord-Holland
2459,21PL00,21PL,Vrije Universiteit Amsterdam,Amsterdam,2020,voltijd,wo,ba,niet-EER,realisatie,682.0,312.0,281.0,180.0,221.0,297.0,183.0,202.0,Noord-Holland
2460,21PL00,21PL,Vrije Universiteit Amsterdam,Amsterdam,2021,voltijd,wo,ba,niet-EER,realisatie,856.0,346.0,330.0,237.0,289.0,337.0,241.0,278.0,Noord-Holland
2461,21PL00,21PL,Vrije Universiteit Amsterdam,Amsterdam,2022,voltijd,wo,ba,niet-EER,realisatie,1064.0,413.0,377.0,290.0,397.0,392.0,283.0,389.0,Noord-Holland
2462,21PL00,21PL,Vrije Universiteit Amsterdam,Amsterdam,2023,voltijd,wo,ba,niet-EER,realisatie,1101.0,312.0,278.0,336.0,487.0,291.0,346.0,464.0,Noord-Holland
2463,21PL00,21PL,Vrije Universiteit Amsterdam,Amsterdam,2024,voltijd,wo,ba,niet-EER,realisatie,1070.0,273.0,239.0,260.0,571.0,255.0,261.0,554.0,Noord-Holland
2464,21PL00,21PL,Vrije Universiteit Amsterdam,Amsterdam,2017,voltijd,wo,ma,EER,realisatie,873.0,550.0,493.0,167.0,213.0,545.0,197.0,131.0,Noord-Holland
2465,21PL00,21PL,Vrije Universiteit Amsterdam,Amsterdam,2018,voltijd,wo,ma,EER,realisatie,1000.0,635.0,554.0,201.0,245.0,630.0,228.0,142.0,Noord-Holland
2466,21PL00,21PL,Vrije Universiteit Amsterdam,Amsterdam,2019,voltijd,wo,ma,EER,realisatie,1155.0,719.0,601.0,248.0,306.0,711.0,290.0,154.0,Noord-Holland
2467,21PL00,21PL,Vrije Universiteit Amsterdam,Amsterdam,2020,voltijd,wo,ma,EER,realisatie,1306.0,836.0,660.0,243.0,403.0,829.0,292.0,185.0,Noord-Holland
2468,21PL00,21PL,Vrije Universiteit Amsterdam,Amsterdam,2021,voltijd,wo,ma,EER,realisatie,1530.0,964.0,784.0,286.0,460.0,955.0,389.0,186.0,Noord-Holland
2469,21PL00,21PL,Vrije Universiteit Amsterdam,Amsterdam,2022,voltijd,wo,ma,EER,realisatie,1532.0,798.0,595.0,383.0,554.0,788.0,480.0,264.0,Noord-Holland
2470,21PL00,21PL,Vrije Universiteit Amsterdam,Amsterdam,2023,voltijd,wo,ma,EER,realisatie,1522.0,802.0,542.0,290.0,690.0,786.0,420.0,316.0,Noord-Holland
2471,21PL00,21PL,Vrije Universiteit Amsterdam,Amsterdam,2024,voltijd,wo,ma,EER,realisatie,1622.0,935.0,579.0,247.0,796.0,914.0,388.0,320.0,Noord-Holland
2472,21PL00,21PL,Vrije Universiteit Amsterdam,Amsterdam,2017,voltijd,wo,ma,NL,realisatie,7595.0,3572.0,65.0,55.0,7475.0,3448.0,2115.0,2032.0,Noord-Holland
2473,21PL00,21PL,Vrije Universiteit Amsterdam,Amsterdam,2018,voltijd,wo,ma,NL,realisatie,7806.0,3668.0,62.0,50.0,7694.0,3556.0,2343.0,1907.0,Noord-Holland
2474,21PL00,21PL,Vrije Universiteit Amsterdam,Amsterdam,2019,voltijd,wo,ma,NL,realisatie,8034.0,3689.0,73.0,61.0,7900.0,3552.0,2411.0,2071.0,Noord-Holland
2475,21PL00,21PL,Vrije Universiteit Amsterdam,Amsterdam,2020,voltijd,wo,ma,NL,realisatie,8753.0,4256.0,101.0,77.0,8575.0,4103.0,2417.0,2233.0,Noord-Holland
2476,21PL00,21PL,Vrije Universiteit Amsterdam,Amsterdam,2021,voltijd,wo,ma,NL,realisatie,9191.0,4282.0,67.0,87.0,9037.0,4130.0,2793.0,2268.0,Noord-Holland
2477,21PL00,21PL,Vrije Universiteit Amsterdam,Amsterdam,2022,voltijd,wo,ma,NL,realisatie,8943.0,3846.0,48.0,58.0,8837.0,3687.0,2745.0,2511.0,Noord-Holland
2478,21PL00,21PL,Vrije Universiteit Amsterdam,Amsterdam,2023,voltijd,wo,ma,NL,realisatie,8846.0,4003.0,61.0,32.0,8753.0,3793.0,2582.0,2471.0,Noord-Holland
2479,21PL00,21PL,Vrije Universiteit Amsterdam,Amsterdam,2024,voltijd,wo,ma,NL,realisatie,8989.0,4443.0,39.0,60.0,8890.0,4257.0,2444.0,2288.0,Noord-Holland
2480,21PL00,21PL,Vrije Universiteit Amsterdam,Amsterdam,2017,voltijd,wo,ma,niet-EER,realisatie,475.0,321.0,299.0,111.0,65.0,317.0,121.0,37.0,Noord-Holland
2481,21PL00,21PL,Vrije Universiteit Amsterdam,Amsterdam,2018,voltijd,wo,ma,niet-EER,realisatie,531.0,364.0,351.0,118.0,62.0,361.0,124.0,46.0,Noord-Holland
2482,21PL00,21PL,Vrije Universiteit Amsterdam,Amsterdam,2019,voltijd,wo,ma,niet-EER,realisatie,673.0,459.0,413.0,176.0,84.0,445.0,177.0,51.0,Noord-Holland
2483,21PL00,21PL,Vrije Universiteit Amsterdam,Amsterdam,2020,voltijd,wo,ma,niet-EER,realisatie,680.0,398.0,337.0,210.0,133.0,381.0,220.0,79.0,Noord-Holland
2484,21PL00,21PL,Vrije Universiteit Amsterdam,Amsterdam,2021,voltijd,wo,ma,niet-EER,realisatie,812.0,574.0,493.0,152.0,167.0,558.0,167.0,87.0,Noord-Holland
2485,21PL00,21PL,Vrije Universiteit Amsterdam,Amsterdam,2022,voltijd,wo,ma,niet-EER,realisatie,891.0,533.0,448.0,262.0,181.0,525.0,282.0,84.0,Noord-Holland
2486,21PL00,21PL,Vrije Universiteit Amsterdam,Amsterdam,2023,voltijd,wo,ma,niet-EER,realisatie,984.0,621.0,532.0,237.0,215.0,611.0,263.0,110.0,Noord-Holland
2487,21PL00,21PL,Vrije Universiteit Amsterdam,Amsterdam,2024,voltijd,wo,ma,niet-EER,realisatie,1015.0,588.0,478.0,294.0,243.0,577.0,326.0,112.0,Noord-Holland
2488,21PM00,21PM,Radboud Universiteit Nijmegen,Nijmegen,2017,deeltijd,wo,ba,EER,realisatie,0.0,0.0,0.0,0.0,0.0,0.0,0.0,0.0,Gelderland
2489,21PM00,21PM,Radboud Universiteit Nijmegen,Nijmegen,2018,deeltijd,wo,ba,EER,realisatie,0.0,0.0,0.0,0.0,0.0,0.0,0.0,0.0,Gelderland
2490,21PM00,21PM,Radboud Universiteit Nijmegen,Nijmegen,2020,deeltijd,wo,ba,EER,realisatie,0.0,0.0,0.0,0.0,0.0,0.0,0.0,0.0,Gelderland
2491,21PM00,21PM,Radboud Universiteit Nijmegen,Nijmegen,2022,deeltijd,wo,ba,EER,realisatie,0.0,0.0,0.0,0.0,0.0,0.0,0.0,0.0,Gelderland
2492,21PM00,21PM,Radboud Universiteit Nijmegen,Nijmegen,2023,deeltijd,wo,ba,EER,realisatie,0.0,0.0,0.0,0.0,0.0,0.0,0.0,0.0,Gelderland
2493,21PM00,21PM,Radboud Universiteit Nijmegen,Nijmegen,2024,deeltijd,wo,ba,EER,realisatie,0.0,0.0,0.0,0.0,0.0,0.0,0.0,0.0,Gelderland
2494,21PM00,21PM,Radboud Universiteit Nijmegen,Nijmegen,2017,deeltijd,wo,ba,NL,realisatie,143.0,59.0,0.0,0.0,137.0,38.0,29.0,76.0,Gelderland
2495,21PM00,21PM,Radboud Universiteit Nijmegen,Nijmegen,2018,deeltijd,wo,ba,NL,realisatie,144.0,68.0,0.0,0.0,138.0,39.0,30.0,75.0,Gelderland
2496,21PM00,21PM,Radboud Universiteit Nijmegen,Nijmegen,2019,deeltijd,wo,ba,NL,realisatie,147.0,60.0,0.0,0.0,139.0,39.0,36.0,72.0,Gelderland
2497,21PM00,21PM,Radboud Universiteit Nijmegen,Nijmegen,2020,deeltijd,wo,ba,NL,realisatie,160.0,67.0,6.0,0.0,151.0,40.0,36.0,84.0,Gelderland
2498,21PM00,21PM,Radboud Universiteit Nijmegen,Nijmegen,2021,deeltijd,wo,ba,NL,realisatie,172.0,79.0,0.0,7.0,161.0,45.0,37.0,90.0,Gelderland
2499,21PM00,21PM,Radboud Universiteit Nijmegen,Nijmegen,2022,deeltijd,wo,ba,NL,realisatie,154.0,78.0,0.0,0.0,149.0,46.0,26.0,82.0,Gelderland
2500,21PM00,21PM,Radboud Universiteit Nijmegen,Nijmegen,2023,deeltijd,wo,ba,NL,realisatie,140.0,51.0,0.0,0.0,136.0,31.0,39.0,70.0,Gelderland
2501,21PM00,21PM,Radboud Universiteit Nijmegen,Nijmegen,2024,deeltijd,wo,ba,NL,realisatie,134.0,50.0,0.0,0.0,132.0,27.0,32.0,75.0,Gelderland
2502,21PM00,21PM,Radboud Universiteit Nijmegen,Nijmegen,2017,deeltijd,wo,ba,niet-EER,realisatie,0.0,0.0,0.0,0.0,0.0,0.0,0.0,0.0,Gelderland
2503,21PM00,21PM,Radboud Universiteit Nijmegen,Nijmegen,2018,deeltijd,wo,ba,niet-EER,realisatie,0.0,0.0,0.0,0.0,0.0,0.0,0.0,0.0,Gelderland
2504,21PM00,21PM,Radboud Universiteit Nijmegen,Nijmegen,2019,deeltijd,wo,ba,niet-EER,realisatie,0.0,0.0,0.0,0.0,0.0,0.0,0.0,0.0,Gelderland
2505,21PM00,21PM,Radboud Universiteit Nijmegen,Nijmegen,2020,deeltijd,wo,ba,niet-EER,realisatie,0.0,0.0,0.0,0.0,0.0,0.0,0.0,0.0,Gelderland
2506,21PM00,21PM,Radboud Universiteit Nijmegen,Nijmegen,2021,deeltijd,wo,ba,niet-EER,realisatie,0.0,0.0,0.0,0.0,0.0,0.0,0.0,0.0,Gelderland
2507,21PM00,21PM,Radboud Universiteit Nijmegen,Nijmegen,2022,deeltijd,wo,ba,niet-EER,realisatie,0.0,0.0,0.0,0.0,0.0,0.0,0.0,0.0,Gelderland
2508,21PM00,21PM,Radboud Universiteit Nijmegen,Nijmegen,2023,deeltijd,wo,ba,niet-EER,realisatie,0.0,0.0,0.0,0.0,0.0,0.0,0.0,0.0,Gelderland
2509,21PM00,21PM,Radboud Universiteit Nijmegen,Nijmegen,2017,deeltijd,wo,ma,EER,realisatie,0.0,0.0,0.0,0.0,0.0,0.0,0.0,0.0,Gelderland
2510,21PM00,21PM,Radboud Universiteit Nijmegen,Nijmegen,2018,deeltijd,wo,ma,EER,realisatie,0.0,0.0,0.0,0.0,0.0,0.0,0.0,0.0,Gelderland
2511,21PM00,21PM,Radboud Universiteit Nijmegen,Nijmegen,2019,deeltijd,wo,ma,EER,realisatie,0.0,0.0,0.0,0.0,0.0,0.0,0.0,0.0,Gelderland
2512,21PM00,21PM,Radboud Universiteit Nijmegen,Nijmegen,2021,deeltijd,wo,ma,EER,realisatie,0.0,0.0,0.0,0.0,0.0,0.0,0.0,0.0,Gelderland
2513,21PM00,21PM,Radboud Universiteit Nijmegen,Nijmegen,2022,deeltijd,wo,ma,EER,realisatie,0.0,0.0,0.0,0.0,0.0,0.0,0.0,0.0,Gelderland
2514,21PM00,21PM,Radboud Universiteit Nijmegen,Nijmegen,2017,deeltijd,wo,ma,NL,realisatie,116.0,41.0,0.0,0.0,115.0,30.0,41.0,45.0,Gelderland
2515,21PM00,21PM,Radboud Universiteit Nijmegen,Nijmegen,2018,deeltijd,wo,ma,NL,realisatie,122.0,61.0,0.0,0.0,122.0,38.0,29.0,55.0,Gelderland
2516,21PM00,21PM,Radboud Universiteit Nijmegen,Nijmegen,2019,deeltijd,wo,ma,NL,realisatie,136.0,64.0,0.0,0.0,135.0,49.0,33.0,54.0,Gelderland
2517,21PM00,21PM,Radboud Universiteit Nijmegen,Nijmegen,2020,deeltijd,wo,ma,NL,realisatie,146.0,62.0,0.0,0.0,141.0,36.0,48.0,62.0,Gelderland
2518,21PM00,21PM,Radboud Universiteit Nijmegen,Nijmegen,2021,deeltijd,wo,ma,NL,realisatie,179.0,87.0,0.0,0.0,175.0,50.0,38.0,91.0,Gelderland
2519,21PM00,21PM,Radboud Universiteit Nijmegen,Nijmegen,2022,deeltijd,wo,ma,NL,realisatie,192.0,71.0,0.0,0.0,191.0,45.0,56.0,91.0,Gelderland
2520,21PM00,21PM,Radboud Universiteit Nijmegen,Nijmegen,2023,deeltijd,wo,ma,NL,realisatie,179.0,66.0,0.0,0.0,178.0,43.0,42.0,94.0,Gelderland
2521,21PM00,21PM,Radboud Universiteit Nijmegen,Nijmegen,2024,deeltijd,wo,ma,NL,realisatie,193.0,79.0,0.0,0.0,192.0,51.0,48.0,94.0,Gelderland
2522,21PM00,21PM,Radboud Universiteit Nijmegen,Nijmegen,2017,voltijd,wo,ba,EER,realisatie,1171.0,449.0,428.0,418.0,325.0,441.0,430.0,300.0,Gelderland
2523,21PM00,21PM,Radboud Universiteit Nijmegen,Nijmegen,2018,voltijd,wo,ba,EER,realisatie,1328.0,466.0,446.0,311.0,571.0,460.0,312.0,556.0,Gelderland
2524,21PM00,21PM,Radboud Universiteit Nijmegen,Nijmegen,2019,voltijd,wo,ba,EER,realisatie,1349.0,497.0,473.0,304.0,572.0,486.0,307.0,556.0,Gelderland
2525,21PM00,21PM,Radboud Universiteit Nijmegen,Nijmegen,2020,voltijd,wo,ba,EER,realisatie,1301.0,446.0,432.0,360.0,509.0,439.0,364.0,498.0,Gelderland
2526,21PM00,21PM,Radboud Universiteit Nijmegen,Nijmegen,2021,voltijd,wo,ba,EER,realisatie,1450.0,551.0,516.0,354.0,580.0,531.0,353.0,566.0,Gelderland
2527,21PM00,21PM,Radboud Universiteit Nijmegen,Nijmegen,2022,voltijd,wo,ba,EER,realisatie,1511.0,510.0,481.0,402.0,628.0,495.0,407.0,609.0,Gelderland
2528,21PM00,21PM,Radboud Universiteit Nijmegen,Nijmegen,2023,voltijd,wo,ba,EER,realisatie,1534.0,443.0,405.0,399.0,730.0,420.0,400.0,714.0,Gelderland
2529,21PM00,21PM,Radboud Universiteit Nijmegen,Nijmegen,2024,voltijd,wo,ba,EER,realisatie,1401.0,340.0,305.0,332.0,764.0,324.0,331.0,746.0,Gelderland
2530,21PM00,21PM,Radboud Universiteit Nijmegen,Nijmegen,2017,voltijd,wo,ba,NL,realisatie,11809.0,3968.0,2588.0,2410.0,6811.0,3678.0,2654.0,5477.0,Gelderland
2531,21PM00,21PM,Radboud Universiteit Nijmegen,Nijmegen,2018,voltijd,wo,ba,NL,realisatie,12356.0,4052.0,2661.0,2604.0,7091.0,3790.0,3046.0,5520.0,Gelderland
2532,21PM00,21PM,Radboud Universiteit Nijmegen,Nijmegen,2019,voltijd,wo,ba,NL,realisatie,12841.0,4164.0,2804.0,2707.0,7330.0,3880.0,3228.0,5733.0,Gelderland
2533,21PM00,21PM,Radboud Universiteit Nijmegen,Nijmegen,2020,voltijd,wo,ba,NL,realisatie,13295.0,4434.0,3000.0,2847.0,7448.0,4146.0,3263.0,5886.0,Gelderland
2534,21PM00,21PM,Radboud Universiteit Nijmegen,Nijmegen,2021,voltijd,wo,ba,NL,realisatie,13453.0,4019.0,2568.0,3053.0,7832.0,3648.0,3498.0,6307.0,Gelderland
2535,21PM00,21PM,Radboud Universiteit Nijmegen,Nijmegen,2022,voltijd,wo,ba,NL,realisatie,13544.0,4033.0,2764.0,2563.0,8217.0,3683.0,3008.0,6853.0,Gelderland
2536,21PM00,21PM,Radboud Universiteit Nijmegen,Nijmegen,2023,voltijd,wo,ba,NL,realisatie,13631.0,4105.0,2901.0,2637.0,8093.0,3764.0,3040.0,6827.0,Gelderland
2537,21PM00,21PM,Radboud Universiteit Nijmegen,Nijmegen,2024,voltijd,wo,ba,NL,realisatie,13602.0,3960.0,2748.0,2897.0,7957.0,3631.0,3269.0,6702.0,Gelderland
2538,21PM00,21PM,Radboud Universiteit Nijmegen,Nijmegen,2017,voltijd,wo,ba,niet-EER,realisatie,147.0,97.0,91.0,32.0,24.0,96.0,36.0,15.0,Gelderland
2539,21PM00,21PM,Radboud Universiteit Nijmegen,Nijmegen,2018,voltijd,wo,ba,niet-EER,realisatie,184.0,108.0,100.0,47.0,37.0,107.0,43.0,34.0,Gelderland
2540,21PM00,21PM,Radboud Universiteit Nijmegen,Nijmegen,2019,voltijd,wo,ba,niet-EER,realisatie,231.0,118.0,110.0,54.0,67.0,115.0,57.0,59.0,Gelderland
2541,21PM00,21PM,Radboud Universiteit Nijmegen,Nijmegen,2020,voltijd,wo,ba,niet-EER,realisatie,246.0,108.0,99.0,70.0,77.0,104.0,68.0,74.0,Gelderland
2542,21PM00,21PM,Radboud Universiteit Nijmegen,Nijmegen,2021,voltijd,wo,ba,niet-EER,realisatie,232.0,86.0,77.0,54.0,101.0,82.0,52.0,98.0,Gelderland
2543,21PM00,21PM,Radboud Universiteit Nijmegen,Nijmegen,2022,voltijd,wo,ba,niet-EER,realisatie,211.0,78.0,72.0,38.0,101.0,72.0,45.0,94.0,Gelderland
2544,21PM00,21PM,Radboud Universiteit Nijmegen,Nijmegen,2023,voltijd,wo,ba,niet-EER,realisatie,250.0,121.0,104.0,57.0,89.0,111.0,55.0,84.0,Gelderland
2545,21PM00,21PM,Radboud Universiteit Nijmegen,Nijmegen,2024,voltijd,wo,ba,niet-EER,realisatie,269.0,108.0,95.0,83.0,91.0,105.0,79.0,85.0,Gelderland
2546,21PM00,21PM,Radboud Universiteit Nijmegen,Nijmegen,2017,voltijd,wo,ma,EER,realisatie,593.0,313.0,161.0,104.0,328.0,306.0,175.0,112.0,Gelderland
2547,21PM00,21PM,Radboud Universiteit Nijmegen,Nijmegen,2018,voltijd,wo,ma,EER,realisatie,611.0,305.0,180.0,130.0,301.0,299.0,186.0,126.0,Gelderland
2548,21PM00,21PM,Radboud Universiteit Nijmegen,Nijmegen,2019,voltijd,wo,ma,EER,realisatie,605.0,305.0,142.0,136.0,327.0,299.0,168.0,138.0,Gelderland
2549,21PM00,21PM,Radboud Universiteit Nijmegen,Nijmegen,2020,voltijd,wo,ma,EER,realisatie,669.0,355.0,148.0,126.0,395.0,353.0,177.0,139.0,Gelderland
2550,21PM00,21PM,Radboud Universiteit Nijmegen,Nijmegen,2021,voltijd,wo,ma,EER,realisatie,733.0,351.0,198.0,131.0,404.0,345.0,235.0,153.0,Gelderland
2551,21PM00,21PM,Radboud Universiteit Nijmegen,Nijmegen,2022,voltijd,wo,ma,EER,realisatie,727.0,281.0,127.0,160.0,440.0,274.0,242.0,211.0,Gelderland
2552,21PM00,21PM,Radboud Universiteit Nijmegen,Nijmegen,2023,voltijd,wo,ma,EER,realisatie,696.0,295.0,149.0,86.0,461.0,292.0,170.0,234.0,Gelderland
2553,21PM00,21PM,Radboud Universiteit Nijmegen,Nijmegen,2024,voltijd,wo,ma,EER,realisatie,742.0,347.0,165.0,121.0,456.0,342.0,211.0,189.0,Gelderland
2554,21PM00,21PM,Radboud Universiteit Nijmegen,Nijmegen,2017,voltijd,wo,ma,NL,realisatie,6199.0,2714.0,17.0,15.0,6167.0,2652.0,1867.0,1680.0,Gelderland
2555,21PM00,21PM,Radboud Universiteit Nijmegen,Nijmegen,2018,voltijd,wo,ma,NL,realisatie,6648.0,3003.0,16.0,17.0,6615.0,2934.0,1940.0,1774.0,Gelderland
2556,21PM00,21PM,Radboud Universiteit Nijmegen,Nijmegen,2019,voltijd,wo,ma,NL,realisatie,6904.0,3061.0,16.0,20.0,6868.0,2975.0,2096.0,1833.0,Gelderland
2557,21PM00,21PM,Radboud Universiteit Nijmegen,Nijmegen,2020,voltijd,wo,ma,NL,realisatie,7468.0,3429.0,19.0,30.0,7419.0,3346.0,2166.0,1956.0,Gelderland
2558,21PM00,21PM,Radboud Universiteit Nijmegen,Nijmegen,2021,voltijd,wo,ma,NL,realisatie,7607.0,3315.0,23.0,23.0,7561.0,3220.0,2331.0,2056.0,Gelderland
2559,21PM00,21PM,Radboud Universiteit Nijmegen,Nijmegen,2022,voltijd,wo,ma,NL,realisatie,7453.0,2928.0,12.0,26.0,7415.0,2819.0,2341.0,2293.0,Gelderland
2560,21PM00,21PM,Radboud Universiteit Nijmegen,Nijmegen,2023,voltijd,wo,ma,NL,realisatie,7233.0,3010.0,11.0,18.0,7204.0,2893.0,2115.0,2225.0,Gelderland
2561,21PM00,21PM,Radboud Universiteit Nijmegen,Nijmegen,2024,voltijd,wo,ma,NL,realisatie,6913.0,3028.0,13.0,13.0,6887.0,2918.0,2028.0,1967.0,Gelderland
2562,21PM00,21PM,Radboud Universiteit Nijmegen,Nijmegen,2017,voltijd,wo,ma,niet-EER,realisatie,258.0,144.0,128.0,87.0,43.0,144.0,84.0,30.0,Gelderland
2563,21PM00,21PM,Radboud Universiteit Nijmegen,Nijmegen,2018,voltijd,wo,ma,niet-EER,realisatie,258.0,157.0,131.0,84.0,43.0,157.0,72.0,29.0,Gelderland
2564,21PM00,21PM,Radboud Universiteit Nijmegen,Nijmegen,2019,voltijd,wo,ma,niet-EER,realisatie,267.0,145.0,112.0,103.0,52.0,142.0,91.0,34.0,Gelderland
2565,21PM00,21PM,Radboud Universiteit Nijmegen,Nijmegen,2020,voltijd,wo,ma,niet-EER,realisatie,259.0,130.0,98.0,95.0,66.0,128.0,91.0,40.0,Gelderland
2566,21PM00,21PM,Radboud Universiteit Nijmegen,Nijmegen,2021,voltijd,wo,ma,niet-EER,realisatie,309.0,172.0,129.0,99.0,81.0,169.0,91.0,49.0,Gelderland
2567,21PM00,21PM,Radboud Universiteit Nijmegen,Nijmegen,2022,voltijd,wo,ma,niet-EER,realisatie,275.0,121.0,95.0,96.0,84.0,119.0,108.0,48.0,Gelderland
2568,21PM00,21PM,Radboud Universiteit Nijmegen,Nijmegen,2023,voltijd,wo,ma,niet-EER,realisatie,229.0,111.0,90.0,63.0,76.0,109.0,71.0,49.0,Gelderland
2569,21PM00,21PM,Radboud Universiteit Nijmegen,Nijmegen,2024,voltijd,wo,ma,niet-EER,realisatie,257.0,154.0,116.0,73.0,68.0,153.0,74.0,30.0,Gelderland
2570,21PN00,21PN,Tilburg University,Tilburg,2017,deeltijd,wo,ba,EER,realisatie,0.0,0.0,0.0,0.0,0.0,0.0,0.0,0.0,Noord-Brabant
2571,21PN00,21PN,Tilburg University,Tilburg,2018,deeltijd,wo,ba,EER,realisatie,0.0,0.0,0.0,0.0,0.0,0.0,0.0,0.0,Noord-Brabant
2572,21PN00,21PN,Tilburg University,Tilburg,2019,deeltijd,wo,ba,EER,realisatie,0.0,0.0,0.0,0.0,0.0,0.0,0.0,0.0,Noord-Brabant
2573,21PN00,21PN,Tilburg University,Tilburg,2020,deeltijd,wo,ba,EER,realisatie,0.0,0.0,0.0,0.0,0.0,0.0,0.0,0.0,Noord-Brabant
2574,21PN00,21PN,Tilburg University,Tilburg,2021,deeltijd,wo,ba,EER,realisatie,0.0,0.0,0.0,0.0,0.0,0.0,0.0,0.0,Noord-Brabant
2575,21PN00,21PN,Tilburg University,Tilburg,2022,deeltijd,wo,ba,EER,realisatie,0.0,0.0,0.0,0.0,0.0,0.0,0.0,0.0,Noord-Brabant
2576,21PN00,21PN,Tilburg University,Tilburg,2023,deeltijd,wo,ba,EER,realisatie,0.0,0.0,0.0,0.0,0.0,0.0,0.0,0.0,Noord-Brabant
2577,21PN00,21PN,Tilburg University,Tilburg,2024,deeltijd,wo,ba,EER,realisatie,0.0,0.0,0.0,0.0,0.0,0.0,0.0,0.0,Noord-Brabant
2578,21PN00,21PN,Tilburg University,Tilburg,2017,deeltijd,wo,ba,NL,realisatie,35.0,16.0,0.0,0.0,34.0,13.0,10.0,12.0,Noord-Brabant
2579,21PN00,21PN,Tilburg University,Tilburg,2018,deeltijd,wo,ba,NL,realisatie,40.0,31.0,0.0,0.0,36.0,28.0,0.0,9.0,Noord-Brabant
2580,21PN00,21PN,Tilburg University,Tilburg,2019,deeltijd,wo,ba,NL,realisatie,44.0,32.0,0.0,0.0,42.0,26.0,6.0,12.0,Noord-Brabant
2581,21PN00,21PN,Tilburg University,Tilburg,2020,deeltijd,wo,ba,NL,realisatie,43.0,34.0,0.0,0.0,38.0,25.0,0.0,13.0,Noord-Brabant
2582,21PN00,21PN,Tilburg University,Tilburg,2021,deeltijd,wo,ba,NL,realisatie,63.0,47.0,0.0,0.0,55.0,38.0,8.0,17.0,Noord-Brabant
2583,21PN00,21PN,Tilburg University,Tilburg,2022,deeltijd,wo,ba,NL,realisatie,48.0,36.0,0.0,6.0,39.0,27.0,8.0,13.0,Noord-Brabant
2584,21PN00,21PN,Tilburg University,Tilburg,2023,deeltijd,wo,ba,NL,realisatie,42.0,36.0,0.0,0.0,40.0,23.0,8.0,11.0,Noord-Brabant
2585,21PN00,21PN,Tilburg University,Tilburg,2024,deeltijd,wo,ba,NL,realisatie,55.0,48.0,0.0,0.0,54.0,33.0,7.0,15.0,Noord-Brabant
2586,21PN00,21PN,Tilburg University,Tilburg,2017,deeltijd,wo,ba,niet-EER,realisatie,0.0,0.0,0.0,0.0,0.0,0.0,0.0,0.0,Noord-Brabant
2587,21PN00,21PN,Tilburg University,Tilburg,2018,deeltijd,wo,ba,niet-EER,realisatie,0.0,0.0,0.0,0.0,0.0,0.0,0.0,0.0,Noord-Brabant
2588,21PN00,21PN,Tilburg University,Tilburg,2019,deeltijd,wo,ba,niet-EER,realisatie,0.0,0.0,0.0,0.0,0.0,0.0,0.0,0.0,Noord-Brabant
2589,21PN00,21PN,Tilburg University,Tilburg,2020,deeltijd,wo,ba,niet-EER,realisatie,0.0,0.0,0.0,0.0,0.0,0.0,0.0,0.0,Noord-Brabant
2590,21PN00,21PN,Tilburg University,Tilburg,2021,deeltijd,wo,ba,niet-EER,realisatie,0.0,0.0,0.0,0.0,0.0,0.0,0.0,0.0,Noord-Brabant
2591,21PN00,21PN,Tilburg University,Tilburg,2022,deeltijd,wo,ba,niet-EER,realisatie,0.0,0.0,0.0,0.0,0.0,0.0,0.0,0.0,Noord-Brabant
2592,21PN00,21PN,Tilburg University,Tilburg,2023,deeltijd,wo,ba,niet-EER,realisatie,6.0,6.0,0.0,0.0,0.0,0.0,0.0,0.0,Noord-Brabant
2593,21PN00,21PN,Tilburg University,Tilburg,2024,deeltijd,wo,ba,niet-EER,realisatie,0.0,0.0,0.0,0.0,0.0,0.0,0.0,0.0,Noord-Brabant
2594,21PN00,21PN,Tilburg University,Tilburg,2017,deeltijd,wo,ma,EER,realisatie,0.0,0.0,0.0,0.0,0.0,0.0,0.0,0.0,Noord-Brabant
2595,21PN00,21PN,Tilburg University,Tilburg,2018,deeltijd,wo,ma,EER,realisatie,0.0,0.0,0.0,0.0,0.0,0.0,0.0,0.0,Noord-Brabant
2596,21PN00,21PN,Tilburg University,Tilburg,2019,deeltijd,wo,ma,EER,realisatie,0.0,0.0,0.0,0.0,0.0,0.0,0.0,0.0,Noord-Brabant
2597,21PN00,21PN,Tilburg University,Tilburg,2020,deeltijd,wo,ma,EER,realisatie,0.0,0.0,0.0,0.0,0.0,0.0,0.0,0.0,Noord-Brabant
2598,21PN00,21PN,Tilburg University,Tilburg,2021,deeltijd,wo,ma,EER,realisatie,0.0,0.0,0.0,0.0,0.0,0.0,0.0,0.0,Noord-Brabant
2599,21PN00,21PN,Tilburg University,Tilburg,2022,deeltijd,wo,ma,EER,realisatie,0.0,0.0,0.0,0.0,0.0,0.0,0.0,0.0,Noord-Brabant
2600,21PN00,21PN,Tilburg University,Tilburg,2023,deeltijd,wo,ma,EER,realisatie,0.0,0.0,0.0,0.0,0.0,0.0,0.0,0.0,Noord-Brabant
2601,21PN00,21PN,Tilburg University,Tilburg,2024,deeltijd,wo,ma,EER,realisatie,0.0,0.0,0.0,0.0,0.0,0.0,0.0,0.0,Noord-Brabant
2602,21PN00,21PN,Tilburg University,Tilburg,2017,deeltijd,wo,ma,NL,realisatie,56.0,12.0,0.0,0.0,54.0,7.0,13.0,36.0,Noord-Brabant
2603,21PN00,21PN,Tilburg University,Tilburg,2018,deeltijd,wo,ma,NL,realisatie,50.0,19.0,0.0,0.0,50.0,13.0,6.0,31.0,Noord-Brabant
2604,21PN00,21PN,Tilburg University,Tilburg,2019,deeltijd,wo,ma,NL,realisatie,48.0,25.0,0.0,0.0,46.0,23.0,9.0,16.0,Noord-Brabant
2605,21PN00,21PN,Tilburg University,Tilburg,2020,deeltijd,wo,ma,NL,realisatie,52.0,26.0,0.0,0.0,52.0,21.0,17.0,14.0,Noord-Brabant
2606,21PN00,21PN,Tilburg University,Tilburg,2021,deeltijd,wo,ma,NL,realisatie,53.0,23.0,0.0,0.0,52.0,17.0,20.0,16.0,Noord-Brabant
2607,21PN00,21PN,Tilburg University,Tilburg,2022,deeltijd,wo,ma,NL,realisatie,51.0,27.0,0.0,0.0,49.0,20.0,15.0,16.0,Noord-Brabant
2608,21PN00,21PN,Tilburg University,Tilburg,2023,deeltijd,wo,ma,NL,realisatie,41.0,18.0,0.0,0.0,41.0,14.0,15.0,12.0,Noord-Brabant
2609,21PN00,21PN,Tilburg University,Tilburg,2024,deeltijd,wo,ma,NL,realisatie,59.0,37.0,0.0,0.0,57.0,26.0,18.0,15.0,Noord-Brabant
2610,21PN00,21PN,Tilburg University,Tilburg,2018,deeltijd,wo,ma,niet-EER,realisatie,0.0,0.0,0.0,0.0,0.0,0.0,0.0,0.0,Noord-Brabant
2611,21PN00,21PN,Tilburg University,Tilburg,2019,deeltijd,wo,ma,niet-EER,realisatie,0.0,0.0,0.0,0.0,0.0,0.0,0.0,0.0,Noord-Brabant
2612,21PN00,21PN,Tilburg University,Tilburg,2023,deeltijd,wo,ma,niet-EER,realisatie,0.0,0.0,0.0,0.0,0.0,0.0,0.0,0.0,Noord-Brabant
2613,21PN00,21PN,Tilburg University,Tilburg,2017,voltijd,wo,ba,EER,realisatie,735.0,363.0,328.0,204.0,203.0,358.0,203.0,174.0,Noord-Brabant
2614,21PN00,21PN,Tilburg University,Tilburg,2018,voltijd,wo,ba,EER,realisatie,1032.0,539.0,501.0,242.0,289.0,528.0,249.0,255.0,Noord-Brabant
2615,21PN00,21PN,Tilburg University,Tilburg,2019,voltijd,wo,ba,EER,realisatie,1441.0,712.0,671.0,378.0,392.0,700.0,379.0,362.0,Noord-Brabant
2616,21PN00,21PN,Tilburg University,Tilburg,2020,voltijd,wo,ba,EER,realisatie,1810.0,745.0,670.0,548.0,592.0,733.0,543.0,534.0,Noord-Brabant
2617,21PN00,21PN,Tilburg University,Tilburg,2021,voltijd,wo,ba,EER,realisatie,2199.0,954.0,893.0,519.0,787.0,938.0,526.0,735.0,Noord-Brabant
2618,21PN00,21PN,Tilburg University,Tilburg,2022,voltijd,wo,ba,EER,realisatie,2459.0,935.0,882.0,718.0,859.0,922.0,710.0,827.0,Noord-Brabant
2619,21PN00,21PN,Tilburg University,Tilburg,2023,voltijd,wo,ba,EER,realisatie,2552.0,799.0,739.0,732.0,1081.0,774.0,745.0,1033.0,Noord-Brabant
2620,21PN00,21PN,Tilburg University,Tilburg,2024,voltijd,wo,ba,EER,realisatie,2480.0,713.0,624.0,636.0,1220.0,682.0,638.0,1160.0,Noord-Brabant
2621,21PN00,21PN,Tilburg University,Tilburg,2017,voltijd,wo,ba,NL,realisatie,8081.0,3418.0,1650.0,1426.0,5005.0,3190.0,1767.0,3124.0,Noord-Brabant
2622,21PN00,21PN,Tilburg University,Tilburg,2018,voltijd,wo,ba,NL,realisatie,8782.0,3640.0,1640.0,1777.0,5365.0,3386.0,2114.0,3282.0,Noord-Brabant
2623,21PN00,21PN,Tilburg University,Tilburg,2019,voltijd,wo,ba,NL,realisatie,9601.0,3959.0,1728.0,1856.0,6017.0,3717.0,2202.0,3682.0,Noord-Brabant
2624,21PN00,21PN,Tilburg University,Tilburg,2020,voltijd,wo,ba,NL,realisatie,10425.0,4296.0,2152.0,1867.0,6406.0,4053.0,2351.0,4021.0,Noord-Brabant
2625,21PN00,21PN,Tilburg University,Tilburg,2021,voltijd,wo,ba,NL,realisatie,10452.0,3801.0,1646.0,2228.0,6578.0,3580.0,2558.0,4314.0,Noord-Brabant
2626,21PN00,21PN,Tilburg University,Tilburg,2022,voltijd,wo,ba,NL,realisatie,9972.0,3238.0,1518.0,1779.0,6675.0,3020.0,2134.0,4818.0,Noord-Brabant
2627,21PN00,21PN,Tilburg University,Tilburg,2023,voltijd,wo,ba,NL,realisatie,9520.0,2981.0,1368.0,1674.0,6478.0,2755.0,2114.0,4651.0,Noord-Brabant
2628,21PN00,21PN,Tilburg University,Tilburg,2024,voltijd,wo,ba,NL,realisatie,9038.0,2976.0,1530.0,1492.0,6016.0,2792.0,1827.0,4419.0,Noord-Brabant
2629,21PN00,21PN,Tilburg University,Tilburg,2017,voltijd,wo,ba,niet-EER,realisatie,276.0,133.0,101.0,76.0,99.0,123.0,76.0,77.0,Noord-Brabant
2630,21PN00,21PN,Tilburg University,Tilburg,2018,voltijd,wo,ba,niet-EER,realisatie,312.0,155.0,136.0,59.0,117.0,150.0,66.0,96.0,Noord-Brabant
2631,21PN00,21PN,Tilburg University,Tilburg,2019,voltijd,wo,ba,niet-EER,realisatie,419.0,245.0,226.0,95.0,98.0,239.0,95.0,85.0,Noord-Brabant
2632,21PN00,21PN,Tilburg University,Tilburg,2020,voltijd,wo,ba,niet-EER,realisatie,555.0,278.0,235.0,149.0,171.0,270.0,154.0,131.0,Noord-Brabant
2633,21PN00,21PN,Tilburg University,Tilburg,2021,voltijd,wo,ba,niet-EER,realisatie,613.0,271.0,238.0,159.0,216.0,264.0,160.0,189.0,Noord-Brabant
2634,21PN00,21PN,Tilburg University,Tilburg,2022,voltijd,wo,ba,niet-EER,realisatie,693.0,305.0,276.0,159.0,258.0,296.0,163.0,234.0,Noord-Brabant
2635,21PN00,21PN,Tilburg University,Tilburg,2023,voltijd,wo,ba,niet-EER,realisatie,812.0,384.0,352.0,184.0,276.0,374.0,176.0,262.0,Noord-Brabant
2636,21PN00,21PN,Tilburg University,Tilburg,2024,voltijd,wo,ba,niet-EER,realisatie,823.0,330.0,289.0,218.0,316.0,322.0,217.0,284.0,Noord-Brabant
2637,21PN00,21PN,Tilburg University,Tilburg,2017,voltijd,wo,ma,EER,realisatie,594.0,388.0,306.0,127.0,161.0,385.0,135.0,74.0,Noord-Brabant
2638,21PN00,21PN,Tilburg University,Tilburg,2018,voltijd,wo,ma,EER,realisatie,678.0,419.0,308.0,160.0,210.0,416.0,164.0,98.0,Noord-Brabant
2639,21PN00,21PN,Tilburg University,Tilburg,2019,voltijd,wo,ma,EER,realisatie,731.0,473.0,334.0,181.0,216.0,466.0,168.0,97.0,Noord-Brabant
2640,21PN00,21PN,Tilburg University,Tilburg,2020,voltijd,wo,ma,EER,realisatie,812.0,535.0,360.0,159.0,293.0,527.0,172.0,113.0,Noord-Brabant
2641,21PN00,21PN,Tilburg University,Tilburg,2021,voltijd,wo,ma,EER,realisatie,872.0,571.0,366.0,191.0,315.0,565.0,195.0,112.0,Noord-Brabant
2642,21PN00,21PN,Tilburg University,Tilburg,2022,voltijd,wo,ma,EER,realisatie,827.0,475.0,249.0,192.0,386.0,468.0,230.0,129.0,Noord-Brabant
2643,21PN00,21PN,Tilburg University,Tilburg,2023,voltijd,wo,ma,EER,realisatie,833.0,506.0,267.0,132.0,434.0,497.0,196.0,140.0,Noord-Brabant
2644,21PN00,21PN,Tilburg University,Tilburg,2024,voltijd,wo,ma,EER,realisatie,899.0,539.0,261.0,147.0,491.0,529.0,207.0,163.0,Noord-Brabant
2645,21PN00,21PN,Tilburg University,Tilburg,2017,voltijd,wo,ma,NL,realisatie,3962.0,2402.0,18.0,22.0,3922.0,2357.0,1002.0,603.0,Noord-Brabant
2646,21PN00,21PN,Tilburg University,Tilburg,2018,voltijd,wo,ma,NL,realisatie,4275.0,2471.0,22.0,35.0,4218.0,2433.0,1215.0,627.0,Noord-Brabant
2647,21PN00,21PN,Tilburg University,Tilburg,2019,voltijd,wo,ma,NL,realisatie,4465.0,2617.0,15.0,33.0,4417.0,2568.0,1193.0,704.0,Noord-Brabant
2648,21PN00,21PN,Tilburg University,Tilburg,2020,voltijd,wo,ma,NL,realisatie,5017.0,3130.0,20.0,25.0,4972.0,3075.0,1241.0,701.0,Noord-Brabant
2649,21PN00,21PN,Tilburg University,Tilburg,2021,voltijd,wo,ma,NL,realisatie,5366.0,3232.0,18.0,28.0,5320.0,3184.0,1491.0,691.0,Noord-Brabant
2650,21PN00,21PN,Tilburg University,Tilburg,2022,voltijd,wo,ma,NL,realisatie,5239.0,2827.0,15.0,32.0,5192.0,2772.0,1615.0,852.0,Noord-Brabant
2651,21PN00,21PN,Tilburg University,Tilburg,2023,voltijd,wo,ma,NL,realisatie,4914.0,2656.0,16.0,15.0,4883.0,2585.0,1468.0,861.0,Noord-Brabant
2652,21PN00,21PN,Tilburg University,Tilburg,2024,voltijd,wo,ma,NL,realisatie,4952.0,2923.0,23.0,18.0,4911.0,2841.0,1375.0,736.0,Noord-Brabant
2653,21PN00,21PN,Tilburg University,Tilburg,2017,voltijd,wo,ma,niet-EER,realisatie,379.0,283.0,230.0,89.0,60.0,277.0,79.0,23.0,Noord-Brabant
2654,21PN00,21PN,Tilburg University,Tilburg,2018,voltijd,wo,ma,niet-EER,realisatie,386.0,283.0,225.0,90.0,71.0,270.0,83.0,33.0,Noord-Brabant
2655,21PN00,21PN,Tilburg University,Tilburg,2019,voltijd,wo,ma,niet-EER,realisatie,403.0,310.0,248.0,89.0,66.0,303.0,75.0,25.0,Noord-Brabant
2656,21PN00,21PN,Tilburg University,Tilburg,2020,voltijd,wo,ma,niet-EER,realisatie,425.0,304.0,212.0,140.0,73.0,296.0,103.0,26.0,Noord-Brabant
2657,21PN00,21PN,Tilburg University,Tilburg,2021,voltijd,wo,ma,niet-EER,realisatie,473.0,352.0,253.0,115.0,105.0,340.0,99.0,34.0,Noord-Brabant
2658,21PN00,21PN,Tilburg University,Tilburg,2022,voltijd,wo,ma,niet-EER,realisatie,459.0,334.0,223.0,110.0,126.0,326.0,96.0,37.0,Noord-Brabant
2659,21PN00,21PN,Tilburg University,Tilburg,2023,voltijd,wo,ma,niet-EER,realisatie,528.0,385.0,260.0,122.0,146.0,377.0,107.0,44.0,Noord-Brabant
2660,21PN00,21PN,Tilburg University,Tilburg,2024,voltijd,wo,ma,niet-EER,realisatie,587.0,451.0,259.0,172.0,156.0,444.0,98.0,45.0,Noord-Brabant
2661,21PN02,21PN,Tilburg University,Utrecht,2023,deeltijd,wo,ba,EER,realisatie,0.0,0.0,0.0,0.0,0.0,0.0,0.0,0.0,Utrecht
2662,21PN02,21PN,Tilburg University,Utrecht,2017,deeltijd,wo,ba,NL,realisatie,31.0,9.0,0.0,0.0,28.0,7.0,8.0,16.0,Utrecht
2663,21PN02,21PN,Tilburg University,Utrecht,2018,deeltijd,wo,ba,NL,realisatie,37.0,12.0,0.0,0.0,35.0,11.0,6.0,20.0,Utrecht
2664,21PN02,21PN,Tilburg University,Utrecht,2019,deeltijd,wo,ba,NL,realisatie,34.0,10.0,0.0,0.0,33.0,8.0,8.0,18.0,Utrecht
2665,21PN02,21PN,Tilburg University,Utrecht,2020,deeltijd,wo,ba,NL,realisatie,27.0,7.0,0.0,0.0,23.0,6.0,0.0,16.0,Utrecht
2666,21PN02,21PN,Tilburg University,Utrecht,2021,deeltijd,wo,ba,NL,realisatie,24.0,9.0,0.0,0.0,18.0,0.0,6.0,13.0,Utrecht
2667,21PN02,21PN,Tilburg University,Utrecht,2022,deeltijd,wo,ba,NL,realisatie,23.0,6.0,0.0,0.0,20.0,0.0,0.0,13.0,Utrecht
2668,21PN02,21PN,Tilburg University,Utrecht,2023,deeltijd,wo,ba,NL,realisatie,22.0,7.0,0.0,0.0,19.0,0.0,0.0,15.0,Utrecht
2669,21PN02,21PN,Tilburg University,Utrecht,2024,deeltijd,wo,ba,NL,realisatie,16.0,0.0,0.0,0.0,16.0,0.0,0.0,13.0,Utrecht
2670,21PN02,21PN,Tilburg University,Utrecht,2017,deeltijd,wo,ba,niet-EER,realisatie,0.0,0.0,0.0,0.0,0.0,0.0,0.0,0.0,Utrecht
2671,21PN02,21PN,Tilburg University,Utrecht,2018,deeltijd,wo,ba,niet-EER,realisatie,0.0,0.0,0.0,0.0,0.0,0.0,0.0,0.0,Utrecht
2672,21PN02,21PN,Tilburg University,Utrecht,2019,deeltijd,wo,ba,niet-EER,realisatie,0.0,0.0,0.0,0.0,0.0,0.0,0.0,0.0,Utrecht
2673,21PN02,21PN,Tilburg University,Utrecht,2020,deeltijd,wo,ba,niet-EER,realisatie,0.0,0.0,0.0,0.0,0.0,0.0,0.0,0.0,Utrecht
2674,21PN02,21PN,Tilburg University,Utrecht,2024,deeltijd,wo,ba,niet-EER,realisatie,0.0,0.0,0.0,0.0,0.0,0.0,0.0,0.0,Utrecht
2675,21PN02,21PN,Tilburg University,Utrecht,2017,deeltijd,wo,ma,EER,realisatie,0.0,0.0,0.0,0.0,0.0,0.0,0.0,0.0,Utrecht
2676,21PN02,21PN,Tilburg University,Utrecht,2023,deeltijd,wo,ma,EER,realisatie,0.0,0.0,0.0,0.0,0.0,0.0,0.0,0.0,Utrecht
2677,21PN02,21PN,Tilburg University,Utrecht,2017,deeltijd,wo,ma,NL,realisatie,13.0,8.0,0.0,0.0,12.0,0.0,0.0,6.0,Utrecht
2678,21PN02,21PN,Tilburg University,Utrecht,2018,deeltijd,wo,ma,NL,realisatie,12.0,0.0,0.0,0.0,12.0,0.0,0.0,7.0,Utrecht
2679,21PN02,21PN,Tilburg University,Utrecht,2019,deeltijd,wo,ma,NL,realisatie,14.0,0.0,0.0,0.0,14.0,0.0,0.0,10.0,Utrecht
2680,21PN02,21PN,Tilburg University,Utrecht,2020,deeltijd,wo,ma,NL,realisatie,16.0,0.0,0.0,0.0,15.0,0.0,0.0,12.0,Utrecht
2681,21PN02,21PN,Tilburg University,Utrecht,2021,deeltijd,wo,ma,NL,realisatie,16.0,6.0,0.0,0.0,16.0,0.0,0.0,10.0,Utrecht
2682,21PN02,21PN,Tilburg University,Utrecht,2022,deeltijd,wo,ma,NL,realisatie,20.0,0.0,0.0,0.0,20.0,0.0,0.0,13.0,Utrecht
2683,21PN02,21PN,Tilburg University,Utrecht,2023,deeltijd,wo,ma,NL,realisatie,20.0,0.0,0.0,0.0,20.0,0.0,0.0,14.0,Utrecht
2684,21PN02,21PN,Tilburg University,Utrecht,2024,deeltijd,wo,ma,NL,realisatie,20.0,0.0,0.0,0.0,20.0,0.0,0.0,16.0,Utrecht
2685,21PN02,21PN,Tilburg University,Utrecht,2021,deeltijd,wo,ma,niet-EER,realisatie,0.0,0.0,0.0,0.0,0.0,0.0,0.0,0.0,Utrecht
2686,21PN02,21PN,Tilburg University,Utrecht,2022,deeltijd,wo,ma,niet-EER,realisatie,0.0,0.0,0.0,0.0,0.0,0.0,0.0,0.0,Utrecht
2687,21PN02,21PN,Tilburg University,Utrecht,2023,deeltijd,wo,ma,niet-EER,realisatie,0.0,0.0,0.0,0.0,0.0,0.0,0.0,0.0,Utrecht
2688,21PN02,21PN,Tilburg University,Utrecht,2024,deeltijd,wo,ma,niet-EER,realisatie,0.0,0.0,0.0,0.0,0.0,0.0,0.0,0.0,Utrecht
2689,21PN02,21PN,Tilburg University,Utrecht,2020,voltijd,wo,ba,EER,realisatie,0.0,0.0,0.0,0.0,0.0,0.0,0.0,0.0,Utrecht
2690,21PN02,21PN,Tilburg University,Utrecht,2021,voltijd,wo,ba,EER,realisatie,0.0,0.0,0.0,0.0,0.0,0.0,0.0,0.0,Utrecht
2691,21PN02,21PN,Tilburg University,Utrecht,2024,voltijd,wo,ba,EER,realisatie,0.0,0.0,0.0,0.0,0.0,0.0,0.0,0.0,Utrecht
2692,21PN02,21PN,Tilburg University,Utrecht,2017,voltijd,wo,ba,NL,realisatie,19.0,0.0,0.0,0.0,14.0,0.0,0.0,13.0,Utrecht
2693,21PN02,21PN,Tilburg University,Utrecht,2018,voltijd,wo,ba,NL,realisatie,20.0,6.0,0.0,0.0,13.0,0.0,0.0,11.0,Utrecht
2694,21PN02,21PN,Tilburg University,Utrecht,2019,voltijd,wo,ba,NL,realisatie,24.0,9.0,0.0,0.0,20.0,7.0,0.0,14.0,Utrecht
2695,21PN02,21PN,Tilburg University,Utrecht,2020,voltijd,wo,ba,NL,realisatie,17.0,6.0,0.0,0.0,14.0,0.0,0.0,8.0,Utrecht
2696,21PN02,21PN,Tilburg University,Utrecht,2021,voltijd,wo,ba,NL,realisatie,23.0,12.0,0.0,0.0,18.0,9.0,0.0,10.0,Utrecht
2697,21PN02,21PN,Tilburg University,Utrecht,2022,voltijd,wo,ba,NL,realisatie,25.0,7.0,0.0,0.0,20.0,0.0,6.0,14.0,Utrecht
2698,21PN02,21PN,Tilburg University,Utrecht,2023,voltijd,wo,ba,NL,realisatie,29.0,13.0,0.0,0.0,22.0,10.0,0.0,16.0,Utrecht
2699,21PN02,21PN,Tilburg University,Utrecht,2024,voltijd,wo,ba,NL,realisatie,19.0,0.0,0.0,0.0,14.0,0.0,6.0,9.0,Utrecht
2700,21PN02,21PN,Tilburg University,Utrecht,2020,voltijd,wo,ma,EER,realisatie,0.0,0.0,0.0,0.0,0.0,0.0,0.0,0.0,Utrecht
2701,21PN02,21PN,Tilburg University,Utrecht,2022,voltijd,wo,ma,EER,realisatie,0.0,0.0,0.0,0.0,0.0,0.0,0.0,0.0,Utrecht
2702,21PN02,21PN,Tilburg University,Utrecht,2024,voltijd,wo,ma,EER,realisatie,0.0,0.0,0.0,0.0,0.0,0.0,0.0,0.0,Utrecht
2703,21PN02,21PN,Tilburg University,Utrecht,2017,voltijd,wo,ma,NL,realisatie,26.0,0.0,0.0,0.0,25.0,0.0,10.0,12.0,Utrecht
2704,21PN02,21PN,Tilburg University,Utrecht,2018,voltijd,wo,ma,NL,realisatie,24.0,7.0,0.0,0.0,24.0,0.0,6.0,14.0,Utrecht
2705,21PN02,21PN,Tilburg University,Utrecht,2019,voltijd,wo,ma,NL,realisatie,23.0,6.0,0.0,0.0,23.0,0.0,0.0,14.0,Utrecht
2706,21PN02,21PN,Tilburg University,Utrecht,2020,voltijd,wo,ma,NL,realisatie,26.0,8.0,0.0,0.0,26.0,7.0,0.0,15.0,Utrecht
2707,21PN02,21PN,Tilburg University,Utrecht,2021,voltijd,wo,ma,NL,realisatie,24.0,8.0,0.0,0.0,24.0,7.0,6.0,11.0,Utrecht
2708,21PN02,21PN,Tilburg University,Utrecht,2022,voltijd,wo,ma,NL,realisatie,27.0,8.0,0.0,0.0,27.0,0.0,7.0,15.0,Utrecht
2709,21PN02,21PN,Tilburg University,Utrecht,2023,voltijd,wo,ma,NL,realisatie,23.0,7.0,0.0,0.0,23.0,0.0,6.0,12.0,Utrecht
2710,21PN02,21PN,Tilburg University,Utrecht,2024,voltijd,wo,ma,NL,realisatie,21.0,0.0,0.0,0.0,21.0,0.0,0.0,13.0,Utrecht
2711,21PN03,21PN,Tilburg University,'s-Hertogenbosch,2017,voltijd,wo,ma,EER,realisatie,6.0,0.0,0.0,0.0,0.0,0.0,0.0,0.0,Noord-Brabant
2712,21PN03,21PN,Tilburg University,'s-Hertogenbosch,2018,voltijd,wo,ma,EER,realisatie,11.0,7.0,0.0,0.0,0.0,7.0,0.0,0.0,Noord-Brabant
2713,21PN03,21PN,Tilburg University,'s-Hertogenbosch,2019,voltijd,wo,ma,EER,realisatie,11.0,7.0,0.0,0.0,0.0,7.0,0.0,0.0,Noord-Brabant
2714,21PN03,21PN,Tilburg University,'s-Hertogenbosch,2020,voltijd,wo,ma,EER,realisatie,8.0,0.0,0.0,0.0,0.0,0.0,0.0,0.0,Noord-Brabant
2715,21PN03,21PN,Tilburg University,'s-Hertogenbosch,2021,voltijd,wo,ma,EER,realisatie,8.0,0.0,0.0,0.0,0.0,0.0,0.0,0.0,Noord-Brabant
2716,21PN03,21PN,Tilburg University,'s-Hertogenbosch,2022,voltijd,wo,ma,EER,realisatie,14.0,10.0,0.0,0.0,7.0,10.0,0.0,0.0,Noord-Brabant
2717,21PN03,21PN,Tilburg University,'s-Hertogenbosch,2023,voltijd,wo,ma,EER,realisatie,28.0,9.0,0.0,6.0,17.0,9.0,14.0,0.0,Noord-Brabant
2718,21PN03,21PN,Tilburg University,'s-Hertogenbosch,2024,voltijd,wo,ma,EER,realisatie,30.0,10.0,0.0,0.0,22.0,9.0,10.0,11.0,Noord-Brabant
2719,21PN03,21PN,Tilburg University,'s-Hertogenbosch,2017,voltijd,wo,ma,NL,realisatie,24.0,16.0,0.0,0.0,21.0,16.0,0.0,0.0,Noord-Brabant
2720,21PN03,21PN,Tilburg University,'s-Hertogenbosch,2018,voltijd,wo,ma,NL,realisatie,61.0,34.0,0.0,0.0,59.0,34.0,19.0,8.0,Noord-Brabant
2721,21PN03,21PN,Tilburg University,'s-Hertogenbosch,2019,voltijd,wo,ma,NL,realisatie,69.0,34.0,0.0,0.0,67.0,34.0,32.0,0.0,Noord-Brabant
2722,21PN03,21PN,Tilburg University,'s-Hertogenbosch,2020,voltijd,wo,ma,NL,realisatie,56.0,14.0,0.0,0.0,55.0,14.0,37.0,0.0,Noord-Brabant
2723,21PN03,21PN,Tilburg University,'s-Hertogenbosch,2021,voltijd,wo,ma,NL,realisatie,43.0,16.0,0.0,0.0,40.0,14.0,17.0,12.0,Noord-Brabant
2724,21PN03,21PN,Tilburg University,'s-Hertogenbosch,2022,voltijd,wo,ma,NL,realisatie,47.0,20.0,0.0,0.0,44.0,20.0,22.0,0.0,Noord-Brabant
2725,21PN03,21PN,Tilburg University,'s-Hertogenbosch,2023,voltijd,wo,ma,NL,realisatie,126.0,40.0,0.0,0.0,125.0,40.0,53.0,33.0,Noord-Brabant
2726,21PN03,21PN,Tilburg University,'s-Hertogenbosch,2024,voltijd,wo,ma,NL,realisatie,140.0,61.0,0.0,0.0,138.0,60.0,43.0,37.0,Noord-Brabant
2727,21PN03,21PN,Tilburg University,'s-Hertogenbosch,2017,voltijd,wo,ma,niet-EER,realisatie,0.0,0.0,0.0,0.0,0.0,0.0,0.0,0.0,Noord-Brabant
2728,21PN03,21PN,Tilburg University,'s-Hertogenbosch,2018,voltijd,wo,ma,niet-EER,realisatie,6.0,0.0,0.0,0.0,0.0,0.0,0.0,0.0,Noord-Brabant
2729,21PN03,21PN,Tilburg University,'s-Hertogenbosch,2019,voltijd,wo,ma,niet-EER,realisatie,7.0,0.0,0.0,6.0,0.0,0.0,0.0,0.0,Noord-Brabant
2730,21PN03,21PN,Tilburg University,'s-Hertogenbosch,2020,voltijd,wo,ma,niet-EER,realisatie,6.0,0.0,0.0,0.0,0.0,0.0,0.0,0.0,Noord-Brabant
2731,21PN03,21PN,Tilburg University,'s-Hertogenbosch,2021,voltijd,wo,ma,niet-EER,realisatie,9.0,6.0,6.0,0.0,0.0,6.0,0.0,0.0,Noord-Brabant
2732,21PN03,21PN,Tilburg University,'s-Hertogenbosch,2022,voltijd,wo,ma,niet-EER,realisatie,13.0,7.0,6.0,6.0,0.0,7.0,6.0,0.0,Noord-Brabant
2733,21PN03,21PN,Tilburg University,'s-Hertogenbosch,2023,voltijd,wo,ma,niet-EER,realisatie,14.0,7.0,7.0,0.0,0.0,7.0,6.0,0.0,Noord-Brabant
2734,21PN03,21PN,Tilburg University,'s-Hertogenbosch,2024,voltijd,wo,ma,niet-EER,realisatie,25.0,17.0,12.0,7.0,6.0,17.0,7.0,0.0,Noord-Brabant
2735,21QA00,21QA,Amsterdamse Hogeschool voor de Kunsten,Amsterdam,2017,deeltijd,hbo,ba,EER,realisatie,0.0,0.0,0.0,0.0,0.0,0.0,0.0,0.0,Noord-Holland
2736,21QA00,21QA,Amsterdamse Hogeschool voor de Kunsten,Amsterdam,2018,deeltijd,hbo,ba,EER,realisatie,0.0,0.0,0.0,0.0,0.0,0.0,0.0,0.0,Noord-Holland
2737,21QA00,21QA,Amsterdamse Hogeschool voor de Kunsten,Amsterdam,2019,deeltijd,hbo,ba,EER,realisatie,0.0,0.0,0.0,0.0,0.0,0.0,0.0,0.0,Noord-Holland
2738,21QA00,21QA,Amsterdamse Hogeschool voor de Kunsten,Amsterdam,2020,deeltijd,hbo,ba,EER,realisatie,0.0,0.0,0.0,0.0,0.0,0.0,0.0,0.0,Noord-Holland
2739,21QA00,21QA,Amsterdamse Hogeschool voor de Kunsten,Amsterdam,2021,deeltijd,hbo,ba,EER,realisatie,6.0,0.0,0.0,0.0,6.0,0.0,0.0,0.0,Noord-Holland
2740,21QA00,21QA,Amsterdamse Hogeschool voor de Kunsten,Amsterdam,2022,deeltijd,hbo,ba,EER,realisatie,0.0,0.0,0.0,0.0,0.0,0.0,0.0,0.0,Noord-Holland
2741,21QA00,21QA,Amsterdamse Hogeschool voor de Kunsten,Amsterdam,2023,deeltijd,hbo,ba,EER,realisatie,0.0,0.0,0.0,0.0,0.0,0.0,0.0,0.0,Noord-Holland
2742,21QA00,21QA,Amsterdamse Hogeschool voor de Kunsten,Amsterdam,2024,deeltijd,hbo,ba,EER,realisatie,0.0,0.0,0.0,0.0,0.0,0.0,0.0,0.0,Noord-Holland
2743,21QA00,21QA,Amsterdamse Hogeschool voor de Kunsten,Amsterdam,2017,deeltijd,hbo,ba,NL,realisatie,40.0,20.0,0.0,0.0,38.0,0.0,0.0,38.0,Noord-Holland
2744,21QA00,21QA,Amsterdamse Hogeschool voor de Kunsten,Amsterdam,2018,deeltijd,hbo,ba,NL,realisatie,40.0,21.0,0.0,0.0,38.0,0.0,0.0,38.0,Noord-Holland
2745,21QA00,21QA,Amsterdamse Hogeschool voor de Kunsten,Amsterdam,2019,deeltijd,hbo,ba,NL,realisatie,41.0,21.0,0.0,0.0,40.0,0.0,0.0,40.0,Noord-Holland
2746,21QA00,21QA,Amsterdamse Hogeschool voor de Kunsten,Amsterdam,2020,deeltijd,hbo,ba,NL,realisatie,48.0,25.0,0.0,0.0,47.0,0.0,0.0,47.0,Noord-Holland
2747,21QA00,21QA,Amsterdamse Hogeschool voor de Kunsten,Amsterdam,2021,deeltijd,hbo,ba,NL,realisatie,60.0,30.0,0.0,0.0,58.0,0.0,0.0,58.0,Noord-Holland
2748,21QA00,21QA,Amsterdamse Hogeschool voor de Kunsten,Amsterdam,2022,deeltijd,hbo,ba,NL,realisatie,55.0,17.0,0.0,0.0,52.0,0.0,0.0,52.0,Noord-Holland
2749,21QA00,21QA,Amsterdamse Hogeschool voor de Kunsten,Amsterdam,2023,deeltijd,hbo,ba,NL,realisatie,57.0,32.0,0.0,0.0,51.0,0.0,0.0,50.0,Noord-Holland
2750,21QA00,21QA,Amsterdamse Hogeschool voor de Kunsten,Amsterdam,2024,deeltijd,hbo,ba,NL,realisatie,68.0,31.0,0.0,0.0,62.0,7.0,0.0,57.0,Noord-Holland
2751,21QA00,21QA,Amsterdamse Hogeschool voor de Kunsten,Amsterdam,2022,deeltijd,hbo,ba,niet-EER,realisatie,0.0,0.0,0.0,0.0,0.0,0.0,0.0,0.0,Noord-Holland
2752,21QA00,21QA,Amsterdamse Hogeschool voor de Kunsten,Amsterdam,2023,deeltijd,hbo,ba,niet-EER,realisatie,0.0,0.0,0.0,0.0,0.0,0.0,0.0,0.0,Noord-Holland
2753,21QA00,21QA,Amsterdamse Hogeschool voor de Kunsten,Amsterdam,2024,deeltijd,hbo,ba,niet-EER,realisatie,0.0,0.0,0.0,0.0,0.0,0.0,0.0,0.0,Noord-Holland
2754,21QA00,21QA,Amsterdamse Hogeschool voor de Kunsten,Amsterdam,2017,deeltijd,hbo,ma,EER,realisatie,61.0,17.0,14.0,18.0,29.0,15.0,19.0,27.0,Noord-Holland
2755,21QA00,21QA,Amsterdamse Hogeschool voor de Kunsten,Amsterdam,2018,deeltijd,hbo,ma,EER,realisatie,58.0,16.0,11.0,12.0,35.0,13.0,13.0,32.0,Noord-Holland
2756,21QA00,21QA,Amsterdamse Hogeschool voor de Kunsten,Amsterdam,2019,deeltijd,hbo,ma,EER,realisatie,69.0,22.0,16.0,11.0,42.0,18.0,13.0,38.0,Noord-Holland
2757,21QA00,21QA,Amsterdamse Hogeschool voor de Kunsten,Amsterdam,2020,deeltijd,hbo,ma,EER,realisatie,65.0,20.0,11.0,10.0,44.0,19.0,12.0,34.0,Noord-Holland
2758,21QA00,21QA,Amsterdamse Hogeschool voor de Kunsten,Amsterdam,2021,deeltijd,hbo,ma,EER,realisatie,71.0,22.0,14.0,10.0,47.0,17.0,17.0,37.0,Noord-Holland
2759,21QA00,21QA,Amsterdamse Hogeschool voor de Kunsten,Amsterdam,2022,deeltijd,hbo,ma,EER,realisatie,63.0,15.0,13.0,12.0,38.0,13.0,14.0,36.0,Noord-Holland
2760,21QA00,21QA,Amsterdamse Hogeschool voor de Kunsten,Amsterdam,2023,deeltijd,hbo,ma,EER,realisatie,60.0,17.0,6.0,11.0,43.0,10.0,11.0,39.0,Noord-Holland
2761,21QA00,21QA,Amsterdamse Hogeschool voor de Kunsten,Amsterdam,2024,deeltijd,hbo,ma,EER,realisatie,57.0,16.0,9.0,0.0,43.0,13.0,8.0,36.0,Noord-Holland
2762,21QA00,21QA,Amsterdamse Hogeschool voor de Kunsten,Amsterdam,2017,deeltijd,hbo,ma,NL,realisatie,224.0,70.0,0.0,0.0,220.0,62.0,41.0,121.0,Noord-Holland
2763,21QA00,21QA,Amsterdamse Hogeschool voor de Kunsten,Amsterdam,2018,deeltijd,hbo,ma,NL,realisatie,250.0,93.0,7.0,0.0,240.0,72.0,59.0,119.0,Noord-Holland
2764,21QA00,21QA,Amsterdamse Hogeschool voor de Kunsten,Amsterdam,2019,deeltijd,hbo,ma,NL,realisatie,259.0,71.0,0.0,6.0,249.0,57.0,60.0,142.0,Noord-Holland
2765,21QA00,21QA,Amsterdamse Hogeschool voor de Kunsten,Amsterdam,2020,deeltijd,hbo,ma,NL,realisatie,245.0,66.0,0.0,0.0,238.0,58.0,53.0,134.0,Noord-Holland
2766,21QA00,21QA,Amsterdamse Hogeschool voor de Kunsten,Amsterdam,2021,deeltijd,hbo,ma,NL,realisatie,268.0,83.0,0.0,0.0,261.0,73.0,50.0,145.0,Noord-Holland
2767,21QA00,21QA,Amsterdamse Hogeschool voor de Kunsten,Amsterdam,2022,deeltijd,hbo,ma,NL,realisatie,269.0,82.0,6.0,0.0,260.0,71.0,70.0,128.0,Noord-Holland
2768,21QA00,21QA,Amsterdamse Hogeschool voor de Kunsten,Amsterdam,2023,deeltijd,hbo,ma,NL,realisatie,281.0,84.0,0.0,0.0,274.0,76.0,62.0,143.0,Noord-Holland
2769,21QA00,21QA,Amsterdamse Hogeschool voor de Kunsten,Amsterdam,2024,deeltijd,hbo,ma,NL,realisatie,295.0,88.0,0.0,0.0,290.0,77.0,70.0,148.0,Noord-Holland
2770,21QA00,21QA,Amsterdamse Hogeschool voor de Kunsten,Amsterdam,2017,deeltijd,hbo,ma,niet-EER,realisatie,21.0,11.0,10.0,0.0,8.0,11.0,0.0,7.0,Noord-Holland
2771,21QA00,21QA,Amsterdamse Hogeschool voor de Kunsten,Amsterdam,2018,deeltijd,hbo,ma,niet-EER,realisatie,23.0,10.0,7.0,9.0,7.0,10.0,9.0,0.0,Noord-Holland
2772,21QA00,21QA,Amsterdamse Hogeschool voor de Kunsten,Amsterdam,2019,deeltijd,hbo,ma,niet-EER,realisatie,33.0,14.0,11.0,6.0,16.0,14.0,9.0,10.0,Noord-Holland
2773,21QA00,21QA,Amsterdamse Hogeschool voor de Kunsten,Amsterdam,2020,deeltijd,hbo,ma,niet-EER,realisatie,36.0,8.0,6.0,10.0,20.0,7.0,13.0,16.0,Noord-Holland
2774,21QA00,21QA,Amsterdamse Hogeschool voor de Kunsten,Amsterdam,2021,deeltijd,hbo,ma,niet-EER,realisatie,40.0,12.0,9.0,0.0,26.0,10.0,6.0,24.0,Noord-Holland
2775,21QA00,21QA,Amsterdamse Hogeschool voor de Kunsten,Amsterdam,2022,deeltijd,hbo,ma,niet-EER,realisatie,50.0,15.0,9.0,10.0,31.0,13.0,10.0,27.0,Noord-Holland
2776,21QA00,21QA,Amsterdamse Hogeschool voor de Kunsten,Amsterdam,2023,deeltijd,hbo,ma,niet-EER,realisatie,56.0,10.0,6.0,9.0,41.0,10.0,13.0,33.0,Noord-Holland
2777,21QA00,21QA,Amsterdamse Hogeschool voor de Kunsten,Amsterdam,2024,deeltijd,hbo,ma,niet-EER,realisatie,61.0,13.0,10.0,0.0,46.0,11.0,9.0,41.0,Noord-Holland
2778,21QA00,21QA,Amsterdamse Hogeschool voor de Kunsten,Amsterdam,2019,voltijd,hbo,ad,EER,realisatie,0.0,0.0,0.0,0.0,0.0,0.0,0.0,0.0,Noord-Holland
2779,21QA00,21QA,Amsterdamse Hogeschool voor de Kunsten,Amsterdam,2020,voltijd,hbo,ad,EER,realisatie,7.0,0.0,0.0,0.0,0.0,0.0,0.0,0.0,Noord-Holland
2780,21QA00,21QA,Amsterdamse Hogeschool voor de Kunsten,Amsterdam,2021,voltijd,hbo,ad,EER,realisatie,17.0,12.0,12.0,0.0,0.0,12.0,0.0,0.0,Noord-Holland
2781,21QA00,21QA,Amsterdamse Hogeschool voor de Kunsten,Amsterdam,2022,voltijd,hbo,ad,EER,realisatie,26.0,13.0,12.0,13.0,0.0,13.0,12.0,0.0,Noord-Holland
2782,21QA00,21QA,Amsterdamse Hogeschool voor de Kunsten,Amsterdam,2023,voltijd,hbo,ad,EER,realisatie,26.0,14.0,12.0,10.0,0.0,13.0,12.0,0.0,Noord-Holland
2783,21QA00,21QA,Amsterdamse Hogeschool voor de Kunsten,Amsterdam,2024,voltijd,hbo,ad,EER,realisatie,24.0,10.0,7.0,12.0,0.0,10.0,12.0,0.0,Noord-Holland
2784,21QA00,21QA,Amsterdamse Hogeschool voor de Kunsten,Amsterdam,2018,voltijd,hbo,ad,NL,realisatie,13.0,13.0,0.0,6.0,0.0,13.0,0.0,0.0,Noord-Holland
2785,21QA00,21QA,Amsterdamse Hogeschool voor de Kunsten,Amsterdam,2019,voltijd,hbo,ad,NL,realisatie,34.0,30.0,19.0,6.0,9.0,30.0,0.0,0.0,Noord-Holland
2786,21QA00,21QA,Amsterdamse Hogeschool voor de Kunsten,Amsterdam,2020,voltijd,hbo,ad,NL,realisatie,37.0,20.0,13.0,9.0,15.0,20.0,14.0,0.0,Noord-Holland
2787,21QA00,21QA,Amsterdamse Hogeschool voor de Kunsten,Amsterdam,2021,voltijd,hbo,ad,NL,realisatie,49.0,26.0,20.0,18.0,11.0,26.0,20.0,0.0,Noord-Holland
2788,21QA00,21QA,Amsterdamse Hogeschool voor de Kunsten,Amsterdam,2022,voltijd,hbo,ad,NL,realisatie,44.0,19.0,15.0,17.0,12.0,19.0,23.0,0.0,Noord-Holland
2789,21QA00,21QA,Amsterdamse Hogeschool voor de Kunsten,Amsterdam,2023,voltijd,hbo,ad,NL,realisatie,41.0,23.0,15.0,19.0,7.0,22.0,18.0,0.0,Noord-Holland
2790,21QA00,21QA,Amsterdamse Hogeschool voor de Kunsten,Amsterdam,2024,voltijd,hbo,ad,NL,realisatie,45.0,22.0,16.0,16.0,13.0,22.0,18.0,0.0,Noord-Holland
2791,21QA00,21QA,Amsterdamse Hogeschool voor de Kunsten,Amsterdam,2019,voltijd,hbo,ad,niet-EER,realisatie,0.0,0.0,0.0,0.0,0.0,0.0,0.0,0.0,Noord-Holland
2792,21QA00,21QA,Amsterdamse Hogeschool voor de Kunsten,Amsterdam,2020,voltijd,hbo,ad,niet-EER,realisatie,16.0,16.0,16.0,0.0,0.0,16.0,0.0,0.0,Noord-Holland
2793,21QA00,21QA,Amsterdamse Hogeschool voor de Kunsten,Amsterdam,2021,voltijd,hbo,ad,niet-EER,realisatie,26.0,10.0,10.0,16.0,0.0,10.0,16.0,0.0,Noord-Holland
2794,21QA00,21QA,Amsterdamse Hogeschool voor de Kunsten,Amsterdam,2022,voltijd,hbo,ad,niet-EER,realisatie,25.0,14.0,14.0,9.0,0.0,14.0,9.0,0.0,Noord-Holland
2795,21QA00,21QA,Amsterdamse Hogeschool voor de Kunsten,Amsterdam,2023,voltijd,hbo,ad,niet-EER,realisatie,24.0,11.0,11.0,12.0,0.0,11.0,12.0,0.0,Noord-Holland
2796,21QA00,21QA,Amsterdamse Hogeschool voor de Kunsten,Amsterdam,2024,voltijd,hbo,ad,niet-EER,realisatie,24.0,13.0,12.0,9.0,0.0,13.0,9.0,0.0,Noord-Holland
2797,21QA00,21QA,Amsterdamse Hogeschool voor de Kunsten,Amsterdam,2017,voltijd,hbo,ba,EER,realisatie,402.0,128.0,123.0,97.0,182.0,125.0,98.0,179.0,Noord-Holland
2798,21QA00,21QA,Amsterdamse Hogeschool voor de Kunsten,Amsterdam,2018,voltijd,hbo,ba,EER,realisatie,399.0,106.0,102.0,108.0,189.0,102.0,110.0,187.0,Noord-Holland
2799,21QA00,21QA,Amsterdamse Hogeschool voor de Kunsten,Amsterdam,2019,voltijd,hbo,ba,EER,realisatie,400.0,112.0,105.0,92.0,203.0,109.0,90.0,201.0,Noord-Holland
2800,21QA00,21QA,Amsterdamse Hogeschool voor de Kunsten,Amsterdam,2020,voltijd,hbo,ba,EER,realisatie,408.0,125.0,121.0,93.0,194.0,121.0,95.0,192.0,Noord-Holland
2801,21QA00,21QA,Amsterdamse Hogeschool voor de Kunsten,Amsterdam,2021,voltijd,hbo,ba,EER,realisatie,411.0,126.0,120.0,109.0,182.0,121.0,108.0,182.0,Noord-Holland
2802,21QA00,21QA,Amsterdamse Hogeschool voor de Kunsten,Amsterdam,2022,voltijd,hbo,ba,EER,realisatie,418.0,104.0,99.0,117.0,202.0,102.0,117.0,199.0,Noord-Holland
2803,21QA00,21QA,Amsterdamse Hogeschool voor de Kunsten,Amsterdam,2023,voltijd,hbo,ba,EER,realisatie,445.0,117.0,105.0,95.0,245.0,106.0,97.0,242.0,Noord-Holland
2804,21QA00,21QA,Amsterdamse Hogeschool voor de Kunsten,Amsterdam,2024,voltijd,hbo,ba,EER,realisatie,457.0,115.0,110.0,94.0,253.0,111.0,95.0,251.0,Noord-Holland
2805,21QA00,21QA,Amsterdamse Hogeschool voor de Kunsten,Amsterdam,2017,voltijd,hbo,ba,NL,realisatie,1816.0,450.0,354.0,332.0,1130.0,368.0,357.0,1091.0,Noord-Holland
2806,21QA00,21QA,Amsterdamse Hogeschool voor de Kunsten,Amsterdam,2018,voltijd,hbo,ba,NL,realisatie,1788.0,425.0,323.0,347.0,1118.0,355.0,352.0,1081.0,Noord-Holland
2807,21QA00,21QA,Amsterdamse Hogeschool voor de Kunsten,Amsterdam,2019,voltijd,hbo,ba,NL,realisatie,1763.0,409.0,320.0,325.0,1118.0,348.0,347.0,1068.0,Noord-Holland
2808,21QA00,21QA,Amsterdamse Hogeschool voor de Kunsten,Amsterdam,2020,voltijd,hbo,ba,NL,realisatie,1826.0,412.0,314.0,356.0,1156.0,336.0,378.0,1112.0,Noord-Holland
2809,21QA00,21QA,Amsterdamse Hogeschool voor de Kunsten,Amsterdam,2021,voltijd,hbo,ba,NL,realisatie,1874.0,443.0,343.0,339.0,1192.0,371.0,362.0,1141.0,Noord-Holland
2810,21QA00,21QA,Amsterdamse Hogeschool voor de Kunsten,Amsterdam,2022,voltijd,hbo,ba,NL,realisatie,1831.0,407.0,310.0,332.0,1189.0,338.0,353.0,1140.0,Noord-Holland
2811,21QA00,21QA,Amsterdamse Hogeschool voor de Kunsten,Amsterdam,2023,voltijd,hbo,ba,NL,realisatie,1853.0,441.0,324.0,321.0,1208.0,363.0,343.0,1147.0,Noord-Holland
2812,21QA00,21QA,Amsterdamse Hogeschool voor de Kunsten,Amsterdam,2024,voltijd,hbo,ba,NL,realisatie,1813.0,452.0,320.0,305.0,1188.0,360.0,337.0,1116.0,Noord-Holland
2813,21QA00,21QA,Amsterdamse Hogeschool voor de Kunsten,Amsterdam,2017,voltijd,hbo,ba,niet-EER,realisatie,105.0,35.0,35.0,25.0,45.0,35.0,25.0,45.0,Noord-Holland
2814,21QA00,21QA,Amsterdamse Hogeschool voor de Kunsten,Amsterdam,2018,voltijd,hbo,ba,niet-EER,realisatie,116.0,41.0,40.0,31.0,45.0,40.0,31.0,45.0,Noord-Holland
2815,21QA00,21QA,Amsterdamse Hogeschool voor de Kunsten,Amsterdam,2019,voltijd,hbo,ba,niet-EER,realisatie,126.0,44.0,44.0,35.0,47.0,44.0,35.0,47.0,Noord-Holland
2816,21QA00,21QA,Amsterdamse Hogeschool voor de Kunsten,Amsterdam,2020,voltijd,hbo,ba,niet-EER,realisatie,133.0,37.0,35.0,41.0,57.0,36.0,40.0,57.0,Noord-Holland
2817,21QA00,21QA,Amsterdamse Hogeschool voor de Kunsten,Amsterdam,2021,voltijd,hbo,ba,niet-EER,realisatie,115.0,19.0,15.0,30.0,70.0,17.0,31.0,67.0,Noord-Holland
2818,21QA00,21QA,Amsterdamse Hogeschool voor de Kunsten,Amsterdam,2022,voltijd,hbo,ba,niet-EER,realisatie,118.0,37.0,32.0,15.0,71.0,34.0,17.0,67.0,Noord-Holland
2819,21QA00,21QA,Amsterdamse Hogeschool voor de Kunsten,Amsterdam,2023,voltijd,hbo,ba,niet-EER,realisatie,128.0,48.0,43.0,29.0,56.0,44.0,30.0,54.0,Noord-Holland
2820,21QA00,21QA,Amsterdamse Hogeschool voor de Kunsten,Amsterdam,2024,voltijd,hbo,ba,niet-EER,realisatie,118.0,29.0,27.0,38.0,53.0,29.0,37.0,52.0,Noord-Holland
2821,21QA00,21QA,Amsterdamse Hogeschool voor de Kunsten,Amsterdam,2017,voltijd,hbo,ma,EER,realisatie,160.0,93.0,59.0,43.0,58.0,92.0,59.0,9.0,Noord-Holland
2822,21QA00,21QA,Amsterdamse Hogeschool voor de Kunsten,Amsterdam,2018,voltijd,hbo,ma,EER,realisatie,188.0,89.0,54.0,59.0,75.0,86.0,91.0,11.0,Noord-Holland
2823,21QA00,21QA,Amsterdamse Hogeschool voor de Kunsten,Amsterdam,2019,voltijd,hbo,ma,EER,realisatie,175.0,79.0,45.0,51.0,79.0,74.0,82.0,19.0,Noord-Holland
2824,21QA00,21QA,Amsterdamse Hogeschool voor de Kunsten,Amsterdam,2020,voltijd,hbo,ma,EER,realisatie,186.0,94.0,61.0,40.0,85.0,94.0,68.0,24.0,Noord-Holland
2825,21QA00,21QA,Amsterdamse Hogeschool voor de Kunsten,Amsterdam,2021,voltijd,hbo,ma,EER,realisatie,193.0,97.0,44.0,52.0,97.0,94.0,84.0,15.0,Noord-Holland
2826,21QA00,21QA,Amsterdamse Hogeschool voor de Kunsten,Amsterdam,2022,voltijd,hbo,ma,EER,realisatie,192.0,89.0,58.0,35.0,99.0,86.0,84.0,22.0,Noord-Holland
2827,21QA00,21QA,Amsterdamse Hogeschool voor de Kunsten,Amsterdam,2023,voltijd,hbo,ma,EER,realisatie,201.0,99.0,56.0,52.0,93.0,94.0,80.0,27.0,Noord-Holland
2828,21QA00,21QA,Amsterdamse Hogeschool voor de Kunsten,Amsterdam,2024,voltijd,hbo,ma,EER,realisatie,211.0,95.0,51.0,58.0,102.0,91.0,88.0,32.0,Noord-Holland
2829,21QA00,21QA,Amsterdamse Hogeschool voor de Kunsten,Amsterdam,2017,voltijd,hbo,ma,NL,realisatie,78.0,40.0,0.0,0.0,75.0,35.0,34.0,9.0,Noord-Holland
2830,21QA00,21QA,Amsterdamse Hogeschool voor de Kunsten,Amsterdam,2018,voltijd,hbo,ma,NL,realisatie,74.0,29.0,0.0,0.0,73.0,27.0,33.0,14.0,Noord-Holland
2831,21QA00,21QA,Amsterdamse Hogeschool voor de Kunsten,Amsterdam,2019,voltijd,hbo,ma,NL,realisatie,67.0,33.0,0.0,0.0,67.0,32.0,24.0,11.0,Noord-Holland
2832,21QA00,21QA,Amsterdamse Hogeschool voor de Kunsten,Amsterdam,2020,voltijd,hbo,ma,NL,realisatie,75.0,37.0,0.0,0.0,70.0,34.0,32.0,9.0,Noord-Holland
2833,21QA00,21QA,Amsterdamse Hogeschool voor de Kunsten,Amsterdam,2021,voltijd,hbo,ma,NL,realisatie,77.0,40.0,0.0,0.0,72.0,35.0,32.0,10.0,Noord-Holland
2834,21QA00,21QA,Amsterdamse Hogeschool voor de Kunsten,Amsterdam,2022,voltijd,hbo,ma,NL,realisatie,89.0,40.0,0.0,0.0,85.0,38.0,36.0,15.0,Noord-Holland
2835,21QA00,21QA,Amsterdamse Hogeschool voor de Kunsten,Amsterdam,2023,voltijd,hbo,ma,NL,realisatie,91.0,44.0,0.0,0.0,87.0,43.0,34.0,14.0,Noord-Holland
2836,21QA00,21QA,Amsterdamse Hogeschool voor de Kunsten,Amsterdam,2024,voltijd,hbo,ma,NL,realisatie,76.0,27.0,0.0,0.0,72.0,24.0,38.0,14.0,Noord-Holland
2837,21QA00,21QA,Amsterdamse Hogeschool voor de Kunsten,Amsterdam,2017,voltijd,hbo,ma,niet-EER,realisatie,74.0,32.0,27.0,28.0,19.0,31.0,35.0,8.0,Noord-Holland
2838,21QA00,21QA,Amsterdamse Hogeschool voor de Kunsten,Amsterdam,2018,voltijd,hbo,ma,niet-EER,realisatie,66.0,30.0,24.0,27.0,15.0,30.0,30.0,6.0,Noord-Holland
2839,21QA00,21QA,Amsterdamse Hogeschool voor de Kunsten,Amsterdam,2019,voltijd,hbo,ma,niet-EER,realisatie,74.0,40.0,23.0,21.0,30.0,37.0,26.0,11.0,Noord-Holland
2840,21QA00,21QA,Amsterdamse Hogeschool voor de Kunsten,Amsterdam,2020,voltijd,hbo,ma,niet-EER,realisatie,87.0,45.0,36.0,24.0,27.0,45.0,37.0,0.0,Noord-Holland
2841,21QA00,21QA,Amsterdamse Hogeschool voor de Kunsten,Amsterdam,2021,voltijd,hbo,ma,niet-EER,realisatie,84.0,40.0,32.0,31.0,21.0,40.0,39.0,0.0,Noord-Holland
2842,21QA00,21QA,Amsterdamse Hogeschool voor de Kunsten,Amsterdam,2022,voltijd,hbo,ma,niet-EER,realisatie,84.0,44.0,31.0,26.0,27.0,44.0,33.0,7.0,Noord-Holland
2843,21QA00,21QA,Amsterdamse Hogeschool voor de Kunsten,Amsterdam,2023,voltijd,hbo,ma,niet-EER,realisatie,89.0,46.0,31.0,27.0,31.0,43.0,39.0,7.0,Noord-Holland
2844,21QA00,21QA,Amsterdamse Hogeschool voor de Kunsten,Amsterdam,2024,voltijd,hbo,ma,niet-EER,realisatie,103.0,58.0,40.0,27.0,36.0,55.0,37.0,11.0,Noord-Holland
2845,21QO00,21QO,Theologische Universiteit Apeldoorn,Apeldoorn,2021,deeltijd,wo,ma,NL,realisatie,17.0,17.0,0.0,0.0,12.0,14.0,0.0,0.0,Gelderland
2846,21QO00,21QO,Theologische Universiteit Apeldoorn,Apeldoorn,2022,deeltijd,wo,ma,NL,realisatie,23.0,7.0,0.0,0.0,18.0,7.0,12.0,0.0,Gelderland
2847,21QO00,21QO,Theologische Universiteit Apeldoorn,Apeldoorn,2023,deeltijd,wo,ma,NL,realisatie,26.0,11.0,0.0,0.0,21.0,7.0,7.0,12.0,Gelderland
2848,21QO00,21QO,Theologische Universiteit Apeldoorn,Apeldoorn,2024,deeltijd,wo,ma,NL,realisatie,35.0,16.0,0.0,0.0,31.0,11.0,9.0,15.0,Gelderland
2849,21QO00,21QO,Theologische Universiteit Apeldoorn,Apeldoorn,2017,voltijd,wo,ba,NL,realisatie,61.0,19.0,8.0,8.0,45.0,17.0,9.0,35.0,Gelderland
2850,21QO00,21QO,Theologische Universiteit Apeldoorn,Apeldoorn,2018,voltijd,wo,ba,NL,realisatie,64.0,19.0,8.0,12.0,44.0,15.0,19.0,30.0,Gelderland
2851,21QO00,21QO,Theologische Universiteit Apeldoorn,Apeldoorn,2019,voltijd,wo,ba,NL,realisatie,64.0,17.0,6.0,11.0,47.0,15.0,15.0,34.0,Gelderland
2852,21QO00,21QO,Theologische Universiteit Apeldoorn,Apeldoorn,2020,voltijd,wo,ba,NL,realisatie,54.0,13.0,0.0,9.0,40.0,10.0,13.0,31.0,Gelderland
2853,21QO00,21QO,Theologische Universiteit Apeldoorn,Apeldoorn,2021,voltijd,wo,ba,NL,realisatie,59.0,13.0,7.0,7.0,45.0,10.0,10.0,39.0,Gelderland
2854,21QO00,21QO,Theologische Universiteit Apeldoorn,Apeldoorn,2022,voltijd,wo,ba,NL,realisatie,55.0,12.0,0.0,11.0,39.0,9.0,13.0,33.0,Gelderland
2855,21QO00,21QO,Theologische Universiteit Apeldoorn,Apeldoorn,2023,voltijd,wo,ba,NL,realisatie,59.0,13.0,0.0,12.0,45.0,10.0,10.0,39.0,Gelderland
2856,21QO00,21QO,Theologische Universiteit Apeldoorn,Apeldoorn,2024,voltijd,wo,ba,NL,realisatie,95.0,43.0,20.0,11.0,64.0,34.0,16.0,45.0,Gelderland
2857,21QO00,21QO,Theologische Universiteit Apeldoorn,Apeldoorn,2024,voltijd,wo,ma,EER,realisatie,0.0,0.0,0.0,0.0,0.0,0.0,0.0,0.0,Gelderland
2858,21QO00,21QO,Theologische Universiteit Apeldoorn,Apeldoorn,2017,voltijd,wo,ma,NL,realisatie,33.0,12.0,0.0,0.0,33.0,10.0,6.0,17.0,Gelderland
2859,21QO00,21QO,Theologische Universiteit Apeldoorn,Apeldoorn,2018,voltijd,wo,ma,NL,realisatie,31.0,8.0,0.0,0.0,29.0,8.0,9.0,14.0,Gelderland
2860,21QO00,21QO,Theologische Universiteit Apeldoorn,Apeldoorn,2019,voltijd,wo,ma,NL,realisatie,24.0,0.0,0.0,0.0,23.0,0.0,7.0,14.0,Gelderland
2861,21QO00,21QO,Theologische Universiteit Apeldoorn,Apeldoorn,2020,voltijd,wo,ma,NL,realisatie,23.0,7.0,0.0,0.0,23.0,0.0,0.0,15.0,Gelderland
2862,21QO00,21QO,Theologische Universiteit Apeldoorn,Apeldoorn,2021,voltijd,wo,ma,NL,realisatie,21.0,0.0,0.0,0.0,21.0,0.0,0.0,12.0,Gelderland
2863,21QO00,21QO,Theologische Universiteit Apeldoorn,Apeldoorn,2022,voltijd,wo,ma,NL,realisatie,22.0,7.0,0.0,0.0,22.0,7.0,0.0,11.0,Gelderland
2864,21QO00,21QO,Theologische Universiteit Apeldoorn,Apeldoorn,2023,voltijd,wo,ma,NL,realisatie,23.0,7.0,0.0,0.0,23.0,0.0,6.0,13.0,Gelderland
2865,21QO00,21QO,Theologische Universiteit Apeldoorn,Apeldoorn,2024,voltijd,wo,ma,NL,realisatie,20.0,0.0,0.0,0.0,20.0,0.0,0.0,16.0,Gelderland
2866,21RI00,21RI,Hogeschool Leiden,Leiden,2017,deeltijd,hbo,ad,NL,realisatie,0.0,0.0,0.0,0.0,0.0,0.0,0.0,0.0,Zuid-Holland
2867,21RI00,21RI,Hogeschool Leiden,Leiden,2018,deeltijd,hbo,ad,NL,realisatie,0.0,0.0,0.0,0.0,0.0,0.0,0.0,0.0,Zuid-Holland
2868,21RI00,21RI,Hogeschool Leiden,Leiden,2019,deeltijd,hbo,ad,NL,realisatie,0.0,0.0,0.0,0.0,0.0,0.0,0.0,0.0,Zuid-Holland
2869,21RI00,21RI,Hogeschool Leiden,Leiden,2017,deeltijd,hbo,ba,EER,realisatie,0.0,0.0,0.0,0.0,0.0,0.0,0.0,0.0,Zuid-Holland
2870,21RI00,21RI,Hogeschool Leiden,Leiden,2018,deeltijd,hbo,ba,EER,realisatie,6.0,0.0,0.0,0.0,0.0,0.0,0.0,0.0,Zuid-Holland
2871,21RI00,21RI,Hogeschool Leiden,Leiden,2019,deeltijd,hbo,ba,EER,realisatie,9.0,0.0,0.0,0.0,0.0,0.0,0.0,0.0,Zuid-Holland
2872,21RI00,21RI,Hogeschool Leiden,Leiden,2020,deeltijd,hbo,ba,EER,realisatie,6.0,0.0,0.0,0.0,0.0,0.0,0.0,0.0,Zuid-Holland
2873,21RI00,21RI,Hogeschool Leiden,Leiden,2021,deeltijd,hbo,ba,EER,realisatie,8.0,0.0,0.0,0.0,0.0,0.0,0.0,0.0,Zuid-Holland
2874,21RI00,21RI,Hogeschool Leiden,Leiden,2022,deeltijd,hbo,ba,EER,realisatie,15.0,8.0,0.0,0.0,8.0,0.0,0.0,8.0,Zuid-Holland
2875,21RI00,21RI,Hogeschool Leiden,Leiden,2023,deeltijd,hbo,ba,EER,realisatie,15.0,0.0,0.0,0.0,11.0,0.0,0.0,10.0,Zuid-Holland
2876,21RI00,21RI,Hogeschool Leiden,Leiden,2024,deeltijd,hbo,ba,EER,realisatie,15.0,0.0,0.0,0.0,10.0,0.0,0.0,9.0,Zuid-Holland
2877,21RI00,21RI,Hogeschool Leiden,Leiden,2017,deeltijd,hbo,ba,NL,realisatie,273.0,141.0,10.0,15.0,248.0,50.0,42.0,181.0,Zuid-Holland
2878,21RI00,21RI,Hogeschool Leiden,Leiden,2018,deeltijd,hbo,ba,NL,realisatie,312.0,158.0,23.0,16.0,273.0,61.0,49.0,202.0,Zuid-Holland
2879,21RI00,21RI,Hogeschool Leiden,Leiden,2019,deeltijd,hbo,ba,NL,realisatie,432.0,210.0,33.0,35.0,364.0,78.0,76.0,278.0,Zuid-Holland
2880,21RI00,21RI,Hogeschool Leiden,Leiden,2020,deeltijd,hbo,ba,NL,realisatie,580.0,278.0,52.0,53.0,475.0,95.0,94.0,391.0,Zuid-Holland
2881,21RI00,21RI,Hogeschool Leiden,Leiden,2021,deeltijd,hbo,ba,NL,realisatie,675.0,259.0,71.0,48.0,556.0,106.0,89.0,480.0,Zuid-Holland
2882,21RI00,21RI,Hogeschool Leiden,Leiden,2022,deeltijd,hbo,ba,NL,realisatie,740.0,263.0,73.0,79.0,588.0,106.0,111.0,523.0,Zuid-Holland
2883,21RI00,21RI,Hogeschool Leiden,Leiden,2023,deeltijd,hbo,ba,NL,realisatie,725.0,217.0,47.0,71.0,607.0,76.0,104.0,545.0,Zuid-Holland
2884,21RI00,21RI,Hogeschool Leiden,Leiden,2024,deeltijd,hbo,ba,NL,realisatie,665.0,194.0,70.0,56.0,539.0,99.0,81.0,485.0,Zuid-Holland
2885,21RI00,21RI,Hogeschool Leiden,Leiden,2017,deeltijd,hbo,ba,niet-EER,realisatie,0.0,0.0,0.0,0.0,0.0,0.0,0.0,0.0,Zuid-Holland
2886,21RI00,21RI,Hogeschool Leiden,Leiden,2020,deeltijd,hbo,ba,niet-EER,realisatie,0.0,0.0,0.0,0.0,0.0,0.0,0.0,0.0,Zuid-Holland
2887,21RI00,21RI,Hogeschool Leiden,Leiden,2021,deeltijd,hbo,ba,niet-EER,realisatie,0.0,0.0,0.0,0.0,0.0,0.0,0.0,0.0,Zuid-Holland
2888,21RI00,21RI,Hogeschool Leiden,Leiden,2022,deeltijd,hbo,ba,niet-EER,realisatie,0.0,0.0,0.0,0.0,0.0,0.0,0.0,0.0,Zuid-Holland
2889,21RI00,21RI,Hogeschool Leiden,Leiden,2023,deeltijd,hbo,ba,niet-EER,realisatie,0.0,0.0,0.0,0.0,0.0,0.0,0.0,0.0,Zuid-Holland
2890,21RI00,21RI,Hogeschool Leiden,Leiden,2024,deeltijd,hbo,ba,niet-EER,realisatie,0.0,0.0,0.0,0.0,0.0,0.0,0.0,0.0,Zuid-Holland
2891,21RI00,21RI,Hogeschool Leiden,Leiden,2019,deeltijd,hbo,ma,EER,realisatie,0.0,0.0,0.0,0.0,0.0,0.0,0.0,0.0,Zuid-Holland
2892,21RI00,21RI,Hogeschool Leiden,Leiden,2020,deeltijd,hbo,ma,EER,realisatie,0.0,0.0,0.0,0.0,0.0,0.0,0.0,0.0,Zuid-Holland
2893,21RI00,21RI,Hogeschool Leiden,Leiden,2023,deeltijd,hbo,ma,EER,realisatie,0.0,0.0,0.0,0.0,0.0,0.0,0.0,0.0,Zuid-Holland
2894,21RI00,21RI,Hogeschool Leiden,Leiden,2024,deeltijd,hbo,ma,EER,realisatie,0.0,0.0,0.0,0.0,0.0,0.0,0.0,0.0,Zuid-Holland
2895,21RI00,21RI,Hogeschool Leiden,Leiden,2017,deeltijd,hbo,ma,NL,realisatie,32.0,12.0,0.0,0.0,30.0,12.0,13.0,7.0,Zuid-Holland
2896,21RI00,21RI,Hogeschool Leiden,Leiden,2018,deeltijd,hbo,ma,NL,realisatie,33.0,17.0,0.0,0.0,32.0,16.0,11.0,6.0,Zuid-Holland
2897,21RI00,21RI,Hogeschool Leiden,Leiden,2019,deeltijd,hbo,ma,NL,realisatie,35.0,24.0,0.0,0.0,33.0,23.0,10.0,0.0,Zuid-Holland
2898,21RI00,21RI,Hogeschool Leiden,Leiden,2020,deeltijd,hbo,ma,NL,realisatie,41.0,19.0,0.0,0.0,39.0,19.0,17.0,0.0,Zuid-Holland
2899,21RI00,21RI,Hogeschool Leiden,Leiden,2021,deeltijd,hbo,ma,NL,realisatie,42.0,23.0,0.0,0.0,37.0,23.0,17.0,0.0,Zuid-Holland
2900,21RI00,21RI,Hogeschool Leiden,Leiden,2022,deeltijd,hbo,ma,NL,realisatie,33.0,14.0,0.0,0.0,31.0,14.0,18.0,0.0,Zuid-Holland
2901,21RI00,21RI,Hogeschool Leiden,Leiden,2023,deeltijd,hbo,ma,NL,realisatie,27.0,17.0,0.0,0.0,27.0,17.0,8.0,0.0,Zuid-Holland
2902,21RI00,21RI,Hogeschool Leiden,Leiden,2024,deeltijd,hbo,ma,NL,realisatie,17.0,7.0,0.0,0.0,16.0,7.0,8.0,0.0,Zuid-Holland
2903,21RI00,21RI,Hogeschool Leiden,Leiden,2018,voltijd,hbo,ad,EER,realisatie,0.0,0.0,0.0,0.0,0.0,0.0,0.0,0.0,Zuid-Holland
2904,21RI00,21RI,Hogeschool Leiden,Leiden,2020,voltijd,hbo,ad,EER,realisatie,0.0,0.0,0.0,0.0,0.0,0.0,0.0,0.0,Zuid-Holland
2905,21RI00,21RI,Hogeschool Leiden,Leiden,2017,voltijd,hbo,ad,NL,realisatie,67.0,41.0,19.0,14.0,34.0,40.0,22.0,0.0,Zuid-Holland
2906,21RI00,21RI,Hogeschool Leiden,Leiden,2018,voltijd,hbo,ad,NL,realisatie,45.0,40.0,15.0,0.0,26.0,40.0,0.0,0.0,Zuid-Holland
2907,21RI00,21RI,Hogeschool Leiden,Leiden,2019,voltijd,hbo,ad,NL,realisatie,84.0,65.0,26.0,16.0,42.0,61.0,19.0,0.0,Zuid-Holland
2908,21RI00,21RI,Hogeschool Leiden,Leiden,2020,voltijd,hbo,ad,NL,realisatie,80.0,56.0,34.0,13.0,33.0,53.0,18.0,9.0,Zuid-Holland
2909,21RI00,21RI,Hogeschool Leiden,Leiden,2021,voltijd,hbo,ad,NL,realisatie,75.0,50.0,26.0,10.0,39.0,49.0,13.0,13.0,Zuid-Holland
2910,21RI00,21RI,Hogeschool Leiden,Leiden,2022,voltijd,hbo,ad,NL,realisatie,92.0,65.0,29.0,14.0,49.0,64.0,13.0,15.0,Zuid-Holland
2911,21RI00,21RI,Hogeschool Leiden,Leiden,2023,voltijd,hbo,ad,NL,realisatie,98.0,64.0,34.0,12.0,52.0,62.0,14.0,22.0,Zuid-Holland
2912,21RI00,21RI,Hogeschool Leiden,Leiden,2024,voltijd,hbo,ad,NL,realisatie,92.0,60.0,32.0,15.0,45.0,58.0,21.0,13.0,Zuid-Holland
2913,21RI00,21RI,Hogeschool Leiden,Leiden,2017,voltijd,hbo,ba,EER,realisatie,76.0,24.0,23.0,17.0,36.0,24.0,16.0,36.0,Zuid-Holland
2914,21RI00,21RI,Hogeschool Leiden,Leiden,2018,voltijd,hbo,ba,EER,realisatie,83.0,28.0,26.0,16.0,41.0,26.0,17.0,40.0,Zuid-Holland
2915,21RI00,21RI,Hogeschool Leiden,Leiden,2019,voltijd,hbo,ba,EER,realisatie,82.0,24.0,22.0,18.0,42.0,23.0,17.0,42.0,Zuid-Holland
2916,21RI00,21RI,Hogeschool Leiden,Leiden,2020,voltijd,hbo,ba,EER,realisatie,73.0,24.0,19.0,13.0,41.0,21.0,14.0,38.0,Zuid-Holland
2917,21RI00,21RI,Hogeschool Leiden,Leiden,2021,voltijd,hbo,ba,EER,realisatie,62.0,19.0,14.0,14.0,34.0,17.0,13.0,32.0,Zuid-Holland
2918,21RI00,21RI,Hogeschool Leiden,Leiden,2022,voltijd,hbo,ba,EER,realisatie,74.0,33.0,32.0,11.0,31.0,32.0,14.0,28.0,Zuid-Holland
2919,21RI00,21RI,Hogeschool Leiden,Leiden,2023,voltijd,hbo,ba,EER,realisatie,87.0,29.0,25.0,29.0,33.0,28.0,27.0,32.0,Zuid-Holland
2920,21RI00,21RI,Hogeschool Leiden,Leiden,2024,voltijd,hbo,ba,EER,realisatie,98.0,35.0,30.0,19.0,49.0,32.0,21.0,45.0,Zuid-Holland
2921,21RI00,21RI,Hogeschool Leiden,Leiden,2017,voltijd,hbo,ba,NL,realisatie,9725.0,2679.0,2264.0,1994.0,5467.0,2360.0,2061.0,5304.0,Zuid-Holland
2922,21RI00,21RI,Hogeschool Leiden,Leiden,2018,voltijd,hbo,ba,NL,realisatie,10176.0,2960.0,2492.0,1986.0,5698.0,2604.0,2006.0,5566.0,Zuid-Holland
2923,21RI00,21RI,Hogeschool Leiden,Leiden,2019,voltijd,hbo,ba,NL,realisatie,10462.0,3063.0,2600.0,2098.0,5764.0,2714.0,2167.0,5581.0,Zuid-Holland
2924,21RI00,21RI,Hogeschool Leiden,Leiden,2020,voltijd,hbo,ba,NL,realisatie,11467.0,3571.0,3104.0,2346.0,6017.0,3216.0,2412.0,5839.0,Zuid-Holland
2925,21RI00,21RI,Hogeschool Leiden,Leiden,2021,voltijd,hbo,ba,NL,realisatie,11635.0,3017.0,2577.0,2671.0,6387.0,2696.0,2707.0,6232.0,Zuid-Holland
2926,21RI00,21RI,Hogeschool Leiden,Leiden,2022,voltijd,hbo,ba,NL,realisatie,11182.0,2752.0,2265.0,2163.0,6754.0,2392.0,2213.0,6577.0,Zuid-Holland
2927,21RI00,21RI,Hogeschool Leiden,Leiden,2023,voltijd,hbo,ba,NL,realisatie,10846.0,2806.0,2290.0,1939.0,6617.0,2413.0,2002.0,6431.0,Zuid-Holland
2928,21RI00,21RI,Hogeschool Leiden,Leiden,2024,voltijd,hbo,ba,NL,realisatie,10771.0,3016.0,2559.0,2008.0,6204.0,2689.0,2060.0,6022.0,Zuid-Holland
2929,21RI00,21RI,Hogeschool Leiden,Leiden,2017,voltijd,hbo,ba,niet-EER,realisatie,28.0,9.0,8.0,0.0,17.0,8.0,0.0,16.0,Zuid-Holland
2930,21RI00,21RI,Hogeschool Leiden,Leiden,2018,voltijd,hbo,ba,niet-EER,realisatie,28.0,11.0,10.0,0.0,13.0,10.0,0.0,13.0,Zuid-Holland
2931,21RI00,21RI,Hogeschool Leiden,Leiden,2019,voltijd,hbo,ba,niet-EER,realisatie,26.0,6.0,0.0,7.0,15.0,0.0,7.0,15.0,Zuid-Holland
2932,21RI00,21RI,Hogeschool Leiden,Leiden,2020,voltijd,hbo,ba,niet-EER,realisatie,33.0,10.0,10.0,7.0,16.0,10.0,7.0,16.0,Zuid-Holland
2933,21RI00,21RI,Hogeschool Leiden,Leiden,2021,voltijd,hbo,ba,niet-EER,realisatie,26.0,0.0,0.0,0.0,17.0,0.0,0.0,17.0,Zuid-Holland
2934,21RI00,21RI,Hogeschool Leiden,Leiden,2022,voltijd,hbo,ba,niet-EER,realisatie,34.0,15.0,10.0,0.0,21.0,10.0,0.0,21.0,Zuid-Holland
2935,21RI00,21RI,Hogeschool Leiden,Leiden,2023,voltijd,hbo,ba,niet-EER,realisatie,42.0,20.0,19.0,0.0,18.0,19.0,0.0,18.0,Zuid-Holland
2936,21RI00,21RI,Hogeschool Leiden,Leiden,2024,voltijd,hbo,ba,niet-EER,realisatie,50.0,24.0,21.0,10.0,19.0,21.0,10.0,19.0,Zuid-Holland
2937,21RI00,21RI,Hogeschool Leiden,Leiden,2018,voltijd,hbo,ma,EER,realisatie,0.0,0.0,0.0,0.0,0.0,0.0,0.0,0.0,Zuid-Holland
2938,21RI00,21RI,Hogeschool Leiden,Leiden,2019,voltijd,hbo,ma,EER,realisatie,0.0,0.0,0.0,0.0,0.0,0.0,0.0,0.0,Zuid-Holland
2939,21RI00,21RI,Hogeschool Leiden,Leiden,2020,voltijd,hbo,ma,EER,realisatie,0.0,0.0,0.0,0.0,0.0,0.0,0.0,0.0,Zuid-Holland
2940,21RI00,21RI,Hogeschool Leiden,Leiden,2021,voltijd,hbo,ma,EER,realisatie,0.0,0.0,0.0,0.0,0.0,0.0,0.0,0.0,Zuid-Holland
2941,21RI00,21RI,Hogeschool Leiden,Leiden,2022,voltijd,hbo,ma,EER,realisatie,0.0,0.0,0.0,0.0,0.0,0.0,0.0,0.0,Zuid-Holland
2942,21RI00,21RI,Hogeschool Leiden,Leiden,2023,voltijd,hbo,ma,EER,realisatie,0.0,0.0,0.0,0.0,0.0,0.0,0.0,0.0,Zuid-Holland
2943,21RI00,21RI,Hogeschool Leiden,Leiden,2024,voltijd,hbo,ma,EER,realisatie,0.0,0.0,0.0,0.0,0.0,0.0,0.0,0.0,Zuid-Holland
2944,21RI00,21RI,Hogeschool Leiden,Leiden,2017,voltijd,hbo,ma,NL,realisatie,86.0,39.0,0.0,8.0,75.0,39.0,34.0,13.0,Zuid-Holland
2945,21RI00,21RI,Hogeschool Leiden,Leiden,2018,voltijd,hbo,ma,NL,realisatie,86.0,39.0,0.0,0.0,77.0,38.0,36.0,12.0,Zuid-Holland
2946,21RI00,21RI,Hogeschool Leiden,Leiden,2019,voltijd,hbo,ma,NL,realisatie,98.0,49.0,6.0,6.0,86.0,48.0,37.0,13.0,Zuid-Holland
2947,21RI00,21RI,Hogeschool Leiden,Leiden,2020,voltijd,hbo,ma,NL,realisatie,95.0,40.0,0.0,7.0,86.0,38.0,45.0,12.0,Zuid-Holland
2948,21RI00,21RI,Hogeschool Leiden,Leiden,2021,voltijd,hbo,ma,NL,realisatie,82.0,39.0,0.0,0.0,77.0,39.0,31.0,12.0,Zuid-Holland
2949,21RI00,21RI,Hogeschool Leiden,Leiden,2022,voltijd,hbo,ma,NL,realisatie,89.0,40.0,0.0,0.0,83.0,39.0,35.0,15.0,Zuid-Holland
2950,21RI00,21RI,Hogeschool Leiden,Leiden,2023,voltijd,hbo,ma,NL,realisatie,95.0,45.0,7.0,0.0,85.0,40.0,37.0,18.0,Zuid-Holland
2951,21RI00,21RI,Hogeschool Leiden,Leiden,2024,voltijd,hbo,ma,NL,realisatie,93.0,41.0,0.0,8.0,80.0,39.0,36.0,18.0,Zuid-Holland
2952,21RI06,21RI,Hogeschool Leiden,'s-Gravenhage,2024,deeltijd,hbo,ma,EER,realisatie,0.0,0.0,0.0,0.0,0.0,0.0,0.0,0.0,Zuid-Holland
2953,21RI06,21RI,Hogeschool Leiden,'s-Gravenhage,2024,deeltijd,hbo,ma,NL,realisatie,0.0,0.0,0.0,0.0,0.0,0.0,0.0,0.0,Zuid-Holland
2954,21UG00,21UG,Hogeschool IPABO Amsterdam Alkmaar,Amsterdam,2018,deeltijd,hbo,ad,EER,realisatie,0.0,0.0,0.0,0.0,0.0,0.0,0.0,0.0,Noord-Holland
2955,21UG00,21UG,Hogeschool IPABO Amsterdam Alkmaar,Amsterdam,2022,deeltijd,hbo,ad,EER,realisatie,0.0,0.0,0.0,0.0,0.0,0.0,0.0,0.0,Noord-Holland
2956,21UG00,21UG,Hogeschool IPABO Amsterdam Alkmaar,Amsterdam,2023,deeltijd,hbo,ad,EER,realisatie,0.0,0.0,0.0,0.0,0.0,0.0,0.0,0.0,Noord-Holland
2957,21UG00,21UG,Hogeschool IPABO Amsterdam Alkmaar,Amsterdam,2024,deeltijd,hbo,ad,EER,realisatie,0.0,0.0,0.0,0.0,0.0,0.0,0.0,0.0,Noord-Holland
2958,21UG00,21UG,Hogeschool IPABO Amsterdam Alkmaar,Amsterdam,2017,deeltijd,hbo,ad,NL,realisatie,20.0,10.0,7.0,10.0,0.0,10.0,10.0,0.0,Noord-Holland
2959,21UG00,21UG,Hogeschool IPABO Amsterdam Alkmaar,Amsterdam,2018,deeltijd,hbo,ad,NL,realisatie,17.0,10.0,7.0,0.0,0.0,10.0,0.0,0.0,Noord-Holland
2960,21UG00,21UG,Hogeschool IPABO Amsterdam Alkmaar,Amsterdam,2019,deeltijd,hbo,ad,NL,realisatie,14.0,0.0,0.0,7.0,0.0,0.0,7.0,0.0,Noord-Holland
2961,21UG00,21UG,Hogeschool IPABO Amsterdam Alkmaar,Amsterdam,2020,deeltijd,hbo,ad,NL,realisatie,24.0,19.0,12.0,0.0,10.0,19.0,0.0,0.0,Noord-Holland
2962,21UG00,21UG,Hogeschool IPABO Amsterdam Alkmaar,Amsterdam,2021,deeltijd,hbo,ad,NL,realisatie,52.0,34.0,24.0,16.0,12.0,34.0,17.0,0.0,Noord-Holland
2963,21UG00,21UG,Hogeschool IPABO Amsterdam Alkmaar,Amsterdam,2022,deeltijd,hbo,ad,NL,realisatie,61.0,29.0,17.0,24.0,20.0,26.0,29.0,6.0,Noord-Holland
2964,21UG00,21UG,Hogeschool IPABO Amsterdam Alkmaar,Amsterdam,2023,deeltijd,hbo,ad,NL,realisatie,69.0,35.0,18.0,22.0,29.0,35.0,24.0,10.0,Noord-Holland
2965,21UG00,21UG,Hogeschool IPABO Amsterdam Alkmaar,Amsterdam,2024,deeltijd,hbo,ad,NL,realisatie,70.0,37.0,15.0,19.0,36.0,36.0,26.0,8.0,Noord-Holland
2966,21UG00,21UG,Hogeschool IPABO Amsterdam Alkmaar,Amsterdam,2024,deeltijd,hbo,ad,niet-EER,realisatie,0.0,0.0,0.0,0.0,0.0,0.0,0.0,0.0,Noord-Holland
2967,21UG00,21UG,Hogeschool IPABO Amsterdam Alkmaar,Amsterdam,2020,deeltijd,hbo,ba,EER,realisatie,0.0,0.0,0.0,0.0,0.0,0.0,0.0,0.0,Noord-Holland
2968,21UG00,21UG,Hogeschool IPABO Amsterdam Alkmaar,Amsterdam,2021,deeltijd,hbo,ba,EER,realisatie,0.0,0.0,0.0,0.0,0.0,0.0,0.0,0.0,Noord-Holland
2969,21UG00,21UG,Hogeschool IPABO Amsterdam Alkmaar,Amsterdam,2022,deeltijd,hbo,ba,EER,realisatie,0.0,0.0,0.0,0.0,0.0,0.0,0.0,0.0,Noord-Holland
2970,21UG00,21UG,Hogeschool IPABO Amsterdam Alkmaar,Amsterdam,2023,deeltijd,hbo,ba,EER,realisatie,6.0,0.0,0.0,0.0,0.0,0.0,0.0,0.0,Noord-Holland
2971,21UG00,21UG,Hogeschool IPABO Amsterdam Alkmaar,Amsterdam,2024,deeltijd,hbo,ba,EER,realisatie,8.0,0.0,0.0,0.0,0.0,0.0,0.0,0.0,Noord-Holland
2972,21UG00,21UG,Hogeschool IPABO Amsterdam Alkmaar,Amsterdam,2017,deeltijd,hbo,ba,NL,realisatie,159.0,63.0,13.0,9.0,137.0,22.0,16.0,121.0,Noord-Holland
2973,21UG00,21UG,Hogeschool IPABO Amsterdam Alkmaar,Amsterdam,2018,deeltijd,hbo,ba,NL,realisatie,178.0,66.0,18.0,20.0,140.0,24.0,30.0,124.0,Noord-Holland
2974,21UG00,21UG,Hogeschool IPABO Amsterdam Alkmaar,Amsterdam,2019,deeltijd,hbo,ba,NL,realisatie,183.0,72.0,24.0,24.0,135.0,36.0,30.0,117.0,Noord-Holland
2975,21UG00,21UG,Hogeschool IPABO Amsterdam Alkmaar,Amsterdam,2020,deeltijd,hbo,ba,NL,realisatie,257.0,114.0,31.0,37.0,189.0,39.0,50.0,168.0,Noord-Holland
2976,21UG00,21UG,Hogeschool IPABO Amsterdam Alkmaar,Amsterdam,2021,deeltijd,hbo,ba,NL,realisatie,260.0,82.0,31.0,29.0,200.0,41.0,33.0,186.0,Noord-Holland
2977,21UG00,21UG,Hogeschool IPABO Amsterdam Alkmaar,Amsterdam,2022,deeltijd,hbo,ba,NL,realisatie,248.0,69.0,23.0,32.0,193.0,25.0,44.0,179.0,Noord-Holland
2978,21UG00,21UG,Hogeschool IPABO Amsterdam Alkmaar,Amsterdam,2023,deeltijd,hbo,ba,NL,realisatie,238.0,66.0,28.0,21.0,189.0,29.0,22.0,187.0,Noord-Holland
2979,21UG00,21UG,Hogeschool IPABO Amsterdam Alkmaar,Amsterdam,2024,deeltijd,hbo,ba,NL,realisatie,202.0,58.0,29.0,18.0,155.0,32.0,22.0,148.0,Noord-Holland
2980,21UG00,21UG,Hogeschool IPABO Amsterdam Alkmaar,Amsterdam,2017,deeltijd,hbo,ba,niet-EER,realisatie,0.0,0.0,0.0,0.0,0.0,0.0,0.0,0.0,Noord-Holland
2981,21UG00,21UG,Hogeschool IPABO Amsterdam Alkmaar,Amsterdam,2018,deeltijd,hbo,ba,niet-EER,realisatie,0.0,0.0,0.0,0.0,0.0,0.0,0.0,0.0,Noord-Holland
2982,21UG00,21UG,Hogeschool IPABO Amsterdam Alkmaar,Amsterdam,2019,deeltijd,hbo,ba,niet-EER,realisatie,0.0,0.0,0.0,0.0,0.0,0.0,0.0,0.0,Noord-Holland
2983,21UG00,21UG,Hogeschool IPABO Amsterdam Alkmaar,Amsterdam,2020,deeltijd,hbo,ba,niet-EER,realisatie,0.0,0.0,0.0,0.0,0.0,0.0,0.0,0.0,Noord-Holland
2984,21UG00,21UG,Hogeschool IPABO Amsterdam Alkmaar,Amsterdam,2021,deeltijd,hbo,ba,niet-EER,realisatie,0.0,0.0,0.0,0.0,0.0,0.0,0.0,0.0,Noord-Holland
2985,21UG00,21UG,Hogeschool IPABO Amsterdam Alkmaar,Amsterdam,2022,deeltijd,hbo,ba,niet-EER,realisatie,0.0,0.0,0.0,0.0,0.0,0.0,0.0,0.0,Noord-Holland
2986,21UG00,21UG,Hogeschool IPABO Amsterdam Alkmaar,Amsterdam,2023,deeltijd,hbo,ba,niet-EER,realisatie,0.0,0.0,0.0,0.0,0.0,0.0,0.0,0.0,Noord-Holland
2987,21UG00,21UG,Hogeschool IPABO Amsterdam Alkmaar,Amsterdam,2024,deeltijd,hbo,ba,niet-EER,realisatie,0.0,0.0,0.0,0.0,0.0,0.0,0.0,0.0,Noord-Holland
2988,21UG00,21UG,Hogeschool IPABO Amsterdam Alkmaar,Amsterdam,2018,voltijd,hbo,ad,NL,realisatie,14.0,11.0,0.0,0.0,6.0,11.0,0.0,0.0,Noord-Holland
2989,21UG00,21UG,Hogeschool IPABO Amsterdam Alkmaar,Amsterdam,2019,voltijd,hbo,ad,NL,realisatie,32.0,26.0,20.0,9.0,0.0,26.0,6.0,0.0,Noord-Holland
2990,21UG00,21UG,Hogeschool IPABO Amsterdam Alkmaar,Amsterdam,2020,voltijd,hbo,ad,NL,realisatie,50.0,30.0,16.0,17.0,17.0,29.0,19.0,0.0,Noord-Holland
2991,21UG00,21UG,Hogeschool IPABO Amsterdam Alkmaar,Amsterdam,2021,voltijd,hbo,ad,NL,realisatie,55.0,22.0,13.0,18.0,24.0,21.0,26.0,8.0,Noord-Holland
2992,21UG00,21UG,Hogeschool IPABO Amsterdam Alkmaar,Amsterdam,2022,voltijd,hbo,ad,NL,realisatie,48.0,23.0,11.0,15.0,22.0,23.0,16.0,9.0,Noord-Holland
2993,21UG00,21UG,Hogeschool IPABO Amsterdam Alkmaar,Amsterdam,2023,voltijd,hbo,ad,NL,realisatie,54.0,26.0,14.0,10.0,30.0,26.0,18.0,10.0,Noord-Holland
2994,21UG00,21UG,Hogeschool IPABO Amsterdam Alkmaar,Amsterdam,2024,voltijd,hbo,ad,NL,realisatie,74.0,36.0,11.0,30.0,33.0,35.0,25.0,14.0,Noord-Holland
2995,21UG00,21UG,Hogeschool IPABO Amsterdam Alkmaar,Amsterdam,2017,voltijd,hbo,ba,EER,realisatie,0.0,0.0,0.0,0.0,0.0,0.0,0.0,0.0,Noord-Holland
2996,21UG00,21UG,Hogeschool IPABO Amsterdam Alkmaar,Amsterdam,2018,voltijd,hbo,ba,EER,realisatie,0.0,0.0,0.0,0.0,0.0,0.0,0.0,0.0,Noord-Holland
2997,21UG00,21UG,Hogeschool IPABO Amsterdam Alkmaar,Amsterdam,2019,voltijd,hbo,ba,EER,realisatie,0.0,0.0,0.0,0.0,0.0,0.0,0.0,0.0,Noord-Holland
2998,21UG00,21UG,Hogeschool IPABO Amsterdam Alkmaar,Amsterdam,2020,voltijd,hbo,ba,EER,realisatie,0.0,0.0,0.0,0.0,0.0,0.0,0.0,0.0,Noord-Holland
2999,21UG00,21UG,Hogeschool IPABO Amsterdam Alkmaar,Amsterdam,2021,voltijd,hbo,ba,EER,realisatie,0.0,0.0,0.0,0.0,0.0,0.0,0.0,0.0,Noord-Holland
3000,21UG00,21UG,Hogeschool IPABO Amsterdam Alkmaar,Amsterdam,2022,voltijd,hbo,ba,EER,realisatie,0.0,0.0,0.0,0.0,0.0,0.0,0.0,0.0,Noord-Holland
3001,21UG00,21UG,Hogeschool IPABO Amsterdam Alkmaar,Amsterdam,2023,voltijd,hbo,ba,EER,realisatie,0.0,0.0,0.0,0.0,0.0,0.0,0.0,0.0,Noord-Holland
3002,21UG00,21UG,Hogeschool IPABO Amsterdam Alkmaar,Amsterdam,2024,voltijd,hbo,ba,EER,realisatie,0.0,0.0,0.0,0.0,0.0,0.0,0.0,0.0,Noord-Holland
3003,21UG00,21UG,Hogeschool IPABO Amsterdam Alkmaar,Amsterdam,2017,voltijd,hbo,ba,NL,realisatie,342.0,102.0,90.0,79.0,173.0,94.0,79.0,169.0,Noord-Holland
3004,21UG00,21UG,Hogeschool IPABO Amsterdam Alkmaar,Amsterdam,2018,voltijd,hbo,ba,NL,realisatie,350.0,118.0,103.0,83.0,164.0,105.0,83.0,162.0,Noord-Holland
3005,21UG00,21UG,Hogeschool IPABO Amsterdam Alkmaar,Amsterdam,2019,voltijd,hbo,ba,NL,realisatie,382.0,115.0,98.0,106.0,178.0,100.0,107.0,175.0,Noord-Holland
3006,21UG00,21UG,Hogeschool IPABO Amsterdam Alkmaar,Amsterdam,2020,voltijd,hbo,ba,NL,realisatie,463.0,152.0,134.0,108.0,221.0,136.0,108.0,219.0,Noord-Holland
3007,21UG00,21UG,Hogeschool IPABO Amsterdam Alkmaar,Amsterdam,2021,voltijd,hbo,ba,NL,realisatie,447.0,110.0,98.0,116.0,233.0,102.0,114.0,231.0,Noord-Holland
3008,21UG00,21UG,Hogeschool IPABO Amsterdam Alkmaar,Amsterdam,2022,voltijd,hbo,ba,NL,realisatie,418.0,96.0,85.0,90.0,243.0,88.0,92.0,238.0,Noord-Holland
3009,21UG00,21UG,Hogeschool IPABO Amsterdam Alkmaar,Amsterdam,2023,voltijd,hbo,ba,NL,realisatie,412.0,81.0,69.0,83.0,260.0,73.0,85.0,254.0,Noord-Holland
3010,21UG00,21UG,Hogeschool IPABO Amsterdam Alkmaar,Amsterdam,2024,voltijd,hbo,ba,NL,realisatie,427.0,132.0,107.0,71.0,249.0,110.0,72.0,245.0,Noord-Holland
3011,21UG01,21UG,Hogeschool IPABO Amsterdam Alkmaar,Alkmaar,2017,deeltijd,hbo,ad,NL,realisatie,18.0,17.0,12.0,6.0,0.0,17.0,0.0,0.0,
3012,21UG01,21UG,Hogeschool IPABO Amsterdam Alkmaar,Alkmaar,2018,deeltijd,hbo,ad,NL,realisatie,30.0,13.0,10.0,13.0,7.0,13.0,17.0,0.0,
3013,21UG01,21UG,Hogeschool IPABO Amsterdam Alkmaar,Alkmaar,2019,deeltijd,hbo,ad,NL,realisatie,12.0,0.0,0.0,8.0,0.0,0.0,10.0,0.0,
3014,21UG01,21UG,Hogeschool IPABO Amsterdam Alkmaar,Alkmaar,2020,deeltijd,hbo,ad,NL,realisatie,43.0,41.0,26.0,8.0,9.0,40.0,0.0,0.0,
3015,21UG01,21UG,Hogeschool IPABO Amsterdam Alkmaar,Alkmaar,2021,deeltijd,hbo,ad,NL,realisatie,63.0,21.0,15.0,31.0,17.0,21.0,39.0,0.0,
3016,21UG01,21UG,Hogeschool IPABO Amsterdam Alkmaar,Alkmaar,2022,deeltijd,hbo,ad,NL,realisatie,65.0,43.0,30.0,16.0,19.0,41.0,20.0,0.0,
3017,21UG01,21UG,Hogeschool IPABO Amsterdam Alkmaar,Alkmaar,2023,deeltijd,hbo,ad,NL,realisatie,96.0,56.0,37.0,34.0,25.0,52.0,34.0,10.0,
3018,21UG01,21UG,Hogeschool IPABO Amsterdam Alkmaar,Alkmaar,2024,deeltijd,hbo,ad,NL,realisatie,90.0,36.0,18.0,40.0,32.0,36.0,46.0,8.0,
3019,21UG01,21UG,Hogeschool IPABO Amsterdam Alkmaar,Alkmaar,2017,voltijd,hbo,ba,EER,realisatie,0.0,0.0,0.0,0.0,0.0,0.0,0.0,0.0,
3020,21UG01,21UG,Hogeschool IPABO Amsterdam Alkmaar,Alkmaar,2019,voltijd,hbo,ba,EER,realisatie,0.0,0.0,0.0,0.0,0.0,0.0,0.0,0.0,
3021,21UG01,21UG,Hogeschool IPABO Amsterdam Alkmaar,Alkmaar,2017,voltijd,hbo,ba,NL,realisatie,366.0,106.0,95.0,70.0,201.0,96.0,69.0,201.0,
3022,21UG01,21UG,Hogeschool IPABO Amsterdam Alkmaar,Alkmaar,2018,voltijd,hbo,ba,NL,realisatie,339.0,99.0,95.0,79.0,165.0,95.0,80.0,164.0,
3023,21UG01,21UG,Hogeschool IPABO Amsterdam Alkmaar,Alkmaar,2019,voltijd,hbo,ba,NL,realisatie,347.0,105.0,97.0,90.0,160.0,99.0,88.0,160.0,
3024,21UG01,21UG,Hogeschool IPABO Amsterdam Alkmaar,Alkmaar,2020,voltijd,hbo,ba,NL,realisatie,371.0,97.0,90.0,87.0,194.0,91.0,88.0,192.0,
3025,21UG01,21UG,Hogeschool IPABO Amsterdam Alkmaar,Alkmaar,2021,voltijd,hbo,ba,NL,realisatie,382.0,103.0,98.0,93.0,191.0,98.0,93.0,191.0,
3026,21UG01,21UG,Hogeschool IPABO Amsterdam Alkmaar,Alkmaar,2022,voltijd,hbo,ba,NL,realisatie,370.0,93.0,86.0,88.0,196.0,87.0,88.0,195.0,
3027,21UG01,21UG,Hogeschool IPABO Amsterdam Alkmaar,Alkmaar,2023,voltijd,hbo,ba,NL,realisatie,390.0,112.0,101.0,76.0,213.0,103.0,77.0,210.0,
3028,21UG01,21UG,Hogeschool IPABO Amsterdam Alkmaar,Alkmaar,2024,voltijd,hbo,ba,NL,realisatie,353.0,88.0,83.0,75.0,195.0,84.0,75.0,194.0,
3029,21UG01,21UG,Hogeschool IPABO Amsterdam Alkmaar,Alkmaar,2017,voltijd,hbo,ba,niet-EER,realisatie,0.0,0.0,0.0,0.0,0.0,0.0,0.0,0.0,
3030,21UG01,21UG,Hogeschool IPABO Amsterdam Alkmaar,Alkmaar,2018,voltijd,hbo,ba,niet-EER,realisatie,0.0,0.0,0.0,0.0,0.0,0.0,0.0,0.0,
3031,21UG01,21UG,Hogeschool IPABO Amsterdam Alkmaar,Alkmaar,2020,voltijd,hbo,ba,niet-EER,realisatie,0.0,0.0,0.0,0.0,0.0,0.0,0.0,0.0,
3032,21UG01,21UG,Hogeschool IPABO Amsterdam Alkmaar,Alkmaar,2021,voltijd,hbo,ba,niet-EER,realisatie,0.0,0.0,0.0,0.0,0.0,0.0,0.0,0.0,
3033,21UG01,21UG,Hogeschool IPABO Amsterdam Alkmaar,Alkmaar,2022,voltijd,hbo,ba,niet-EER,realisatie,0.0,0.0,0.0,0.0,0.0,0.0,0.0,0.0,
3034,21UG01,21UG,Hogeschool IPABO Amsterdam Alkmaar,Alkmaar,2023,voltijd,hbo,ba,niet-EER,realisatie,0.0,0.0,0.0,0.0,0.0,0.0,0.0,0.0,
3035,21UI00,21UI,Breda University of Applied Sciences,Breda,2020,deeltijd,hbo,ma,EER,realisatie,0.0,0.0,0.0,0.0,0.0,0.0,0.0,0.0,Noord-Brabant
3036,21UI00,21UI,Breda University of Applied Sciences,Breda,2021,deeltijd,hbo,ma,EER,realisatie,8.0,0.0,0.0,0.0,0.0,0.0,0.0,0.0,Noord-Brabant
3037,21UI00,21UI,Breda University of Applied Sciences,Breda,2022,deeltijd,hbo,ma,EER,realisatie,13.0,10.0,7.0,0.0,0.0,10.0,0.0,0.0,Noord-Brabant
3038,21UI00,21UI,Breda University of Applied Sciences,Breda,2023,deeltijd,hbo,ma,EER,realisatie,12.0,0.0,0.0,0.0,0.0,0.0,7.0,0.0,Noord-Brabant
3039,21UI00,21UI,Breda University of Applied Sciences,Breda,2024,deeltijd,hbo,ma,EER,realisatie,18.0,12.0,9.0,0.0,7.0,12.0,0.0,0.0,Noord-Brabant
3040,21UI00,21UI,Breda University of Applied Sciences,Breda,2017,deeltijd,hbo,ma,NL,realisatie,25.0,12.0,0.0,0.0,22.0,12.0,9.0,0.0,Noord-Brabant
3041,21UI00,21UI,Breda University of Applied Sciences,Breda,2018,deeltijd,hbo,ma,NL,realisatie,22.0,8.0,0.0,0.0,20.0,6.0,6.0,10.0,Noord-Brabant
3042,21UI00,21UI,Breda University of Applied Sciences,Breda,2019,deeltijd,hbo,ma,NL,realisatie,19.0,9.0,0.0,0.0,18.0,9.0,0.0,8.0,Noord-Brabant
3043,21UI00,21UI,Breda University of Applied Sciences,Breda,2020,deeltijd,hbo,ma,NL,realisatie,34.0,24.0,0.0,0.0,31.0,23.0,0.0,8.0,Noord-Brabant
3044,21UI00,21UI,Breda University of Applied Sciences,Breda,2021,deeltijd,hbo,ma,NL,realisatie,41.0,20.0,0.0,0.0,35.0,20.0,15.0,6.0,Noord-Brabant
3045,21UI00,21UI,Breda University of Applied Sciences,Breda,2022,deeltijd,hbo,ma,NL,realisatie,44.0,19.0,0.0,6.0,37.0,19.0,17.0,8.0,Noord-Brabant
3046,21UI00,21UI,Breda University of Applied Sciences,Breda,2023,deeltijd,hbo,ma,NL,realisatie,37.0,11.0,0.0,0.0,37.0,11.0,15.0,11.0,Noord-Brabant
3047,21UI00,21UI,Breda University of Applied Sciences,Breda,2024,deeltijd,hbo,ma,NL,realisatie,37.0,19.0,0.0,0.0,33.0,18.0,6.0,13.0,Noord-Brabant
3048,21UI00,21UI,Breda University of Applied Sciences,Breda,2018,deeltijd,hbo,ma,niet-EER,realisatie,0.0,0.0,0.0,0.0,0.0,0.0,0.0,0.0,Noord-Brabant
3049,21UI00,21UI,Breda University of Applied Sciences,Breda,2020,deeltijd,hbo,ma,niet-EER,realisatie,0.0,0.0,0.0,0.0,0.0,0.0,0.0,0.0,Noord-Brabant
3050,21UI00,21UI,Breda University of Applied Sciences,Breda,2021,deeltijd,hbo,ma,niet-EER,realisatie,0.0,0.0,0.0,0.0,0.0,0.0,0.0,0.0,Noord-Brabant
3051,21UI00,21UI,Breda University of Applied Sciences,Breda,2022,deeltijd,hbo,ma,niet-EER,realisatie,0.0,0.0,0.0,0.0,0.0,0.0,0.0,0.0,Noord-Brabant
3052,21UI00,21UI,Breda University of Applied Sciences,Breda,2023,deeltijd,hbo,ma,niet-EER,realisatie,0.0,0.0,0.0,0.0,0.0,0.0,0.0,0.0,Noord-Brabant
3053,21UI00,21UI,Breda University of Applied Sciences,Breda,2024,deeltijd,hbo,ma,niet-EER,realisatie,0.0,0.0,0.0,0.0,0.0,0.0,0.0,0.0,Noord-Brabant
3054,21UI00,21UI,Breda University of Applied Sciences,Breda,2017,voltijd,hbo,ad,EER,realisatie,0.0,0.0,0.0,0.0,0.0,0.0,0.0,0.0,Noord-Brabant
3055,21UI00,21UI,Breda University of Applied Sciences,Breda,2020,voltijd,hbo,ad,EER,realisatie,0.0,0.0,0.0,0.0,0.0,0.0,0.0,0.0,Noord-Brabant
3056,21UI00,21UI,Breda University of Applied Sciences,Breda,2021,voltijd,hbo,ad,EER,realisatie,0.0,0.0,0.0,0.0,0.0,0.0,0.0,0.0,Noord-Brabant
3057,21UI00,21UI,Breda University of Applied Sciences,Breda,2022,voltijd,hbo,ad,EER,realisatie,0.0,0.0,0.0,0.0,0.0,0.0,0.0,0.0,Noord-Brabant
3058,21UI00,21UI,Breda University of Applied Sciences,Breda,2023,voltijd,hbo,ad,EER,realisatie,0.0,0.0,0.0,0.0,0.0,0.0,0.0,0.0,Noord-Brabant
3059,21UI00,21UI,Breda University of Applied Sciences,Breda,2024,voltijd,hbo,ad,EER,realisatie,0.0,0.0,0.0,0.0,0.0,0.0,0.0,0.0,Noord-Brabant
3060,21UI00,21UI,Breda University of Applied Sciences,Breda,2017,voltijd,hbo,ad,NL,realisatie,157.0,102.0,65.0,45.0,47.0,101.0,43.0,13.0,Noord-Brabant
3061,21UI00,21UI,Breda University of Applied Sciences,Breda,2018,voltijd,hbo,ad,NL,realisatie,170.0,112.0,68.0,62.0,40.0,109.0,45.0,16.0,Noord-Brabant
3062,21UI00,21UI,Breda University of Applied Sciences,Breda,2019,voltijd,hbo,ad,NL,realisatie,194.0,110.0,67.0,72.0,55.0,105.0,75.0,14.0,Noord-Brabant
3063,21UI00,21UI,Breda University of Applied Sciences,Breda,2020,voltijd,hbo,ad,NL,realisatie,230.0,125.0,92.0,74.0,64.0,124.0,90.0,16.0,Noord-Brabant
3064,21UI00,21UI,Breda University of Applied Sciences,Breda,2021,voltijd,hbo,ad,NL,realisatie,202.0,77.0,50.0,96.0,56.0,72.0,109.0,21.0,Noord-Brabant
3065,21UI00,21UI,Breda University of Applied Sciences,Breda,2022,voltijd,hbo,ad,NL,realisatie,219.0,98.0,63.0,59.0,97.0,96.0,62.0,61.0,Noord-Brabant
3066,21UI00,21UI,Breda University of Applied Sciences,Breda,2023,voltijd,hbo,ad,NL,realisatie,227.0,107.0,64.0,79.0,84.0,100.0,84.0,43.0,Noord-Brabant
3067,21UI00,21UI,Breda University of Applied Sciences,Breda,2024,voltijd,hbo,ad,NL,realisatie,209.0,107.0,72.0,51.0,86.0,105.0,66.0,38.0,Noord-Brabant
3068,21UI00,21UI,Breda University of Applied Sciences,Breda,2017,voltijd,hbo,ba,EER,realisatie,714.0,216.0,204.0,174.0,336.0,211.0,168.0,335.0,Noord-Brabant
3069,21UI00,21UI,Breda University of Applied Sciences,Breda,2018,voltijd,hbo,ba,EER,realisatie,734.0,208.0,198.0,154.0,382.0,202.0,158.0,374.0,Noord-Brabant
3070,21UI00,21UI,Breda University of Applied Sciences,Breda,2019,voltijd,hbo,ba,EER,realisatie,816.0,254.0,244.0,155.0,417.0,249.0,153.0,414.0,Noord-Brabant
3071,21UI00,21UI,Breda University of Applied Sciences,Breda,2020,voltijd,hbo,ba,EER,realisatie,846.0,257.0,243.0,200.0,403.0,247.0,203.0,396.0,Noord-Brabant
3072,21UI00,21UI,Breda University of Applied Sciences,Breda,2021,voltijd,hbo,ba,EER,realisatie,956.0,321.0,305.0,220.0,431.0,312.0,216.0,428.0,Noord-Brabant
3073,21UI00,21UI,Breda University of Applied Sciences,Breda,2022,voltijd,hbo,ba,EER,realisatie,1084.0,346.0,330.0,266.0,488.0,339.0,268.0,477.0,Noord-Brabant
3074,21UI00,21UI,Breda University of Applied Sciences,Breda,2023,voltijd,hbo,ba,EER,realisatie,1218.0,367.0,349.0,288.0,581.0,356.0,290.0,572.0,Noord-Brabant
3075,21UI00,21UI,Breda University of Applied Sciences,Breda,2024,voltijd,hbo,ba,EER,realisatie,1286.0,357.0,334.0,292.0,660.0,346.0,290.0,650.0,Noord-Brabant
3076,21UI00,21UI,Breda University of Applied Sciences,Breda,2017,voltijd,hbo,ba,NL,realisatie,6273.0,1409.0,1211.0,1169.0,3893.0,1269.0,1209.0,3795.0,Noord-Brabant
3077,21UI00,21UI,Breda University of Applied Sciences,Breda,2018,voltijd,hbo,ba,NL,realisatie,5943.0,1284.0,1097.0,1039.0,3807.0,1134.0,1085.0,3724.0,Noord-Brabant
3078,21UI00,21UI,Breda University of Applied Sciences,Breda,2019,voltijd,hbo,ba,NL,realisatie,5683.0,1297.0,1119.0,985.0,3579.0,1156.0,1002.0,3525.0,Noord-Brabant
3079,21UI00,21UI,Breda University of Applied Sciences,Breda,2020,voltijd,hbo,ba,NL,realisatie,5678.0,1427.0,1232.0,1111.0,3335.0,1282.0,1140.0,3256.0,Noord-Brabant
3080,21UI00,21UI,Breda University of Applied Sciences,Breda,2021,voltijd,hbo,ba,NL,realisatie,5230.0,1017.0,881.0,1175.0,3174.0,930.0,1214.0,3086.0,Noord-Brabant
3081,21UI00,21UI,Breda University of Applied Sciences,Breda,2022,voltijd,hbo,ba,NL,realisatie,5156.0,1162.0,992.0,912.0,3252.0,1067.0,927.0,3162.0,Noord-Brabant
3082,21UI00,21UI,Breda University of Applied Sciences,Breda,2023,voltijd,hbo,ba,NL,realisatie,4958.0,1199.0,1005.0,911.0,3042.0,1066.0,950.0,2942.0,Noord-Brabant
3083,21UI00,21UI,Breda University of Applied Sciences,Breda,2024,voltijd,hbo,ba,NL,realisatie,4724.0,1153.0,969.0,907.0,2848.0,1023.0,936.0,2765.0,Noord-Brabant
3084,21UI00,21UI,Breda University of Applied Sciences,Breda,2017,voltijd,hbo,ba,niet-EER,realisatie,115.0,41.0,37.0,32.0,46.0,37.0,32.0,46.0,Noord-Brabant
3085,21UI00,21UI,Breda University of Applied Sciences,Breda,2018,voltijd,hbo,ba,niet-EER,realisatie,112.0,33.0,31.0,23.0,58.0,31.0,23.0,58.0,Noord-Brabant
3086,21UI00,21UI,Breda University of Applied Sciences,Breda,2019,voltijd,hbo,ba,niet-EER,realisatie,114.0,30.0,28.0,25.0,61.0,29.0,25.0,60.0,Noord-Brabant
3087,21UI00,21UI,Breda University of Applied Sciences,Breda,2020,voltijd,hbo,ba,niet-EER,realisatie,120.0,41.0,37.0,23.0,60.0,38.0,23.0,59.0,Noord-Brabant
3088,21UI00,21UI,Breda University of Applied Sciences,Breda,2021,voltijd,hbo,ba,niet-EER,realisatie,125.0,37.0,33.0,30.0,62.0,34.0,30.0,61.0,Noord-Brabant
3089,21UI00,21UI,Breda University of Applied Sciences,Breda,2022,voltijd,hbo,ba,niet-EER,realisatie,151.0,54.0,48.0,35.0,68.0,53.0,31.0,67.0,Noord-Brabant
3090,21UI00,21UI,Breda University of Applied Sciences,Breda,2023,voltijd,hbo,ba,niet-EER,realisatie,189.0,83.0,82.0,37.0,70.0,83.0,40.0,66.0,Noord-Brabant
3091,21UI00,21UI,Breda University of Applied Sciences,Breda,2024,voltijd,hbo,ba,niet-EER,realisatie,218.0,80.0,74.0,62.0,82.0,76.0,62.0,80.0,Noord-Brabant
3092,21UI00,21UI,Breda University of Applied Sciences,Breda,2017,voltijd,hbo,ma,EER,realisatie,30.0,25.0,21.0,0.0,0.0,24.0,0.0,0.0,Noord-Brabant
3093,21UI00,21UI,Breda University of Applied Sciences,Breda,2018,voltijd,hbo,ma,EER,realisatie,38.0,27.0,18.0,12.0,8.0,27.0,9.0,0.0,Noord-Brabant
3094,21UI00,21UI,Breda University of Applied Sciences,Breda,2019,voltijd,hbo,ma,EER,realisatie,39.0,28.0,21.0,0.0,14.0,28.0,9.0,0.0,Noord-Brabant
3095,21UI00,21UI,Breda University of Applied Sciences,Breda,2020,voltijd,hbo,ma,EER,realisatie,42.0,33.0,24.0,6.0,12.0,33.0,6.0,0.0,Noord-Brabant
3096,21UI00,21UI,Breda University of Applied Sciences,Breda,2021,voltijd,hbo,ma,EER,realisatie,49.0,41.0,30.0,0.0,16.0,41.0,0.0,0.0,Noord-Brabant
3097,21UI00,21UI,Breda University of Applied Sciences,Breda,2022,voltijd,hbo,ma,EER,realisatie,46.0,37.0,27.0,0.0,17.0,36.0,0.0,6.0,Noord-Brabant
3098,21UI00,21UI,Breda University of Applied Sciences,Breda,2023,voltijd,hbo,ma,EER,realisatie,61.0,46.0,33.0,11.0,17.0,46.0,10.0,0.0,Noord-Brabant
3099,21UI00,21UI,Breda University of Applied Sciences,Breda,2024,voltijd,hbo,ma,EER,realisatie,59.0,41.0,27.0,8.0,24.0,41.0,11.0,7.0,Noord-Brabant
3100,21UI00,21UI,Breda University of Applied Sciences,Breda,2017,voltijd,hbo,ma,NL,realisatie,49.0,34.0,0.0,0.0,45.0,34.0,11.0,0.0,Noord-Brabant
3101,21UI00,21UI,Breda University of Applied Sciences,Breda,2018,voltijd,hbo,ma,NL,realisatie,54.0,33.0,0.0,0.0,48.0,33.0,17.0,0.0,Noord-Brabant
3102,21UI00,21UI,Breda University of Applied Sciences,Breda,2019,voltijd,hbo,ma,NL,realisatie,57.0,39.0,0.0,0.0,47.0,39.0,11.0,7.0,Noord-Brabant
3103,21UI00,21UI,Breda University of Applied Sciences,Breda,2020,voltijd,hbo,ma,NL,realisatie,76.0,58.0,0.0,0.0,73.0,57.0,11.0,8.0,Noord-Brabant
3104,21UI00,21UI,Breda University of Applied Sciences,Breda,2021,voltijd,hbo,ma,NL,realisatie,93.0,71.0,0.0,0.0,88.0,71.0,14.0,8.0,Noord-Brabant
3105,21UI00,21UI,Breda University of Applied Sciences,Breda,2022,voltijd,hbo,ma,NL,realisatie,78.0,57.0,0.0,0.0,72.0,57.0,16.0,0.0,Noord-Brabant
3106,21UI00,21UI,Breda University of Applied Sciences,Breda,2023,voltijd,hbo,ma,NL,realisatie,84.0,59.0,0.0,0.0,79.0,59.0,17.0,8.0,Noord-Brabant
3107,21UI00,21UI,Breda University of Applied Sciences,Breda,2024,voltijd,hbo,ma,NL,realisatie,84.0,67.0,0.0,0.0,80.0,66.0,9.0,9.0,Noord-Brabant
3108,21UI00,21UI,Breda University of Applied Sciences,Breda,2017,voltijd,hbo,ma,niet-EER,realisatie,12.0,12.0,10.0,0.0,0.0,12.0,0.0,0.0,Noord-Brabant
3109,21UI00,21UI,Breda University of Applied Sciences,Breda,2018,voltijd,hbo,ma,niet-EER,realisatie,22.0,15.0,12.0,7.0,0.0,15.0,7.0,0.0,Noord-Brabant
3110,21UI00,21UI,Breda University of Applied Sciences,Breda,2019,voltijd,hbo,ma,niet-EER,realisatie,21.0,11.0,9.0,0.0,7.0,11.0,7.0,0.0,Noord-Brabant
3111,21UI00,21UI,Breda University of Applied Sciences,Breda,2020,voltijd,hbo,ma,niet-EER,realisatie,15.0,11.0,6.0,0.0,8.0,11.0,0.0,0.0,Noord-Brabant
3112,21UI00,21UI,Breda University of Applied Sciences,Breda,2021,voltijd,hbo,ma,niet-EER,realisatie,14.0,10.0,7.0,0.0,0.0,10.0,0.0,0.0,Noord-Brabant
3113,21UI00,21UI,Breda University of Applied Sciences,Breda,2022,voltijd,hbo,ma,niet-EER,realisatie,26.0,20.0,18.0,0.0,0.0,20.0,0.0,0.0,Noord-Brabant
3114,21UI00,21UI,Breda University of Applied Sciences,Breda,2023,voltijd,hbo,ma,niet-EER,realisatie,33.0,24.0,18.0,7.0,8.0,23.0,6.0,0.0,Noord-Brabant
3115,21UI00,21UI,Breda University of Applied Sciences,Breda,2024,voltijd,hbo,ma,niet-EER,realisatie,25.0,16.0,14.0,7.0,0.0,16.0,7.0,0.0,Noord-Brabant
3116,21UI00,21UI,Breda University of Applied Sciences,Breda,2017,voltijd,wo,ba,EER,realisatie,0.0,0.0,0.0,0.0,0.0,0.0,0.0,0.0,Noord-Brabant
3117,21UI00,21UI,Breda University of Applied Sciences,Breda,2018,voltijd,wo,ba,EER,realisatie,6.0,0.0,0.0,0.0,0.0,0.0,0.0,0.0,Noord-Brabant
3118,21UI00,21UI,Breda University of Applied Sciences,Breda,2019,voltijd,wo,ba,EER,realisatie,6.0,0.0,0.0,0.0,0.0,0.0,0.0,0.0,Noord-Brabant
3119,21UI00,21UI,Breda University of Applied Sciences,Breda,2020,voltijd,wo,ba,EER,realisatie,0.0,0.0,0.0,0.0,0.0,0.0,0.0,0.0,Noord-Brabant
3120,21UI00,21UI,Breda University of Applied Sciences,Breda,2021,voltijd,wo,ba,EER,realisatie,7.0,0.0,0.0,0.0,0.0,0.0,0.0,0.0,Noord-Brabant
3121,21UI00,21UI,Breda University of Applied Sciences,Breda,2022,voltijd,wo,ba,EER,realisatie,10.0,6.0,0.0,0.0,0.0,6.0,0.0,0.0,Noord-Brabant
3122,21UI00,21UI,Breda University of Applied Sciences,Breda,2023,voltijd,wo,ba,EER,realisatie,7.0,0.0,0.0,0.0,0.0,0.0,0.0,0.0,Noord-Brabant
3123,21UI00,21UI,Breda University of Applied Sciences,Breda,2024,voltijd,wo,ba,EER,realisatie,11.0,9.0,8.0,0.0,0.0,9.0,0.0,0.0,Noord-Brabant
3124,21UI00,21UI,Breda University of Applied Sciences,Breda,2017,voltijd,wo,ba,NL,realisatie,44.0,16.0,0.0,8.0,32.0,15.0,10.0,19.0,Noord-Brabant
3125,21UI00,21UI,Breda University of Applied Sciences,Breda,2018,voltijd,wo,ba,NL,realisatie,39.0,15.0,10.0,0.0,24.0,15.0,8.0,16.0,Noord-Brabant
3126,21UI00,21UI,Breda University of Applied Sciences,Breda,2019,voltijd,wo,ba,NL,realisatie,40.0,16.0,8.0,10.0,22.0,16.0,9.0,15.0,Noord-Brabant
3127,21UI00,21UI,Breda University of Applied Sciences,Breda,2020,voltijd,wo,ba,NL,realisatie,55.0,29.0,6.0,8.0,41.0,29.0,7.0,19.0,Noord-Brabant
3128,21UI00,21UI,Breda University of Applied Sciences,Breda,2021,voltijd,wo,ba,NL,realisatie,33.0,17.0,0.0,6.0,24.0,16.0,7.0,10.0,Noord-Brabant
3129,21UI00,21UI,Breda University of Applied Sciences,Breda,2022,voltijd,wo,ba,NL,realisatie,28.0,15.0,0.0,0.0,22.0,15.0,0.0,10.0,Noord-Brabant
3130,21UI00,21UI,Breda University of Applied Sciences,Breda,2023,voltijd,wo,ba,NL,realisatie,22.0,10.0,0.0,0.0,17.0,8.0,7.0,7.0,Noord-Brabant
3131,21UI00,21UI,Breda University of Applied Sciences,Breda,2024,voltijd,wo,ba,NL,realisatie,23.0,13.0,0.0,6.0,13.0,12.0,6.0,0.0,Noord-Brabant
3132,21UI00,21UI,Breda University of Applied Sciences,Breda,2017,voltijd,wo,ba,niet-EER,realisatie,0.0,0.0,0.0,0.0,0.0,0.0,0.0,0.0,Noord-Brabant
3133,21UI00,21UI,Breda University of Applied Sciences,Breda,2018,voltijd,wo,ba,niet-EER,realisatie,0.0,0.0,0.0,0.0,0.0,0.0,0.0,0.0,Noord-Brabant
3134,21UI00,21UI,Breda University of Applied Sciences,Breda,2019,voltijd,wo,ba,niet-EER,realisatie,0.0,0.0,0.0,0.0,0.0,0.0,0.0,0.0,Noord-Brabant
3135,21UI00,21UI,Breda University of Applied Sciences,Breda,2020,voltijd,wo,ba,niet-EER,realisatie,0.0,0.0,0.0,0.0,0.0,0.0,0.0,0.0,Noord-Brabant
3136,21UI00,21UI,Breda University of Applied Sciences,Breda,2021,voltijd,wo,ba,niet-EER,realisatie,0.0,0.0,0.0,0.0,0.0,0.0,0.0,0.0,Noord-Brabant
3137,21UI00,21UI,Breda University of Applied Sciences,Breda,2022,voltijd,wo,ba,niet-EER,realisatie,0.0,0.0,0.0,0.0,0.0,0.0,0.0,0.0,Noord-Brabant
3138,21UI00,21UI,Breda University of Applied Sciences,Breda,2023,voltijd,wo,ba,niet-EER,realisatie,0.0,0.0,0.0,0.0,0.0,0.0,0.0,0.0,Noord-Brabant
3139,21UI00,21UI,Breda University of Applied Sciences,Breda,2024,voltijd,wo,ba,niet-EER,realisatie,0.0,0.0,0.0,0.0,0.0,0.0,0.0,0.0,Noord-Brabant
3140,21UI00,21UI,Breda University of Applied Sciences,Breda,2017,voltijd,wo,ma,EER,realisatie,0.0,0.0,0.0,0.0,0.0,0.0,0.0,0.0,Noord-Brabant
3141,21UI00,21UI,Breda University of Applied Sciences,Breda,2018,voltijd,wo,ma,EER,realisatie,0.0,0.0,0.0,0.0,0.0,0.0,0.0,0.0,Noord-Brabant
3142,21UI00,21UI,Breda University of Applied Sciences,Breda,2019,voltijd,wo,ma,EER,realisatie,0.0,0.0,0.0,0.0,0.0,0.0,0.0,0.0,Noord-Brabant
3143,21UI00,21UI,Breda University of Applied Sciences,Breda,2020,voltijd,wo,ma,EER,realisatie,0.0,0.0,0.0,0.0,0.0,0.0,0.0,0.0,Noord-Brabant
3144,21UI00,21UI,Breda University of Applied Sciences,Breda,2021,voltijd,wo,ma,EER,realisatie,0.0,0.0,0.0,0.0,0.0,0.0,0.0,0.0,Noord-Brabant
3145,21UI00,21UI,Breda University of Applied Sciences,Breda,2022,voltijd,wo,ma,EER,realisatie,0.0,0.0,0.0,0.0,0.0,0.0,0.0,0.0,Noord-Brabant
3146,21UI00,21UI,Breda University of Applied Sciences,Breda,2023,voltijd,wo,ma,EER,realisatie,0.0,0.0,0.0,0.0,0.0,0.0,0.0,0.0,Noord-Brabant
3147,21UI00,21UI,Breda University of Applied Sciences,Breda,2024,voltijd,wo,ma,EER,realisatie,6.0,0.0,0.0,0.0,0.0,0.0,0.0,0.0,Noord-Brabant
3148,21UI00,21UI,Breda University of Applied Sciences,Breda,2017,voltijd,wo,ma,NL,realisatie,23.0,21.0,0.0,0.0,23.0,20.0,0.0,0.0,Noord-Brabant
3149,21UI00,21UI,Breda University of Applied Sciences,Breda,2018,voltijd,wo,ma,NL,realisatie,15.0,12.0,0.0,0.0,14.0,12.0,0.0,0.0,Noord-Brabant
3150,21UI00,21UI,Breda University of Applied Sciences,Breda,2019,voltijd,wo,ma,NL,realisatie,14.0,0.0,0.0,0.0,14.0,0.0,7.0,0.0,Noord-Brabant
3151,21UI00,21UI,Breda University of Applied Sciences,Breda,2020,voltijd,wo,ma,NL,realisatie,14.0,9.0,0.0,0.0,13.0,9.0,0.0,0.0,Noord-Brabant
3152,21UI00,21UI,Breda University of Applied Sciences,Breda,2021,voltijd,wo,ma,NL,realisatie,23.0,18.0,0.0,0.0,23.0,18.0,0.0,0.0,Noord-Brabant
3153,21UI00,21UI,Breda University of Applied Sciences,Breda,2022,voltijd,wo,ma,NL,realisatie,11.0,8.0,0.0,0.0,10.0,8.0,0.0,0.0,Noord-Brabant
3154,21UI00,21UI,Breda University of Applied Sciences,Breda,2023,voltijd,wo,ma,NL,realisatie,10.0,8.0,0.0,0.0,10.0,8.0,0.0,0.0,Noord-Brabant
3155,21UI00,21UI,Breda University of Applied Sciences,Breda,2024,voltijd,wo,ma,NL,realisatie,13.0,11.0,0.0,0.0,12.0,11.0,0.0,0.0,Noord-Brabant
3156,21UI00,21UI,Breda University of Applied Sciences,Breda,2017,voltijd,wo,ma,niet-EER,realisatie,0.0,0.0,0.0,0.0,0.0,0.0,0.0,0.0,Noord-Brabant
3157,21UI00,21UI,Breda University of Applied Sciences,Breda,2018,voltijd,wo,ma,niet-EER,realisatie,0.0,0.0,0.0,0.0,0.0,0.0,0.0,0.0,Noord-Brabant
3158,21UI00,21UI,Breda University of Applied Sciences,Breda,2019,voltijd,wo,ma,niet-EER,realisatie,0.0,0.0,0.0,0.0,0.0,0.0,0.0,0.0,Noord-Brabant
3159,21UI00,21UI,Breda University of Applied Sciences,Breda,2020,voltijd,wo,ma,niet-EER,realisatie,0.0,0.0,0.0,0.0,0.0,0.0,0.0,0.0,Noord-Brabant
3160,21UI00,21UI,Breda University of Applied Sciences,Breda,2021,voltijd,wo,ma,niet-EER,realisatie,0.0,0.0,0.0,0.0,0.0,0.0,0.0,0.0,Noord-Brabant
3161,21UI00,21UI,Breda University of Applied Sciences,Breda,2022,voltijd,wo,ma,niet-EER,realisatie,0.0,0.0,0.0,0.0,0.0,0.0,0.0,0.0,Noord-Brabant
3162,21UI00,21UI,Breda University of Applied Sciences,Breda,2023,voltijd,wo,ma,niet-EER,realisatie,0.0,0.0,0.0,0.0,0.0,0.0,0.0,0.0,Noord-Brabant
3163,21UI00,21UI,Breda University of Applied Sciences,Breda,2024,voltijd,wo,ma,niet-EER,realisatie,0.0,0.0,0.0,0.0,0.0,0.0,0.0,0.0,Noord-Brabant
3164,22HH00,22HH,Hogeschool Viaa,Zwolle,2022,deeltijd,hbo,ad,NL,realisatie,15.0,15.0,9.0,0.0,0.0,15.0,0.0,0.0,
3165,22HH00,22HH,Hogeschool Viaa,Zwolle,2023,deeltijd,hbo,ad,NL,realisatie,81.0,67.0,38.0,28.0,15.0,65.0,15.0,0.0,
3166,22HH00,22HH,Hogeschool Viaa,Zwolle,2024,deeltijd,hbo,ad,NL,realisatie,108.0,55.0,32.0,43.0,33.0,52.0,51.0,0.0,
3167,22HH00,22HH,Hogeschool Viaa,Zwolle,2017,deeltijd,hbo,ba,EER,realisatie,0.0,0.0,0.0,0.0,0.0,0.0,0.0,0.0,
3168,22HH00,22HH,Hogeschool Viaa,Zwolle,2023,deeltijd,hbo,ba,EER,realisatie,0.0,0.0,0.0,0.0,0.0,0.0,0.0,0.0,
3169,22HH00,22HH,Hogeschool Viaa,Zwolle,2024,deeltijd,hbo,ba,EER,realisatie,0.0,0.0,0.0,0.0,0.0,0.0,0.0,0.0,
3170,22HH00,22HH,Hogeschool Viaa,Zwolle,2017,deeltijd,hbo,ba,NL,realisatie,249.0,98.0,52.0,42.0,155.0,52.0,44.0,153.0,
3171,22HH00,22HH,Hogeschool Viaa,Zwolle,2018,deeltijd,hbo,ba,NL,realisatie,305.0,142.0,79.0,55.0,171.0,83.0,56.0,166.0,
3172,22HH00,22HH,Hogeschool Viaa,Zwolle,2019,deeltijd,hbo,ba,NL,realisatie,393.0,187.0,94.0,88.0,211.0,97.0,94.0,202.0,
3173,22HH00,22HH,Hogeschool Viaa,Zwolle,2020,deeltijd,hbo,ba,NL,realisatie,427.0,161.0,99.0,86.0,242.0,106.0,91.0,230.0,
3174,22HH00,22HH,Hogeschool Viaa,Zwolle,2021,deeltijd,hbo,ba,NL,realisatie,495.0,175.0,102.0,121.0,272.0,108.0,134.0,253.0,
3175,22HH00,22HH,Hogeschool Viaa,Zwolle,2022,deeltijd,hbo,ba,NL,realisatie,519.0,183.0,122.0,104.0,293.0,128.0,114.0,277.0,
3176,22HH00,22HH,Hogeschool Viaa,Zwolle,2023,deeltijd,hbo,ba,NL,realisatie,486.0,151.0,100.0,107.0,279.0,106.0,112.0,268.0,
3177,22HH00,22HH,Hogeschool Viaa,Zwolle,2024,deeltijd,hbo,ba,NL,realisatie,477.0,156.0,97.0,107.0,273.0,104.0,114.0,259.0,
3178,22HH00,22HH,Hogeschool Viaa,Zwolle,2020,deeltijd,hbo,ba,niet-EER,realisatie,0.0,0.0,0.0,0.0,0.0,0.0,0.0,0.0,
3179,22HH00,22HH,Hogeschool Viaa,Zwolle,2021,deeltijd,hbo,ba,niet-EER,realisatie,0.0,0.0,0.0,0.0,0.0,0.0,0.0,0.0,
3180,22HH00,22HH,Hogeschool Viaa,Zwolle,2022,deeltijd,hbo,ba,niet-EER,realisatie,0.0,0.0,0.0,0.0,0.0,0.0,0.0,0.0,
3181,22HH00,22HH,Hogeschool Viaa,Zwolle,2023,deeltijd,hbo,ba,niet-EER,realisatie,0.0,0.0,0.0,0.0,0.0,0.0,0.0,0.0,
3182,22HH00,22HH,Hogeschool Viaa,Zwolle,2019,deeltijd,hbo,ma,NL,realisatie,6.0,6.0,0.0,0.0,6.0,0.0,0.0,0.0,
3183,22HH00,22HH,Hogeschool Viaa,Zwolle,2020,deeltijd,hbo,ma,NL,realisatie,19.0,14.0,0.0,0.0,19.0,13.0,0.0,0.0,
3184,22HH00,22HH,Hogeschool Viaa,Zwolle,2021,deeltijd,hbo,ma,NL,realisatie,34.0,22.0,0.0,0.0,32.0,20.0,12.0,0.0,
3185,22HH00,22HH,Hogeschool Viaa,Zwolle,2022,deeltijd,hbo,ma,NL,realisatie,36.0,16.0,0.0,0.0,35.0,16.0,16.0,0.0,
3186,22HH00,22HH,Hogeschool Viaa,Zwolle,2023,deeltijd,hbo,ma,NL,realisatie,25.0,7.0,0.0,0.0,25.0,7.0,14.0,0.0,
3187,22HH00,22HH,Hogeschool Viaa,Zwolle,2024,deeltijd,hbo,ma,NL,realisatie,27.0,18.0,0.0,0.0,27.0,18.0,6.0,0.0,
3188,22HH00,22HH,Hogeschool Viaa,Zwolle,2017,voltijd,hbo,ba,EER,realisatie,0.0,0.0,0.0,0.0,0.0,0.0,0.0,0.0,
3189,22HH00,22HH,Hogeschool Viaa,Zwolle,2019,voltijd,hbo,ba,EER,realisatie,0.0,0.0,0.0,0.0,0.0,0.0,0.0,0.0,
3190,22HH00,22HH,Hogeschool Viaa,Zwolle,2021,voltijd,hbo,ba,EER,realisatie,0.0,0.0,0.0,0.0,0.0,0.0,0.0,0.0,
3191,22HH00,22HH,Hogeschool Viaa,Zwolle,2024,voltijd,hbo,ba,EER,realisatie,6.0,6.0,0.0,6.0,0.0,0.0,6.0,0.0,
3192,22HH00,22HH,Hogeschool Viaa,Zwolle,2017,voltijd,hbo,ba,NL,realisatie,1215.0,311.0,286.0,245.0,684.0,288.0,248.0,679.0,
3193,22HH00,22HH,Hogeschool Viaa,Zwolle,2018,voltijd,hbo,ba,NL,realisatie,1239.0,389.0,361.0,258.0,620.0,369.0,256.0,614.0,
3194,22HH00,22HH,Hogeschool Viaa,Zwolle,2019,voltijd,hbo,ba,NL,realisatie,1328.0,417.0,383.0,314.0,631.0,391.0,318.0,619.0,
3195,22HH00,22HH,Hogeschool Viaa,Zwolle,2020,voltijd,hbo,ba,NL,realisatie,1437.0,454.0,419.0,345.0,673.0,428.0,348.0,661.0,
3196,22HH00,22HH,Hogeschool Viaa,Zwolle,2021,voltijd,hbo,ba,NL,realisatie,1553.0,415.0,393.0,391.0,769.0,397.0,399.0,757.0,
3197,22HH00,22HH,Hogeschool Viaa,Zwolle,2022,voltijd,hbo,ba,NL,realisatie,1505.0,379.0,356.0,318.0,831.0,363.0,317.0,825.0,
3198,22HH00,22HH,Hogeschool Viaa,Zwolle,2023,voltijd,hbo,ba,NL,realisatie,1513.0,413.0,384.0,298.0,831.0,397.0,300.0,816.0,
3199,22HH00,22HH,Hogeschool Viaa,Zwolle,2024,voltijd,hbo,ba,NL,realisatie,1449.0,370.0,339.0,319.0,791.0,343.0,330.0,776.0,
3200,22HH00,22HH,Hogeschool Viaa,Zwolle,2018,voltijd,hbo,ba,niet-EER,realisatie,0.0,0.0,0.0,0.0,0.0,0.0,0.0,0.0,
3201,22HH00,22HH,Hogeschool Viaa,Zwolle,2019,voltijd,hbo,ba,niet-EER,realisatie,0.0,0.0,0.0,0.0,0.0,0.0,0.0,0.0,
3202,22HH00,22HH,Hogeschool Viaa,Zwolle,2020,voltijd,hbo,ba,niet-EER,realisatie,0.0,0.0,0.0,0.0,0.0,0.0,0.0,0.0,
3203,22HH00,22HH,Hogeschool Viaa,Zwolle,2021,voltijd,hbo,ba,niet-EER,realisatie,0.0,0.0,0.0,0.0,0.0,0.0,0.0,0.0,
3204,22HH00,22HH,Hogeschool Viaa,Zwolle,2022,voltijd,hbo,ba,niet-EER,realisatie,0.0,0.0,0.0,0.0,0.0,0.0,0.0,0.0,
3205,22HH00,22HH,Hogeschool Viaa,Zwolle,2023,voltijd,hbo,ba,niet-EER,realisatie,0.0,0.0,0.0,0.0,0.0,0.0,0.0,0.0,
3206,22HH00,22HH,Hogeschool Viaa,Zwolle,2024,voltijd,hbo,ba,niet-EER,realisatie,0.0,0.0,0.0,0.0,0.0,0.0,0.0,0.0,
3207,22OJ00,22OJ,Hogeschool Rotterdam,Rotterdam,2017,deeltijd,hbo,ad,EER,realisatie,6.0,0.0,0.0,0.0,0.0,0.0,0.0,0.0,Zuid-Holland
3208,22OJ00,22OJ,Hogeschool Rotterdam,Rotterdam,2018,deeltijd,hbo,ad,EER,realisatie,8.0,0.0,0.0,0.0,0.0,0.0,0.0,0.0,Zuid-Holland
3209,22OJ00,22OJ,Hogeschool Rotterdam,Rotterdam,2019,deeltijd,hbo,ad,EER,realisatie,7.0,0.0,0.0,0.0,0.0,0.0,0.0,0.0,Zuid-Holland
3210,22OJ00,22OJ,Hogeschool Rotterdam,Rotterdam,2020,deeltijd,hbo,ad,EER,realisatie,13.0,8.0,6.0,0.0,0.0,7.0,0.0,0.0,Zuid-Holland
3211,22OJ00,22OJ,Hogeschool Rotterdam,Rotterdam,2021,deeltijd,hbo,ad,EER,realisatie,16.0,7.0,7.0,0.0,0.0,7.0,0.0,0.0,Zuid-Holland
3212,22OJ00,22OJ,Hogeschool Rotterdam,Rotterdam,2022,deeltijd,hbo,ad,EER,realisatie,13.0,0.0,0.0,6.0,0.0,0.0,6.0,0.0,Zuid-Holland
3213,22OJ00,22OJ,Hogeschool Rotterdam,Rotterdam,2023,deeltijd,hbo,ad,EER,realisatie,17.0,9.0,9.0,0.0,0.0,9.0,0.0,0.0,Zuid-Holland
3214,22OJ00,22OJ,Hogeschool Rotterdam,Rotterdam,2024,deeltijd,hbo,ad,EER,realisatie,20.0,12.0,0.0,7.0,8.0,11.0,0.0,0.0,Zuid-Holland
3215,22OJ00,22OJ,Hogeschool Rotterdam,Rotterdam,2017,deeltijd,hbo,ad,NL,realisatie,591.0,323.0,199.0,166.0,226.0,315.0,201.0,75.0,Zuid-Holland
3216,22OJ00,22OJ,Hogeschool Rotterdam,Rotterdam,2018,deeltijd,hbo,ad,NL,realisatie,653.0,358.0,219.0,189.0,245.0,332.0,213.0,108.0,Zuid-Holland
3217,22OJ00,22OJ,Hogeschool Rotterdam,Rotterdam,2019,deeltijd,hbo,ad,NL,realisatie,697.0,382.0,200.0,224.0,273.0,344.0,235.0,118.0,Zuid-Holland
3218,22OJ00,22OJ,Hogeschool Rotterdam,Rotterdam,2020,deeltijd,hbo,ad,NL,realisatie,885.0,488.0,314.0,224.0,347.0,466.0,265.0,154.0,Zuid-Holland
3219,22OJ00,22OJ,Hogeschool Rotterdam,Rotterdam,2021,deeltijd,hbo,ad,NL,realisatie,1000.0,480.0,290.0,299.0,411.0,451.0,370.0,179.0,Zuid-Holland
3220,22OJ00,22OJ,Hogeschool Rotterdam,Rotterdam,2022,deeltijd,hbo,ad,NL,realisatie,969.0,472.0,282.0,271.0,416.0,434.0,323.0,212.0,Zuid-Holland
3221,22OJ00,22OJ,Hogeschool Rotterdam,Rotterdam,2023,deeltijd,hbo,ad,NL,realisatie,1046.0,559.0,297.0,288.0,461.0,527.0,320.0,199.0,Zuid-Holland
3222,22OJ00,22OJ,Hogeschool Rotterdam,Rotterdam,2024,deeltijd,hbo,ad,NL,realisatie,1147.0,595.0,333.0,293.0,521.0,547.0,403.0,197.0,Zuid-Holland
3223,22OJ00,22OJ,Hogeschool Rotterdam,Rotterdam,2017,deeltijd,hbo,ad,niet-EER,realisatie,10.0,7.0,7.0,0.0,0.0,7.0,0.0,0.0,Zuid-Holland
3224,22OJ00,22OJ,Hogeschool Rotterdam,Rotterdam,2018,deeltijd,hbo,ad,niet-EER,realisatie,0.0,0.0,0.0,0.0,0.0,0.0,0.0,0.0,Zuid-Holland
3225,22OJ00,22OJ,Hogeschool Rotterdam,Rotterdam,2019,deeltijd,hbo,ad,niet-EER,realisatie,0.0,0.0,0.0,0.0,0.0,0.0,0.0,0.0,Zuid-Holland
3226,22OJ00,22OJ,Hogeschool Rotterdam,Rotterdam,2020,deeltijd,hbo,ad,niet-EER,realisatie,0.0,0.0,0.0,0.0,0.0,0.0,0.0,0.0,Zuid-Holland
3227,22OJ00,22OJ,Hogeschool Rotterdam,Rotterdam,2021,deeltijd,hbo,ad,niet-EER,realisatie,0.0,0.0,0.0,0.0,0.0,0.0,0.0,0.0,Zuid-Holland
3228,22OJ00,22OJ,Hogeschool Rotterdam,Rotterdam,2022,deeltijd,hbo,ad,niet-EER,realisatie,0.0,0.0,0.0,0.0,0.0,0.0,0.0,0.0,Zuid-Holland
3229,22OJ00,22OJ,Hogeschool Rotterdam,Rotterdam,2023,deeltijd,hbo,ad,niet-EER,realisatie,0.0,0.0,0.0,0.0,0.0,0.0,0.0,0.0,Zuid-Holland
3230,22OJ00,22OJ,Hogeschool Rotterdam,Rotterdam,2024,deeltijd,hbo,ad,niet-EER,realisatie,12.0,9.0,7.0,0.0,0.0,8.0,0.0,0.0,Zuid-Holland
3231,22OJ00,22OJ,Hogeschool Rotterdam,Rotterdam,2017,deeltijd,hbo,ba,EER,realisatie,43.0,14.0,0.0,13.0,25.0,7.0,13.0,23.0,Zuid-Holland
3232,22OJ00,22OJ,Hogeschool Rotterdam,Rotterdam,2018,deeltijd,hbo,ba,EER,realisatie,42.0,11.0,10.0,0.0,29.0,11.0,0.0,26.0,Zuid-Holland
3233,22OJ00,22OJ,Hogeschool Rotterdam,Rotterdam,2019,deeltijd,hbo,ba,EER,realisatie,43.0,14.0,9.0,9.0,25.0,10.0,10.0,23.0,Zuid-Holland
3234,22OJ00,22OJ,Hogeschool Rotterdam,Rotterdam,2020,deeltijd,hbo,ba,EER,realisatie,45.0,15.0,9.0,8.0,28.0,11.0,8.0,26.0,Zuid-Holland
3235,22OJ00,22OJ,Hogeschool Rotterdam,Rotterdam,2021,deeltijd,hbo,ba,EER,realisatie,50.0,16.0,10.0,10.0,30.0,10.0,13.0,27.0,Zuid-Holland
3236,22OJ00,22OJ,Hogeschool Rotterdam,Rotterdam,2022,deeltijd,hbo,ba,EER,realisatie,52.0,17.0,11.0,8.0,33.0,13.0,8.0,31.0,Zuid-Holland
3237,22OJ00,22OJ,Hogeschool Rotterdam,Rotterdam,2023,deeltijd,hbo,ba,EER,realisatie,49.0,17.0,8.0,7.0,34.0,12.0,9.0,28.0,Zuid-Holland
3238,22OJ00,22OJ,Hogeschool Rotterdam,Rotterdam,2024,deeltijd,hbo,ba,EER,realisatie,47.0,19.0,13.0,6.0,28.0,14.0,8.0,25.0,Zuid-Holland
3239,22OJ00,22OJ,Hogeschool Rotterdam,Rotterdam,2017,deeltijd,hbo,ba,NL,realisatie,2794.0,844.0,339.0,276.0,2179.0,404.0,351.0,2039.0,Zuid-Holland
3240,22OJ00,22OJ,Hogeschool Rotterdam,Rotterdam,2018,deeltijd,hbo,ba,NL,realisatie,2867.0,912.0,373.0,316.0,2178.0,454.0,390.0,2023.0,Zuid-Holland
3241,22OJ00,22OJ,Hogeschool Rotterdam,Rotterdam,2019,deeltijd,hbo,ba,NL,realisatie,2960.0,991.0,436.0,358.0,2166.0,514.0,434.0,2012.0,Zuid-Holland
3242,22OJ00,22OJ,Hogeschool Rotterdam,Rotterdam,2020,deeltijd,hbo,ba,NL,realisatie,3095.0,1020.0,406.0,413.0,2276.0,496.0,506.0,2093.0,Zuid-Holland
3243,22OJ00,22OJ,Hogeschool Rotterdam,Rotterdam,2021,deeltijd,hbo,ba,NL,realisatie,3157.0,1071.0,420.0,393.0,2344.0,519.0,488.0,2150.0,Zuid-Holland
3244,22OJ00,22OJ,Hogeschool Rotterdam,Rotterdam,2022,deeltijd,hbo,ba,NL,realisatie,3055.0,914.0,331.0,372.0,2352.0,436.0,480.0,2139.0,Zuid-Holland
3245,22OJ00,22OJ,Hogeschool Rotterdam,Rotterdam,2023,deeltijd,hbo,ba,NL,realisatie,2959.0,928.0,377.0,314.0,2268.0,478.0,430.0,2051.0,Zuid-Holland
3246,22OJ00,22OJ,Hogeschool Rotterdam,Rotterdam,2024,deeltijd,hbo,ba,NL,realisatie,2821.0,911.0,340.0,345.0,2136.0,430.0,456.0,1935.0,Zuid-Holland
3247,22OJ00,22OJ,Hogeschool Rotterdam,Rotterdam,2017,deeltijd,hbo,ba,niet-EER,realisatie,12.0,0.0,0.0,0.0,10.0,0.0,0.0,10.0,Zuid-Holland
3248,22OJ00,22OJ,Hogeschool Rotterdam,Rotterdam,2018,deeltijd,hbo,ba,niet-EER,realisatie,17.0,9.0,0.0,0.0,12.0,0.0,0.0,11.0,Zuid-Holland
3249,22OJ00,22OJ,Hogeschool Rotterdam,Rotterdam,2019,deeltijd,hbo,ba,niet-EER,realisatie,22.0,9.0,6.0,0.0,12.0,6.0,0.0,11.0,Zuid-Holland
3250,22OJ00,22OJ,Hogeschool Rotterdam,Rotterdam,2020,deeltijd,hbo,ba,niet-EER,realisatie,20.0,7.0,6.0,0.0,9.0,6.0,0.0,9.0,Zuid-Holland
3251,22OJ00,22OJ,Hogeschool Rotterdam,Rotterdam,2021,deeltijd,hbo,ba,niet-EER,realisatie,19.0,0.0,0.0,0.0,10.0,0.0,0.0,10.0,Zuid-Holland
3252,22OJ00,22OJ,Hogeschool Rotterdam,Rotterdam,2022,deeltijd,hbo,ba,niet-EER,realisatie,15.0,0.0,0.0,0.0,11.0,0.0,0.0,11.0,Zuid-Holland
3253,22OJ00,22OJ,Hogeschool Rotterdam,Rotterdam,2023,deeltijd,hbo,ba,niet-EER,realisatie,17.0,9.0,0.0,0.0,10.0,7.0,0.0,7.0,Zuid-Holland
3254,22OJ00,22OJ,Hogeschool Rotterdam,Rotterdam,2024,deeltijd,hbo,ba,niet-EER,realisatie,19.0,7.0,0.0,0.0,13.0,0.0,7.0,8.0,Zuid-Holland
3255,22OJ00,22OJ,Hogeschool Rotterdam,Rotterdam,2017,deeltijd,hbo,ma,EER,realisatie,10.0,0.0,0.0,0.0,0.0,0.0,0.0,0.0,Zuid-Holland
3256,22OJ00,22OJ,Hogeschool Rotterdam,Rotterdam,2018,deeltijd,hbo,ma,EER,realisatie,8.0,0.0,0.0,0.0,6.0,0.0,0.0,6.0,Zuid-Holland
3257,22OJ00,22OJ,Hogeschool Rotterdam,Rotterdam,2019,deeltijd,hbo,ma,EER,realisatie,9.0,7.0,0.0,0.0,0.0,6.0,0.0,0.0,Zuid-Holland
3258,22OJ00,22OJ,Hogeschool Rotterdam,Rotterdam,2020,deeltijd,hbo,ma,EER,realisatie,10.0,0.0,0.0,0.0,0.0,0.0,0.0,0.0,Zuid-Holland
3259,22OJ00,22OJ,Hogeschool Rotterdam,Rotterdam,2021,deeltijd,hbo,ma,EER,realisatie,18.0,11.0,0.0,0.0,8.0,9.0,0.0,0.0,Zuid-Holland
3260,22OJ00,22OJ,Hogeschool Rotterdam,Rotterdam,2022,deeltijd,hbo,ma,EER,realisatie,25.0,10.0,0.0,0.0,17.0,10.0,7.0,8.0,Zuid-Holland
3261,22OJ00,22OJ,Hogeschool Rotterdam,Rotterdam,2023,deeltijd,hbo,ma,EER,realisatie,29.0,14.0,10.0,0.0,14.0,14.0,9.0,6.0,Zuid-Holland
3262,22OJ00,22OJ,Hogeschool Rotterdam,Rotterdam,2024,deeltijd,hbo,ma,EER,realisatie,33.0,17.0,11.0,9.0,13.0,17.0,11.0,0.0,Zuid-Holland
3263,22OJ00,22OJ,Hogeschool Rotterdam,Rotterdam,2017,deeltijd,hbo,ma,NL,realisatie,317.0,112.0,0.0,6.0,306.0,102.0,101.0,114.0,Zuid-Holland
3264,22OJ00,22OJ,Hogeschool Rotterdam,Rotterdam,2018,deeltijd,hbo,ma,NL,realisatie,314.0,118.0,9.0,0.0,300.0,105.0,82.0,127.0,Zuid-Holland
3265,22OJ00,22OJ,Hogeschool Rotterdam,Rotterdam,2019,deeltijd,hbo,ma,NL,realisatie,340.0,137.0,9.0,6.0,325.0,111.0,87.0,142.0,Zuid-Holland
3266,22OJ00,22OJ,Hogeschool Rotterdam,Rotterdam,2020,deeltijd,hbo,ma,NL,realisatie,317.0,103.0,6.0,10.0,301.0,81.0,106.0,130.0,Zuid-Holland
3267,22OJ00,22OJ,Hogeschool Rotterdam,Rotterdam,2021,deeltijd,hbo,ma,NL,realisatie,348.0,156.0,9.0,0.0,338.0,129.0,65.0,154.0,Zuid-Holland
3268,22OJ00,22OJ,Hogeschool Rotterdam,Rotterdam,2022,deeltijd,hbo,ma,NL,realisatie,353.0,134.0,0.0,7.0,341.0,111.0,105.0,137.0,Zuid-Holland
3269,22OJ00,22OJ,Hogeschool Rotterdam,Rotterdam,2023,deeltijd,hbo,ma,NL,realisatie,368.0,161.0,7.0,6.0,355.0,145.0,97.0,126.0,Zuid-Holland
3270,22OJ00,22OJ,Hogeschool Rotterdam,Rotterdam,2024,deeltijd,hbo,ma,NL,realisatie,414.0,171.0,6.0,7.0,401.0,153.0,132.0,129.0,Zuid-Holland
3271,22OJ00,22OJ,Hogeschool Rotterdam,Rotterdam,2017,deeltijd,hbo,ma,niet-EER,realisatie,0.0,0.0,0.0,0.0,0.0,0.0,0.0,0.0,Zuid-Holland
3272,22OJ00,22OJ,Hogeschool Rotterdam,Rotterdam,2018,deeltijd,hbo,ma,niet-EER,realisatie,0.0,0.0,0.0,0.0,0.0,0.0,0.0,0.0,Zuid-Holland
3273,22OJ00,22OJ,Hogeschool Rotterdam,Rotterdam,2019,deeltijd,hbo,ma,niet-EER,realisatie,0.0,0.0,0.0,0.0,0.0,0.0,0.0,0.0,Zuid-Holland
3274,22OJ00,22OJ,Hogeschool Rotterdam,Rotterdam,2020,deeltijd,hbo,ma,niet-EER,realisatie,0.0,0.0,0.0,0.0,0.0,0.0,0.0,0.0,Zuid-Holland
3275,22OJ00,22OJ,Hogeschool Rotterdam,Rotterdam,2021,deeltijd,hbo,ma,niet-EER,realisatie,0.0,0.0,0.0,0.0,0.0,0.0,0.0,0.0,Zuid-Holland
3276,22OJ00,22OJ,Hogeschool Rotterdam,Rotterdam,2022,deeltijd,hbo,ma,niet-EER,realisatie,6.0,0.0,0.0,0.0,0.0,0.0,0.0,0.0,Zuid-Holland
3277,22OJ00,22OJ,Hogeschool Rotterdam,Rotterdam,2023,deeltijd,hbo,ma,niet-EER,realisatie,8.0,0.0,0.0,0.0,0.0,0.0,0.0,0.0,Zuid-Holland
3278,22OJ00,22OJ,Hogeschool Rotterdam,Rotterdam,2024,deeltijd,hbo,ma,niet-EER,realisatie,10.0,8.0,0.0,0.0,0.0,7.0,0.0,0.0,Zuid-Holland
3279,22OJ00,22OJ,Hogeschool Rotterdam,Rotterdam,2017,voltijd,hbo,ad,EER,realisatie,20.0,9.0,6.0,7.0,7.0,8.0,8.0,0.0,Zuid-Holland
3280,22OJ00,22OJ,Hogeschool Rotterdam,Rotterdam,2018,voltijd,hbo,ad,EER,realisatie,21.0,8.0,6.0,6.0,9.0,7.0,7.0,7.0,Zuid-Holland
3281,22OJ00,22OJ,Hogeschool Rotterdam,Rotterdam,2019,voltijd,hbo,ad,EER,realisatie,22.0,11.0,9.0,0.0,9.0,11.0,0.0,7.0,Zuid-Holland
3282,22OJ00,22OJ,Hogeschool Rotterdam,Rotterdam,2020,voltijd,hbo,ad,EER,realisatie,22.0,10.0,0.0,11.0,7.0,10.0,6.0,6.0,Zuid-Holland
3283,22OJ00,22OJ,Hogeschool Rotterdam,Rotterdam,2021,voltijd,hbo,ad,EER,realisatie,21.0,10.0,6.0,0.0,12.0,10.0,6.0,0.0,Zuid-Holland
3284,22OJ00,22OJ,Hogeschool Rotterdam,Rotterdam,2022,voltijd,hbo,ad,EER,realisatie,27.0,16.0,9.0,9.0,9.0,15.0,6.0,6.0,Zuid-Holland
3285,22OJ00,22OJ,Hogeschool Rotterdam,Rotterdam,2023,voltijd,hbo,ad,EER,realisatie,32.0,16.0,0.0,13.0,14.0,16.0,10.0,6.0,Zuid-Holland
3286,22OJ00,22OJ,Hogeschool Rotterdam,Rotterdam,2024,voltijd,hbo,ad,EER,realisatie,48.0,28.0,18.0,9.0,21.0,28.0,12.0,8.0,Zuid-Holland
3287,22OJ00,22OJ,Hogeschool Rotterdam,Rotterdam,2017,voltijd,hbo,ad,NL,realisatie,2044.0,965.0,545.0,580.0,919.0,935.0,661.0,448.0,Zuid-Holland
3288,22OJ00,22OJ,Hogeschool Rotterdam,Rotterdam,2018,voltijd,hbo,ad,NL,realisatie,2146.0,981.0,583.0,591.0,972.0,953.0,662.0,531.0,Zuid-Holland
3289,22OJ00,22OJ,Hogeschool Rotterdam,Rotterdam,2019,voltijd,hbo,ad,NL,realisatie,2143.0,925.0,530.0,592.0,1021.0,897.0,652.0,594.0,Zuid-Holland
3290,22OJ00,22OJ,Hogeschool Rotterdam,Rotterdam,2020,voltijd,hbo,ad,NL,realisatie,2297.0,1036.0,677.0,574.0,1046.0,991.0,709.0,597.0,Zuid-Holland
3291,22OJ00,22OJ,Hogeschool Rotterdam,Rotterdam,2021,voltijd,hbo,ad,NL,realisatie,2351.0,892.0,564.0,681.0,1106.0,869.0,780.0,702.0,Zuid-Holland
3292,22OJ00,22OJ,Hogeschool Rotterdam,Rotterdam,2022,voltijd,hbo,ad,NL,realisatie,2281.0,943.0,516.0,567.0,1198.0,925.0,620.0,736.0,Zuid-Holland
3293,22OJ00,22OJ,Hogeschool Rotterdam,Rotterdam,2023,voltijd,hbo,ad,NL,realisatie,2575.0,1280.0,674.0,639.0,1262.0,1245.0,712.0,618.0,Zuid-Holland
3294,22OJ00,22OJ,Hogeschool Rotterdam,Rotterdam,2024,voltijd,hbo,ad,NL,realisatie,2905.0,1322.0,728.0,756.0,1421.0,1271.0,964.0,670.0,Zuid-Holland
3295,22OJ00,22OJ,Hogeschool Rotterdam,Rotterdam,2017,voltijd,hbo,ad,niet-EER,realisatie,18.0,14.0,12.0,0.0,0.0,13.0,0.0,0.0,Zuid-Holland
3296,22OJ00,22OJ,Hogeschool Rotterdam,Rotterdam,2018,voltijd,hbo,ad,niet-EER,realisatie,14.0,0.0,0.0,8.0,0.0,0.0,9.0,0.0,Zuid-Holland
3297,22OJ00,22OJ,Hogeschool Rotterdam,Rotterdam,2019,voltijd,hbo,ad,niet-EER,realisatie,15.0,10.0,8.0,0.0,0.0,10.0,0.0,0.0,Zuid-Holland
3298,22OJ00,22OJ,Hogeschool Rotterdam,Rotterdam,2020,voltijd,hbo,ad,niet-EER,realisatie,19.0,6.0,0.0,8.0,6.0,6.0,9.0,0.0,Zuid-Holland
3299,22OJ00,22OJ,Hogeschool Rotterdam,Rotterdam,2021,voltijd,hbo,ad,niet-EER,realisatie,13.0,0.0,0.0,0.0,8.0,0.0,0.0,0.0,Zuid-Holland
3300,22OJ00,22OJ,Hogeschool Rotterdam,Rotterdam,2022,voltijd,hbo,ad,niet-EER,realisatie,10.0,0.0,0.0,0.0,6.0,0.0,0.0,0.0,Zuid-Holland
3301,22OJ00,22OJ,Hogeschool Rotterdam,Rotterdam,2023,voltijd,hbo,ad,niet-EER,realisatie,15.0,8.0,0.0,0.0,7.0,8.0,0.0,0.0,Zuid-Holland
3302,22OJ00,22OJ,Hogeschool Rotterdam,Rotterdam,2024,voltijd,hbo,ad,niet-EER,realisatie,21.0,12.0,7.0,6.0,8.0,12.0,0.0,0.0,Zuid-Holland
3303,22OJ00,22OJ,Hogeschool Rotterdam,Rotterdam,2017,voltijd,hbo,ba,EER,realisatie,693.0,297.0,272.0,169.0,252.0,292.0,162.0,239.0,Zuid-Holland
3304,22OJ00,22OJ,Hogeschool Rotterdam,Rotterdam,2018,voltijd,hbo,ba,EER,realisatie,888.0,382.0,353.0,208.0,327.0,376.0,202.0,310.0,Zuid-Holland
3305,22OJ00,22OJ,Hogeschool Rotterdam,Rotterdam,2019,voltijd,hbo,ba,EER,realisatie,1092.0,433.0,404.0,275.0,413.0,424.0,273.0,395.0,Zuid-Holland
3306,22OJ00,22OJ,Hogeschool Rotterdam,Rotterdam,2020,voltijd,hbo,ba,EER,realisatie,1270.0,401.0,375.0,338.0,557.0,392.0,343.0,535.0,Zuid-Holland
3307,22OJ00,22OJ,Hogeschool Rotterdam,Rotterdam,2021,voltijd,hbo,ba,EER,realisatie,1480.0,487.0,458.0,335.0,687.0,479.0,334.0,667.0,Zuid-Holland
3308,22OJ00,22OJ,Hogeschool Rotterdam,Rotterdam,2022,voltijd,hbo,ba,EER,realisatie,1721.0,557.0,520.0,416.0,785.0,548.0,409.0,764.0,Zuid-Holland
3309,22OJ00,22OJ,Hogeschool Rotterdam,Rotterdam,2023,voltijd,hbo,ba,EER,realisatie,1873.0,580.0,531.0,458.0,884.0,560.0,466.0,847.0,Zuid-Holland
3310,22OJ00,22OJ,Hogeschool Rotterdam,Rotterdam,2024,voltijd,hbo,ba,EER,realisatie,1890.0,466.0,425.0,454.0,1011.0,440.0,467.0,983.0,Zuid-Holland
3311,22OJ00,22OJ,Hogeschool Rotterdam,Rotterdam,2017,voltijd,hbo,ba,NL,realisatie,30775.0,7693.0,6585.0,5706.0,18484.0,6921.0,5891.0,17963.0,Zuid-Holland
3312,22OJ00,22OJ,Hogeschool Rotterdam,Rotterdam,2018,voltijd,hbo,ba,NL,realisatie,30809.0,7375.0,6354.0,5783.0,18672.0,6691.0,5939.0,18179.0,Zuid-Holland
3313,22OJ00,22OJ,Hogeschool Rotterdam,Rotterdam,2019,voltijd,hbo,ba,NL,realisatie,30391.0,7341.0,6265.0,5499.0,18627.0,6606.0,5660.0,18125.0,Zuid-Holland
3314,22OJ00,22OJ,Hogeschool Rotterdam,Rotterdam,2020,voltijd,hbo,ba,NL,realisatie,31571.0,8166.0,7074.0,5801.0,18696.0,7417.0,5988.0,18166.0,Zuid-Holland
3315,22OJ00,22OJ,Hogeschool Rotterdam,Rotterdam,2021,voltijd,hbo,ba,NL,realisatie,31156.0,6955.0,6012.0,6499.0,18645.0,6379.0,6659.0,18118.0,Zuid-Holland
3316,22OJ00,22OJ,Hogeschool Rotterdam,Rotterdam,2022,voltijd,hbo,ba,NL,realisatie,29407.0,6252.0,5374.0,5225.0,18808.0,5731.0,5393.0,18283.0,Zuid-Holland
3317,22OJ00,22OJ,Hogeschool Rotterdam,Rotterdam,2023,voltijd,hbo,ba,NL,realisatie,28030.0,6203.0,5132.0,5017.0,17881.0,5543.0,5160.0,17327.0,Zuid-Holland
3318,22OJ00,22OJ,Hogeschool Rotterdam,Rotterdam,2024,voltijd,hbo,ba,NL,realisatie,27005.0,6297.0,5312.0,4761.0,16932.0,5662.0,4977.0,16366.0,Zuid-Holland
3319,22OJ00,22OJ,Hogeschool Rotterdam,Rotterdam,2017,voltijd,hbo,ba,niet-EER,realisatie,333.0,92.0,74.0,74.0,185.0,86.0,68.0,179.0,Zuid-Holland
3320,22OJ00,22OJ,Hogeschool Rotterdam,Rotterdam,2018,voltijd,hbo,ba,niet-EER,realisatie,364.0,123.0,113.0,63.0,188.0,118.0,64.0,182.0,Zuid-Holland
3321,22OJ00,22OJ,Hogeschool Rotterdam,Rotterdam,2019,voltijd,hbo,ba,niet-EER,realisatie,439.0,155.0,140.0,96.0,203.0,148.0,99.0,192.0,Zuid-Holland
3322,22OJ00,22OJ,Hogeschool Rotterdam,Rotterdam,2020,voltijd,hbo,ba,niet-EER,realisatie,465.0,129.0,122.0,118.0,225.0,124.0,122.0,219.0,Zuid-Holland
3323,22OJ00,22OJ,Hogeschool Rotterdam,Rotterdam,2021,voltijd,hbo,ba,niet-EER,realisatie,478.0,129.0,115.0,107.0,256.0,124.0,102.0,252.0,Zuid-Holland
3324,22OJ00,22OJ,Hogeschool Rotterdam,Rotterdam,2022,voltijd,hbo,ba,niet-EER,realisatie,550.0,188.0,174.0,103.0,273.0,177.0,108.0,265.0,Zuid-Holland
3325,22OJ00,22OJ,Hogeschool Rotterdam,Rotterdam,2023,voltijd,hbo,ba,niet-EER,realisatie,659.0,275.0,258.0,131.0,270.0,265.0,129.0,265.0,Zuid-Holland
3326,22OJ00,22OJ,Hogeschool Rotterdam,Rotterdam,2024,voltijd,hbo,ba,niet-EER,realisatie,743.0,291.0,280.0,160.0,303.0,284.0,166.0,293.0,Zuid-Holland
3327,22OJ00,22OJ,Hogeschool Rotterdam,Rotterdam,2017,voltijd,hbo,ma,EER,realisatie,44.0,20.0,18.0,21.0,0.0,20.0,21.0,0.0,Zuid-Holland
3328,22OJ00,22OJ,Hogeschool Rotterdam,Rotterdam,2018,voltijd,hbo,ma,EER,realisatie,69.0,47.0,39.0,17.0,13.0,47.0,19.0,0.0,Zuid-Holland
3329,22OJ00,22OJ,Hogeschool Rotterdam,Rotterdam,2019,voltijd,hbo,ma,EER,realisatie,96.0,60.0,54.0,29.0,13.0,60.0,36.0,0.0,Zuid-Holland
3330,22OJ00,22OJ,Hogeschool Rotterdam,Rotterdam,2020,voltijd,hbo,ma,EER,realisatie,94.0,57.0,47.0,27.0,20.0,57.0,32.0,0.0,Zuid-Holland
3331,22OJ00,22OJ,Hogeschool Rotterdam,Rotterdam,2021,voltijd,hbo,ma,EER,realisatie,110.0,73.0,61.0,28.0,21.0,73.0,32.0,0.0,Zuid-Holland
3332,22OJ00,22OJ,Hogeschool Rotterdam,Rotterdam,2022,voltijd,hbo,ma,EER,realisatie,132.0,77.0,58.0,34.0,40.0,77.0,43.0,12.0,Zuid-Holland
3333,22OJ00,22OJ,Hogeschool Rotterdam,Rotterdam,2023,voltijd,hbo,ma,EER,realisatie,147.0,100.0,75.0,22.0,50.0,98.0,32.0,17.0,Zuid-Holland
3334,22OJ00,22OJ,Hogeschool Rotterdam,Rotterdam,2024,voltijd,hbo,ma,EER,realisatie,188.0,125.0,94.0,41.0,53.0,125.0,43.0,20.0,Zuid-Holland
3335,22OJ00,22OJ,Hogeschool Rotterdam,Rotterdam,2017,voltijd,hbo,ma,NL,realisatie,204.0,83.0,20.0,17.0,167.0,81.0,74.0,49.0,Zuid-Holland
3336,22OJ00,22OJ,Hogeschool Rotterdam,Rotterdam,2018,voltijd,hbo,ma,NL,realisatie,231.0,109.0,15.0,24.0,192.0,108.0,75.0,48.0,Zuid-Holland
3337,22OJ00,22OJ,Hogeschool Rotterdam,Rotterdam,2019,voltijd,hbo,ma,NL,realisatie,309.0,163.0,20.0,22.0,267.0,163.0,96.0,50.0,Zuid-Holland
3338,22OJ00,22OJ,Hogeschool Rotterdam,Rotterdam,2020,voltijd,hbo,ma,NL,realisatie,348.0,160.0,24.0,22.0,302.0,159.0,121.0,68.0,Zuid-Holland
3339,22OJ00,22OJ,Hogeschool Rotterdam,Rotterdam,2021,voltijd,hbo,ma,NL,realisatie,370.0,158.0,21.0,26.0,323.0,158.0,128.0,84.0,Zuid-Holland
3340,22OJ00,22OJ,Hogeschool Rotterdam,Rotterdam,2022,voltijd,hbo,ma,NL,realisatie,373.0,164.0,17.0,21.0,335.0,159.0,108.0,106.0,Zuid-Holland
3341,22OJ00,22OJ,Hogeschool Rotterdam,Rotterdam,2023,voltijd,hbo,ma,NL,realisatie,384.0,196.0,16.0,18.0,350.0,193.0,103.0,88.0,Zuid-Holland
3342,22OJ00,22OJ,Hogeschool Rotterdam,Rotterdam,2024,voltijd,hbo,ma,NL,realisatie,399.0,201.0,19.0,17.0,363.0,200.0,116.0,83.0,Zuid-Holland
3343,22OJ00,22OJ,Hogeschool Rotterdam,Rotterdam,2017,voltijd,hbo,ma,niet-EER,realisatie,31.0,13.0,12.0,16.0,0.0,13.0,18.0,0.0,Zuid-Holland
3344,22OJ00,22OJ,Hogeschool Rotterdam,Rotterdam,2018,voltijd,hbo,ma,niet-EER,realisatie,113.0,96.0,88.0,16.0,9.0,95.0,15.0,0.0,Zuid-Holland
3345,22OJ00,22OJ,Hogeschool Rotterdam,Rotterdam,2019,voltijd,hbo,ma,niet-EER,realisatie,105.0,58.0,55.0,39.0,11.0,58.0,43.0,0.0,Zuid-Holland
3346,22OJ00,22OJ,Hogeschool Rotterdam,Rotterdam,2020,voltijd,hbo,ma,niet-EER,realisatie,82.0,60.0,50.0,14.0,18.0,60.0,15.0,7.0,Zuid-Holland
3347,22OJ00,22OJ,Hogeschool Rotterdam,Rotterdam,2021,voltijd,hbo,ma,niet-EER,realisatie,72.0,46.0,40.0,18.0,14.0,45.0,21.0,6.0,Zuid-Holland
3348,22OJ00,22OJ,Hogeschool Rotterdam,Rotterdam,2022,voltijd,hbo,ma,niet-EER,realisatie,152.0,126.0,119.0,18.0,15.0,125.0,21.0,6.0,Zuid-Holland
3349,22OJ00,22OJ,Hogeschool Rotterdam,Rotterdam,2023,voltijd,hbo,ma,niet-EER,realisatie,286.0,249.0,211.0,52.0,23.0,249.0,34.0,0.0,Zuid-Holland
3350,22OJ00,22OJ,Hogeschool Rotterdam,Rotterdam,2024,voltijd,hbo,ma,niet-EER,realisatie,248.0,181.0,127.0,83.0,38.0,179.0,58.0,11.0,Zuid-Holland
3351,22OJ02,22OJ,Hogeschool Rotterdam,Dordrecht,2022,deeltijd,hbo,ad,NL,realisatie,36.0,35.0,27.0,0.0,0.0,34.0,0.0,0.0,
3352,22OJ02,22OJ,Hogeschool Rotterdam,Dordrecht,2023,deeltijd,hbo,ad,NL,realisatie,53.0,30.0,21.0,24.0,8.0,27.0,24.0,0.0,
3353,22OJ02,22OJ,Hogeschool Rotterdam,Dordrecht,2024,deeltijd,hbo,ad,NL,realisatie,56.0,26.0,18.0,18.0,20.0,26.0,17.0,13.0,
3354,22OJ02,22OJ,Hogeschool Rotterdam,Dordrecht,2024,deeltijd,hbo,ad,niet-EER,realisatie,0.0,0.0,0.0,0.0,0.0,0.0,0.0,0.0,
3355,22OJ02,22OJ,Hogeschool Rotterdam,Dordrecht,2022,voltijd,hbo,ad,NL,realisatie,14.0,12.0,0.0,0.0,7.0,12.0,0.0,0.0,
3356,22OJ02,22OJ,Hogeschool Rotterdam,Dordrecht,2023,voltijd,hbo,ad,NL,realisatie,21.0,10.0,7.0,0.0,10.0,10.0,9.0,0.0,
3357,22OJ02,22OJ,Hogeschool Rotterdam,Dordrecht,2024,voltijd,hbo,ad,NL,realisatie,18.0,10.0,6.0,9.0,0.0,10.0,8.0,0.0,
3358,23AH00,23AH,Saxion Hogeschool,Enschede,2022,deeltijd,hbo,ad,EER,realisatie,0.0,0.0,0.0,0.0,0.0,0.0,0.0,0.0,Overijssel
3359,23AH00,23AH,Saxion Hogeschool,Enschede,2023,deeltijd,hbo,ad,EER,realisatie,0.0,0.0,0.0,0.0,0.0,0.0,0.0,0.0,Overijssel
3360,23AH00,23AH,Saxion Hogeschool,Enschede,2024,deeltijd,hbo,ad,EER,realisatie,0.0,0.0,0.0,0.0,0.0,0.0,0.0,0.0,Overijssel
3361,23AH00,23AH,Saxion Hogeschool,Enschede,2017,deeltijd,hbo,ad,NL,realisatie,13.0,11.0,7.0,0.0,0.0,11.0,0.0,0.0,Overijssel
3362,23AH00,23AH,Saxion Hogeschool,Enschede,2018,deeltijd,hbo,ad,NL,realisatie,33.0,28.0,8.0,11.0,14.0,28.0,0.0,0.0,Overijssel
3363,23AH00,23AH,Saxion Hogeschool,Enschede,2019,deeltijd,hbo,ad,NL,realisatie,72.0,48.0,29.0,15.0,28.0,48.0,21.0,0.0,Overijssel
3364,23AH00,23AH,Saxion Hogeschool,Enschede,2020,deeltijd,hbo,ad,NL,realisatie,104.0,58.0,33.0,37.0,34.0,58.0,38.0,8.0,Overijssel
3365,23AH00,23AH,Saxion Hogeschool,Enschede,2021,deeltijd,hbo,ad,NL,realisatie,169.0,120.0,68.0,36.0,65.0,118.0,43.0,8.0,Overijssel
3366,23AH00,23AH,Saxion Hogeschool,Enschede,2022,deeltijd,hbo,ad,NL,realisatie,237.0,147.0,89.0,69.0,79.0,145.0,75.0,17.0,Overijssel
3367,23AH00,23AH,Saxion Hogeschool,Enschede,2023,deeltijd,hbo,ad,NL,realisatie,301.0,180.0,92.0,95.0,114.0,172.0,94.0,35.0,Overijssel
3368,23AH00,23AH,Saxion Hogeschool,Enschede,2024,deeltijd,hbo,ad,NL,realisatie,390.0,227.0,111.0,102.0,177.0,217.0,116.0,57.0,Overijssel
3369,23AH00,23AH,Saxion Hogeschool,Enschede,2017,deeltijd,hbo,ba,EER,realisatie,599.0,271.0,260.0,85.0,254.0,260.0,85.0,254.0,Overijssel
3370,23AH00,23AH,Saxion Hogeschool,Enschede,2018,deeltijd,hbo,ba,EER,realisatie,545.0,135.0,128.0,178.0,239.0,128.0,178.0,239.0,Overijssel
3371,23AH00,23AH,Saxion Hogeschool,Enschede,2019,deeltijd,hbo,ba,EER,realisatie,535.0,182.0,175.0,104.0,256.0,175.0,104.0,256.0,Overijssel
3372,23AH00,23AH,Saxion Hogeschool,Enschede,2020,deeltijd,hbo,ba,EER,realisatie,631.0,206.0,203.0,143.0,285.0,203.0,143.0,285.0,Overijssel
3373,23AH00,23AH,Saxion Hogeschool,Enschede,2021,deeltijd,hbo,ba,EER,realisatie,663.0,183.0,170.0,158.0,335.0,172.0,156.0,335.0,Overijssel
3374,23AH00,23AH,Saxion Hogeschool,Enschede,2022,deeltijd,hbo,ba,EER,realisatie,699.0,158.0,144.0,146.0,409.0,148.0,146.0,405.0,Overijssel
3375,23AH00,23AH,Saxion Hogeschool,Enschede,2023,deeltijd,hbo,ba,EER,realisatie,692.0,168.0,161.0,117.0,414.0,161.0,121.0,410.0,Overijssel
3376,23AH00,23AH,Saxion Hogeschool,Enschede,2024,deeltijd,hbo,ba,EER,realisatie,696.0,172.0,164.0,128.0,404.0,164.0,128.0,404.0,Overijssel
3377,23AH00,23AH,Saxion Hogeschool,Enschede,2017,deeltijd,hbo,ba,NL,realisatie,837.0,252.0,106.0,118.0,613.0,116.0,121.0,600.0,Overijssel
3378,23AH00,23AH,Saxion Hogeschool,Enschede,2018,deeltijd,hbo,ba,NL,realisatie,858.0,283.0,160.0,112.0,586.0,165.0,120.0,573.0,Overijssel
3379,23AH00,23AH,Saxion Hogeschool,Enschede,2019,deeltijd,hbo,ba,NL,realisatie,881.0,304.0,196.0,150.0,535.0,203.0,152.0,526.0,Overijssel
3380,23AH00,23AH,Saxion Hogeschool,Enschede,2020,deeltijd,hbo,ba,NL,realisatie,884.0,258.0,142.0,172.0,570.0,146.0,179.0,559.0,Overijssel
3381,23AH00,23AH,Saxion Hogeschool,Enschede,2021,deeltijd,hbo,ba,NL,realisatie,898.0,274.0,141.0,142.0,615.0,146.0,143.0,609.0,Overijssel
3382,23AH00,23AH,Saxion Hogeschool,Enschede,2022,deeltijd,hbo,ba,NL,realisatie,843.0,259.0,141.0,110.0,592.0,151.0,113.0,579.0,Overijssel
3383,23AH00,23AH,Saxion Hogeschool,Enschede,2023,deeltijd,hbo,ba,NL,realisatie,829.0,265.0,133.0,140.0,556.0,149.0,144.0,536.0,Overijssel
3384,23AH00,23AH,Saxion Hogeschool,Enschede,2024,deeltijd,hbo,ba,NL,realisatie,770.0,193.0,102.0,109.0,559.0,111.0,127.0,532.0,Overijssel
3385,23AH00,23AH,Saxion Hogeschool,Enschede,2017,deeltijd,hbo,ba,niet-EER,realisatie,0.0,0.0,0.0,0.0,0.0,0.0,0.0,0.0,Overijssel
3386,23AH00,23AH,Saxion Hogeschool,Enschede,2018,deeltijd,hbo,ba,niet-EER,realisatie,0.0,0.0,0.0,0.0,0.0,0.0,0.0,0.0,Overijssel
3387,23AH00,23AH,Saxion Hogeschool,Enschede,2019,deeltijd,hbo,ba,niet-EER,realisatie,0.0,0.0,0.0,0.0,0.0,0.0,0.0,0.0,Overijssel
3388,23AH00,23AH,Saxion Hogeschool,Enschede,2020,deeltijd,hbo,ba,niet-EER,realisatie,0.0,0.0,0.0,0.0,0.0,0.0,0.0,0.0,Overijssel
3389,23AH00,23AH,Saxion Hogeschool,Enschede,2021,deeltijd,hbo,ba,niet-EER,realisatie,0.0,0.0,0.0,0.0,0.0,0.0,0.0,0.0,Overijssel
3390,23AH00,23AH,Saxion Hogeschool,Enschede,2022,deeltijd,hbo,ba,niet-EER,realisatie,0.0,0.0,0.0,0.0,0.0,0.0,0.0,0.0,Overijssel
3391,23AH00,23AH,Saxion Hogeschool,Enschede,2023,deeltijd,hbo,ba,niet-EER,realisatie,0.0,0.0,0.0,0.0,0.0,0.0,0.0,0.0,Overijssel
3392,23AH00,23AH,Saxion Hogeschool,Enschede,2024,deeltijd,hbo,ba,niet-EER,realisatie,0.0,0.0,0.0,0.0,0.0,0.0,0.0,0.0,Overijssel
3393,23AH00,23AH,Saxion Hogeschool,Enschede,2017,deeltijd,hbo,ma,EER,realisatie,0.0,0.0,0.0,0.0,0.0,0.0,0.0,0.0,Overijssel
3394,23AH00,23AH,Saxion Hogeschool,Enschede,2018,deeltijd,hbo,ma,EER,realisatie,0.0,0.0,0.0,0.0,0.0,0.0,0.0,0.0,Overijssel
3395,23AH00,23AH,Saxion Hogeschool,Enschede,2019,deeltijd,hbo,ma,EER,realisatie,0.0,0.0,0.0,0.0,0.0,0.0,0.0,0.0,Overijssel
3396,23AH00,23AH,Saxion Hogeschool,Enschede,2022,deeltijd,hbo,ma,EER,realisatie,0.0,0.0,0.0,0.0,0.0,0.0,0.0,0.0,Overijssel
3397,23AH00,23AH,Saxion Hogeschool,Enschede,2023,deeltijd,hbo,ma,EER,realisatie,0.0,0.0,0.0,0.0,0.0,0.0,0.0,0.0,Overijssel
3398,23AH00,23AH,Saxion Hogeschool,Enschede,2024,deeltijd,hbo,ma,EER,realisatie,0.0,0.0,0.0,0.0,0.0,0.0,0.0,0.0,Overijssel
3399,23AH00,23AH,Saxion Hogeschool,Enschede,2017,deeltijd,hbo,ma,NL,realisatie,119.0,46.0,0.0,0.0,118.0,41.0,33.0,45.0,Overijssel
3400,23AH00,23AH,Saxion Hogeschool,Enschede,2018,deeltijd,hbo,ma,NL,realisatie,107.0,50.0,0.0,0.0,105.0,45.0,35.0,27.0,Overijssel
3401,23AH00,23AH,Saxion Hogeschool,Enschede,2019,deeltijd,hbo,ma,NL,realisatie,113.0,60.0,0.0,0.0,111.0,57.0,34.0,22.0,Overijssel
3402,23AH00,23AH,Saxion Hogeschool,Enschede,2020,deeltijd,hbo,ma,NL,realisatie,124.0,52.0,0.0,0.0,122.0,51.0,45.0,28.0,Overijssel
3403,23AH00,23AH,Saxion Hogeschool,Enschede,2021,deeltijd,hbo,ma,NL,realisatie,121.0,49.0,0.0,0.0,118.0,46.0,45.0,30.0,Overijssel
3404,23AH00,23AH,Saxion Hogeschool,Enschede,2022,deeltijd,hbo,ma,NL,realisatie,96.0,39.0,0.0,0.0,90.0,37.0,34.0,25.0,Overijssel
3405,23AH00,23AH,Saxion Hogeschool,Enschede,2023,deeltijd,hbo,ma,NL,realisatie,92.0,34.0,0.0,0.0,91.0,32.0,32.0,28.0,Overijssel
3406,23AH00,23AH,Saxion Hogeschool,Enschede,2024,deeltijd,hbo,ma,NL,realisatie,82.0,33.0,0.0,0.0,80.0,32.0,27.0,23.0,Overijssel
3407,23AH00,23AH,Saxion Hogeschool,Enschede,2022,voltijd,hbo,ad,EER,realisatie,0.0,0.0,0.0,0.0,0.0,0.0,0.0,0.0,Overijssel
3408,23AH00,23AH,Saxion Hogeschool,Enschede,2023,voltijd,hbo,ad,EER,realisatie,0.0,0.0,0.0,0.0,0.0,0.0,0.0,0.0,Overijssel
3409,23AH00,23AH,Saxion Hogeschool,Enschede,2024,voltijd,hbo,ad,EER,realisatie,8.0,0.0,0.0,0.0,0.0,0.0,0.0,0.0,Overijssel
3410,23AH00,23AH,Saxion Hogeschool,Enschede,2017,voltijd,hbo,ad,NL,realisatie,17.0,0.0,0.0,0.0,17.0,0.0,0.0,15.0,Overijssel
3411,23AH00,23AH,Saxion Hogeschool,Enschede,2018,voltijd,hbo,ad,NL,realisatie,10.0,0.0,0.0,0.0,10.0,0.0,0.0,10.0,Overijssel
3412,23AH00,23AH,Saxion Hogeschool,Enschede,2019,voltijd,hbo,ad,NL,realisatie,0.0,0.0,0.0,0.0,0.0,0.0,0.0,0.0,Overijssel
3413,23AH00,23AH,Saxion Hogeschool,Enschede,2020,voltijd,hbo,ad,NL,realisatie,0.0,0.0,0.0,0.0,0.0,0.0,0.0,0.0,Overijssel
3414,23AH00,23AH,Saxion Hogeschool,Enschede,2021,voltijd,hbo,ad,NL,realisatie,53.0,52.0,20.0,16.0,17.0,52.0,0.0,0.0,Overijssel
3415,23AH00,23AH,Saxion Hogeschool,Enschede,2022,voltijd,hbo,ad,NL,realisatie,109.0,70.0,24.0,24.0,61.0,70.0,38.0,0.0,Overijssel
3416,23AH00,23AH,Saxion Hogeschool,Enschede,2023,voltijd,hbo,ad,NL,realisatie,276.0,201.0,89.0,77.0,110.0,199.0,48.0,29.0,Overijssel
3417,23AH00,23AH,Saxion Hogeschool,Enschede,2024,voltijd,hbo,ad,NL,realisatie,439.0,250.0,111.0,128.0,200.0,250.0,139.0,50.0,Overijssel
3418,23AH00,23AH,Saxion Hogeschool,Enschede,2022,voltijd,hbo,ad,niet-EER,realisatie,0.0,0.0,0.0,0.0,0.0,0.0,0.0,0.0,Overijssel
3419,23AH00,23AH,Saxion Hogeschool,Enschede,2023,voltijd,hbo,ad,niet-EER,realisatie,6.0,0.0,0.0,0.0,0.0,0.0,0.0,0.0,Overijssel
3420,23AH00,23AH,Saxion Hogeschool,Enschede,2024,voltijd,hbo,ad,niet-EER,realisatie,10.0,0.0,0.0,0.0,0.0,0.0,0.0,0.0,Overijssel
3421,23AH00,23AH,Saxion Hogeschool,Enschede,2017,voltijd,hbo,ba,EER,realisatie,1278.0,356.0,337.0,238.0,703.0,341.0,238.0,699.0,Overijssel
3422,23AH00,23AH,Saxion Hogeschool,Enschede,2018,voltijd,hbo,ba,EER,realisatie,1182.0,285.0,264.0,268.0,650.0,275.0,260.0,647.0,Overijssel
3423,23AH00,23AH,Saxion Hogeschool,Enschede,2019,voltijd,hbo,ba,EER,realisatie,1134.0,299.0,276.0,222.0,636.0,282.0,226.0,626.0,Overijssel
3424,23AH00,23AH,Saxion Hogeschool,Enschede,2020,voltijd,hbo,ba,EER,realisatie,1111.0,261.0,247.0,253.0,611.0,254.0,252.0,605.0,Overijssel
3425,23AH00,23AH,Saxion Hogeschool,Enschede,2021,voltijd,hbo,ba,EER,realisatie,1095.0,332.0,315.0,214.0,566.0,323.0,214.0,558.0,Overijssel
3426,23AH00,23AH,Saxion Hogeschool,Enschede,2022,voltijd,hbo,ba,EER,realisatie,1124.0,321.0,287.0,275.0,562.0,312.0,267.0,545.0,Overijssel
3427,23AH00,23AH,Saxion Hogeschool,Enschede,2023,voltijd,hbo,ba,EER,realisatie,1071.0,289.0,266.0,230.0,575.0,279.0,242.0,550.0,Overijssel
3428,23AH00,23AH,Saxion Hogeschool,Enschede,2024,voltijd,hbo,ba,EER,realisatie,1046.0,258.0,229.0,236.0,581.0,239.0,241.0,566.0,Overijssel
3429,23AH00,23AH,Saxion Hogeschool,Enschede,2017,voltijd,hbo,ba,NL,realisatie,13449.0,3432.0,2945.0,2468.0,8036.0,3085.0,2485.0,7879.0,Overijssel
3430,23AH00,23AH,Saxion Hogeschool,Enschede,2018,voltijd,hbo,ba,NL,realisatie,13574.0,3566.0,3141.0,2549.0,7884.0,3279.0,2585.0,7710.0,Overijssel
3431,23AH00,23AH,Saxion Hogeschool,Enschede,2019,voltijd,hbo,ba,NL,realisatie,13912.0,3684.0,3188.0,2788.0,7936.0,3322.0,2817.0,7773.0,Overijssel
3432,23AH00,23AH,Saxion Hogeschool,Enschede,2020,voltijd,hbo,ba,NL,realisatie,14722.0,3901.0,3420.0,2944.0,8358.0,3523.0,3010.0,8189.0,Overijssel
3433,23AH00,23AH,Saxion Hogeschool,Enschede,2021,voltijd,hbo,ba,NL,realisatie,14686.0,3516.0,3167.0,2990.0,8529.0,3287.0,3020.0,8379.0,Overijssel
3434,23AH00,23AH,Saxion Hogeschool,Enschede,2022,voltijd,hbo,ba,NL,realisatie,13866.0,3196.0,2811.0,2687.0,8368.0,2950.0,2715.0,8201.0,Overijssel
3435,23AH00,23AH,Saxion Hogeschool,Enschede,2023,voltijd,hbo,ba,NL,realisatie,12803.0,2930.0,2550.0,2226.0,8027.0,2689.0,2272.0,7842.0,Overijssel
3436,23AH00,23AH,Saxion Hogeschool,Enschede,2024,voltijd,hbo,ba,NL,realisatie,12292.0,2958.0,2547.0,2220.0,7525.0,2685.0,2266.0,7341.0,Overijssel
3437,23AH00,23AH,Saxion Hogeschool,Enschede,2017,voltijd,hbo,ba,niet-EER,realisatie,371.0,161.0,157.0,64.0,150.0,157.0,65.0,149.0,Overijssel
3438,23AH00,23AH,Saxion Hogeschool,Enschede,2018,voltijd,hbo,ba,niet-EER,realisatie,388.0,145.0,139.0,94.0,155.0,139.0,95.0,154.0,Overijssel
3439,23AH00,23AH,Saxion Hogeschool,Enschede,2019,voltijd,hbo,ba,niet-EER,realisatie,381.0,119.0,115.0,85.0,181.0,117.0,84.0,180.0,Overijssel
3440,23AH00,23AH,Saxion Hogeschool,Enschede,2020,voltijd,hbo,ba,niet-EER,realisatie,335.0,87.0,80.0,83.0,172.0,81.0,85.0,169.0,Overijssel
3441,23AH00,23AH,Saxion Hogeschool,Enschede,2021,voltijd,hbo,ba,niet-EER,realisatie,436.0,189.0,174.0,83.0,179.0,185.0,73.0,178.0,Overijssel
3442,23AH00,23AH,Saxion Hogeschool,Enschede,2022,voltijd,hbo,ba,niet-EER,realisatie,422.0,153.0,140.0,105.0,177.0,151.0,102.0,169.0,Overijssel
3443,23AH00,23AH,Saxion Hogeschool,Enschede,2023,voltijd,hbo,ba,niet-EER,realisatie,418.0,142.0,134.0,87.0,197.0,140.0,91.0,187.0,Overijssel
3444,23AH00,23AH,Saxion Hogeschool,Enschede,2024,voltijd,hbo,ba,niet-EER,realisatie,434.0,137.0,130.0,97.0,207.0,134.0,100.0,200.0,Overijssel
3445,23AH00,23AH,Saxion Hogeschool,Enschede,2017,voltijd,hbo,ma,EER,realisatie,8.0,0.0,0.0,0.0,0.0,0.0,0.0,0.0,Overijssel
3446,23AH00,23AH,Saxion Hogeschool,Enschede,2018,voltijd,hbo,ma,EER,realisatie,7.0,0.0,0.0,0.0,0.0,0.0,0.0,0.0,Overijssel
3447,23AH00,23AH,Saxion Hogeschool,Enschede,2019,voltijd,hbo,ma,EER,realisatie,0.0,0.0,0.0,0.0,0.0,0.0,0.0,0.0,Overijssel
3448,23AH00,23AH,Saxion Hogeschool,Enschede,2020,voltijd,hbo,ma,EER,realisatie,0.0,0.0,0.0,0.0,0.0,0.0,0.0,0.0,Overijssel
3449,23AH00,23AH,Saxion Hogeschool,Enschede,2021,voltijd,hbo,ma,EER,realisatie,9.0,0.0,0.0,0.0,0.0,0.0,0.0,0.0,Overijssel
3450,23AH00,23AH,Saxion Hogeschool,Enschede,2022,voltijd,hbo,ma,EER,realisatie,12.0,7.0,0.0,0.0,7.0,7.0,0.0,0.0,Overijssel
3451,23AH00,23AH,Saxion Hogeschool,Enschede,2023,voltijd,hbo,ma,EER,realisatie,11.0,0.0,0.0,0.0,0.0,0.0,0.0,0.0,Overijssel
3452,23AH00,23AH,Saxion Hogeschool,Enschede,2024,voltijd,hbo,ma,EER,realisatie,13.0,7.0,0.0,0.0,0.0,7.0,0.0,0.0,Overijssel
3453,23AH00,23AH,Saxion Hogeschool,Enschede,2017,voltijd,hbo,ma,NL,realisatie,96.0,51.0,7.0,0.0,85.0,50.0,39.0,7.0,Overijssel
3454,23AH00,23AH,Saxion Hogeschool,Enschede,2018,voltijd,hbo,ma,NL,realisatie,104.0,51.0,0.0,0.0,95.0,50.0,46.0,8.0,Overijssel
3455,23AH00,23AH,Saxion Hogeschool,Enschede,2019,voltijd,hbo,ma,NL,realisatie,126.0,65.0,0.0,0.0,117.0,64.0,48.0,14.0,Overijssel
3456,23AH00,23AH,Saxion Hogeschool,Enschede,2020,voltijd,hbo,ma,NL,realisatie,135.0,64.0,6.0,0.0,124.0,61.0,60.0,14.0,Overijssel
3457,23AH00,23AH,Saxion Hogeschool,Enschede,2021,voltijd,hbo,ma,NL,realisatie,141.0,67.0,0.0,9.0,129.0,66.0,54.0,21.0,Overijssel
3458,23AH00,23AH,Saxion Hogeschool,Enschede,2022,voltijd,hbo,ma,NL,realisatie,148.0,67.0,7.0,0.0,139.0,66.0,62.0,20.0,Overijssel
3459,23AH00,23AH,Saxion Hogeschool,Enschede,2023,voltijd,hbo,ma,NL,realisatie,134.0,54.0,0.0,7.0,125.0,54.0,61.0,19.0,Overijssel
3460,23AH00,23AH,Saxion Hogeschool,Enschede,2024,voltijd,hbo,ma,NL,realisatie,126.0,55.0,0.0,0.0,121.0,53.0,54.0,19.0,Overijssel
3461,23AH00,23AH,Saxion Hogeschool,Enschede,2017,voltijd,hbo,ma,niet-EER,realisatie,0.0,0.0,0.0,0.0,0.0,0.0,0.0,0.0,Overijssel
3462,23AH00,23AH,Saxion Hogeschool,Enschede,2018,voltijd,hbo,ma,niet-EER,realisatie,12.0,8.0,8.0,0.0,0.0,8.0,0.0,0.0,Overijssel
3463,23AH00,23AH,Saxion Hogeschool,Enschede,2019,voltijd,hbo,ma,niet-EER,realisatie,16.0,7.0,7.0,8.0,0.0,7.0,8.0,0.0,Overijssel
3464,23AH00,23AH,Saxion Hogeschool,Enschede,2020,voltijd,hbo,ma,niet-EER,realisatie,16.0,0.0,0.0,7.0,6.0,0.0,7.0,6.0,Overijssel
3465,23AH00,23AH,Saxion Hogeschool,Enschede,2021,voltijd,hbo,ma,niet-EER,realisatie,22.0,16.0,16.0,0.0,0.0,16.0,0.0,0.0,Overijssel
3466,23AH00,23AH,Saxion Hogeschool,Enschede,2022,voltijd,hbo,ma,niet-EER,realisatie,21.0,10.0,9.0,11.0,0.0,9.0,11.0,0.0,Overijssel
3467,23AH00,23AH,Saxion Hogeschool,Enschede,2023,voltijd,hbo,ma,niet-EER,realisatie,11.0,0.0,0.0,0.0,0.0,0.0,0.0,0.0,Overijssel
3468,23AH00,23AH,Saxion Hogeschool,Enschede,2024,voltijd,hbo,ma,niet-EER,realisatie,13.0,8.0,7.0,0.0,0.0,8.0,0.0,0.0,Overijssel
3469,23AH01,23AH,Saxion Hogeschool,Deventer,2024,deeltijd,hbo,ad,EER,realisatie,0.0,0.0,0.0,0.0,0.0,0.0,0.0,0.0,
3470,23AH01,23AH,Saxion Hogeschool,Deventer,2017,deeltijd,hbo,ad,NL,realisatie,19.0,16.0,6.0,7.0,6.0,16.0,0.0,0.0,
3471,23AH01,23AH,Saxion Hogeschool,Deventer,2018,deeltijd,hbo,ad,NL,realisatie,22.0,11.0,0.0,7.0,12.0,8.0,11.0,0.0,
3472,23AH01,23AH,Saxion Hogeschool,Deventer,2019,deeltijd,hbo,ad,NL,realisatie,24.0,10.0,0.0,0.0,18.0,10.0,0.0,11.0,
3473,23AH01,23AH,Saxion Hogeschool,Deventer,2020,deeltijd,hbo,ad,NL,realisatie,49.0,39.0,26.0,9.0,14.0,39.0,6.0,0.0,
3474,23AH01,23AH,Saxion Hogeschool,Deventer,2021,deeltijd,hbo,ad,NL,realisatie,83.0,53.0,31.0,24.0,28.0,52.0,26.0,0.0,
3475,23AH01,23AH,Saxion Hogeschool,Deventer,2022,deeltijd,hbo,ad,NL,realisatie,100.0,56.0,25.0,27.0,48.0,56.0,31.0,13.0,
3476,23AH01,23AH,Saxion Hogeschool,Deventer,2023,deeltijd,hbo,ad,NL,realisatie,92.0,42.0,20.0,25.0,47.0,40.0,37.0,15.0,
3477,23AH01,23AH,Saxion Hogeschool,Deventer,2024,deeltijd,hbo,ad,NL,realisatie,98.0,56.0,32.0,19.0,47.0,52.0,25.0,21.0,
3478,23AH01,23AH,Saxion Hogeschool,Deventer,2024,deeltijd,hbo,ad,niet-EER,realisatie,0.0,0.0,0.0,0.0,0.0,0.0,0.0,0.0,
3479,23AH01,23AH,Saxion Hogeschool,Deventer,2017,deeltijd,hbo,ba,EER,realisatie,0.0,0.0,0.0,0.0,0.0,0.0,0.0,0.0,
3480,23AH01,23AH,Saxion Hogeschool,Deventer,2018,deeltijd,hbo,ba,EER,realisatie,0.0,0.0,0.0,0.0,0.0,0.0,0.0,0.0,
3481,23AH01,23AH,Saxion Hogeschool,Deventer,2019,deeltijd,hbo,ba,EER,realisatie,0.0,0.0,0.0,0.0,0.0,0.0,0.0,0.0,
3482,23AH01,23AH,Saxion Hogeschool,Deventer,2020,deeltijd,hbo,ba,EER,realisatie,0.0,0.0,0.0,0.0,0.0,0.0,0.0,0.0,
3483,23AH01,23AH,Saxion Hogeschool,Deventer,2021,deeltijd,hbo,ba,EER,realisatie,0.0,0.0,0.0,0.0,0.0,0.0,0.0,0.0,
3484,23AH01,23AH,Saxion Hogeschool,Deventer,2022,deeltijd,hbo,ba,EER,realisatie,6.0,0.0,0.0,0.0,0.0,0.0,0.0,0.0,
3485,23AH01,23AH,Saxion Hogeschool,Deventer,2023,deeltijd,hbo,ba,EER,realisatie,0.0,0.0,0.0,0.0,0.0,0.0,0.0,0.0,
3486,23AH01,23AH,Saxion Hogeschool,Deventer,2024,deeltijd,hbo,ba,EER,realisatie,0.0,0.0,0.0,0.0,0.0,0.0,0.0,0.0,
3487,23AH01,23AH,Saxion Hogeschool,Deventer,2017,deeltijd,hbo,ba,NL,realisatie,800.0,263.0,124.0,117.0,559.0,132.0,127.0,541.0,
3488,23AH01,23AH,Saxion Hogeschool,Deventer,2018,deeltijd,hbo,ba,NL,realisatie,885.0,341.0,140.0,130.0,615.0,153.0,134.0,598.0,
3489,23AH01,23AH,Saxion Hogeschool,Deventer,2019,deeltijd,hbo,ba,NL,realisatie,912.0,338.0,147.0,136.0,629.0,161.0,145.0,606.0,
3490,23AH01,23AH,Saxion Hogeschool,Deventer,2020,deeltijd,hbo,ba,NL,realisatie,994.0,365.0,129.0,148.0,717.0,151.0,160.0,683.0,
3491,23AH01,23AH,Saxion Hogeschool,Deventer,2021,deeltijd,hbo,ba,NL,realisatie,1018.0,360.0,154.0,138.0,726.0,170.0,158.0,690.0,
3492,23AH01,23AH,Saxion Hogeschool,Deventer,2022,deeltijd,hbo,ba,NL,realisatie,1010.0,330.0,161.0,149.0,700.0,174.0,156.0,680.0,
3493,23AH01,23AH,Saxion Hogeschool,Deventer,2023,deeltijd,hbo,ba,NL,realisatie,932.0,266.0,113.0,152.0,667.0,122.0,165.0,645.0,
3494,23AH01,23AH,Saxion Hogeschool,Deventer,2024,deeltijd,hbo,ba,NL,realisatie,893.0,284.0,121.0,111.0,661.0,130.0,124.0,639.0,
3495,23AH01,23AH,Saxion Hogeschool,Deventer,2017,deeltijd,hbo,ba,niet-EER,realisatie,0.0,0.0,0.0,0.0,0.0,0.0,0.0,0.0,
3496,23AH01,23AH,Saxion Hogeschool,Deventer,2019,deeltijd,hbo,ba,niet-EER,realisatie,0.0,0.0,0.0,0.0,0.0,0.0,0.0,0.0,
3497,23AH01,23AH,Saxion Hogeschool,Deventer,2020,deeltijd,hbo,ba,niet-EER,realisatie,0.0,0.0,0.0,0.0,0.0,0.0,0.0,0.0,
3498,23AH01,23AH,Saxion Hogeschool,Deventer,2021,deeltijd,hbo,ba,niet-EER,realisatie,0.0,0.0,0.0,0.0,0.0,0.0,0.0,0.0,
3499,23AH01,23AH,Saxion Hogeschool,Deventer,2022,deeltijd,hbo,ba,niet-EER,realisatie,0.0,0.0,0.0,0.0,0.0,0.0,0.0,0.0,
3500,23AH01,23AH,Saxion Hogeschool,Deventer,2023,deeltijd,hbo,ba,niet-EER,realisatie,0.0,0.0,0.0,0.0,0.0,0.0,0.0,0.0,
3501,23AH01,23AH,Saxion Hogeschool,Deventer,2024,deeltijd,hbo,ba,niet-EER,realisatie,0.0,0.0,0.0,0.0,0.0,0.0,0.0,0.0,
3502,23AH01,23AH,Saxion Hogeschool,Deventer,2024,voltijd,hbo,ad,EER,realisatie,0.0,0.0,0.0,0.0,0.0,0.0,0.0,0.0,
3503,23AH01,23AH,Saxion Hogeschool,Deventer,2017,voltijd,hbo,ad,NL,realisatie,12.0,0.0,0.0,0.0,12.0,0.0,0.0,9.0,
3504,23AH01,23AH,Saxion Hogeschool,Deventer,2018,voltijd,hbo,ad,NL,realisatie,8.0,0.0,0.0,0.0,8.0,0.0,0.0,6.0,
3505,23AH01,23AH,Saxion Hogeschool,Deventer,2019,voltijd,hbo,ad,NL,realisatie,0.0,0.0,0.0,0.0,0.0,0.0,0.0,0.0,
3506,23AH01,23AH,Saxion Hogeschool,Deventer,2021,voltijd,hbo,ad,NL,realisatie,15.0,15.0,10.0,0.0,0.0,15.0,0.0,0.0,
3507,23AH01,23AH,Saxion Hogeschool,Deventer,2022,voltijd,hbo,ad,NL,realisatie,28.0,14.0,9.0,13.0,6.0,13.0,15.0,0.0,
3508,23AH01,23AH,Saxion Hogeschool,Deventer,2023,voltijd,hbo,ad,NL,realisatie,36.0,21.0,13.0,12.0,11.0,21.0,10.0,0.0,
3509,23AH01,23AH,Saxion Hogeschool,Deventer,2024,voltijd,hbo,ad,NL,realisatie,115.0,98.0,42.0,37.0,36.0,93.0,17.0,0.0,
3510,23AH01,23AH,Saxion Hogeschool,Deventer,2024,voltijd,hbo,ad,niet-EER,realisatie,0.0,0.0,0.0,0.0,0.0,0.0,0.0,0.0,
3511,23AH01,23AH,Saxion Hogeschool,Deventer,2017,voltijd,hbo,ba,EER,realisatie,198.0,63.0,57.0,25.0,116.0,60.0,24.0,114.0,
3512,23AH01,23AH,Saxion Hogeschool,Deventer,2018,voltijd,hbo,ba,EER,realisatie,188.0,40.0,38.0,41.0,109.0,38.0,43.0,107.0,
3513,23AH01,23AH,Saxion Hogeschool,Deventer,2019,voltijd,hbo,ba,EER,realisatie,173.0,37.0,35.0,31.0,107.0,35.0,31.0,107.0,
3514,23AH01,23AH,Saxion Hogeschool,Deventer,2020,voltijd,hbo,ba,EER,realisatie,172.0,41.0,39.0,30.0,103.0,39.0,30.0,103.0,
3515,23AH01,23AH,Saxion Hogeschool,Deventer,2021,voltijd,hbo,ba,EER,realisatie,152.0,41.0,38.0,23.0,91.0,38.0,23.0,91.0,
3516,23AH01,23AH,Saxion Hogeschool,Deventer,2022,voltijd,hbo,ba,EER,realisatie,153.0,50.0,45.0,32.0,76.0,49.0,28.0,76.0,
3517,23AH01,23AH,Saxion Hogeschool,Deventer,2023,voltijd,hbo,ba,EER,realisatie,143.0,42.0,41.0,27.0,75.0,42.0,30.0,71.0,
3518,23AH01,23AH,Saxion Hogeschool,Deventer,2024,voltijd,hbo,ba,EER,realisatie,135.0,37.0,33.0,32.0,70.0,33.0,32.0,70.0,
3519,23AH01,23AH,Saxion Hogeschool,Deventer,2017,voltijd,hbo,ba,NL,realisatie,6724.0,1672.0,1482.0,1227.0,4015.0,1504.0,1227.0,3993.0,
3520,23AH01,23AH,Saxion Hogeschool,Deventer,2018,voltijd,hbo,ba,NL,realisatie,6915.0,1836.0,1626.0,1343.0,3946.0,1649.0,1348.0,3918.0,
3521,23AH01,23AH,Saxion Hogeschool,Deventer,2019,voltijd,hbo,ba,NL,realisatie,7042.0,1847.0,1625.0,1458.0,3959.0,1656.0,1464.0,3922.0,
3522,23AH01,23AH,Saxion Hogeschool,Deventer,2020,voltijd,hbo,ba,NL,realisatie,7508.0,2111.0,1869.0,1513.0,4126.0,1899.0,1522.0,4087.0,
3523,23AH01,23AH,Saxion Hogeschool,Deventer,2021,voltijd,hbo,ba,NL,realisatie,7612.0,1974.0,1749.0,1647.0,4216.0,1773.0,1667.0,4172.0,
3524,23AH01,23AH,Saxion Hogeschool,Deventer,2022,voltijd,hbo,ba,NL,realisatie,7371.0,1637.0,1444.0,1502.0,4425.0,1480.0,1508.0,4383.0,
3525,23AH01,23AH,Saxion Hogeschool,Deventer,2023,voltijd,hbo,ba,NL,realisatie,7104.0,1698.0,1483.0,1266.0,4355.0,1527.0,1272.0,4305.0,
3526,23AH01,23AH,Saxion Hogeschool,Deventer,2024,voltijd,hbo,ba,NL,realisatie,6987.0,1862.0,1647.0,1278.0,4062.0,1682.0,1296.0,4009.0,
3527,23AH01,23AH,Saxion Hogeschool,Deventer,2017,voltijd,hbo,ba,niet-EER,realisatie,151.0,84.0,79.0,40.0,32.0,79.0,40.0,32.0,
3528,23AH01,23AH,Saxion Hogeschool,Deventer,2018,voltijd,hbo,ba,niet-EER,realisatie,167.0,78.0,78.0,43.0,46.0,78.0,43.0,46.0,
3529,23AH01,23AH,Saxion Hogeschool,Deventer,2019,voltijd,hbo,ba,niet-EER,realisatie,176.0,66.0,66.0,45.0,65.0,66.0,45.0,65.0,
3530,23AH01,23AH,Saxion Hogeschool,Deventer,2020,voltijd,hbo,ba,niet-EER,realisatie,155.0,53.0,48.0,36.0,71.0,49.0,36.0,70.0,
3531,23AH01,23AH,Saxion Hogeschool,Deventer,2021,voltijd,hbo,ba,niet-EER,realisatie,182.0,79.0,75.0,32.0,75.0,76.0,32.0,74.0,
3532,23AH01,23AH,Saxion Hogeschool,Deventer,2022,voltijd,hbo,ba,niet-EER,realisatie,157.0,70.0,67.0,27.0,63.0,70.0,26.0,61.0,
3533,23AH01,23AH,Saxion Hogeschool,Deventer,2023,voltijd,hbo,ba,niet-EER,realisatie,183.0,92.0,87.0,37.0,59.0,90.0,37.0,56.0,
3534,23AH01,23AH,Saxion Hogeschool,Deventer,2024,voltijd,hbo,ba,niet-EER,realisatie,182.0,71.0,69.0,53.0,60.0,69.0,56.0,57.0,
3535,23AH01,23AH,Saxion Hogeschool,Deventer,2023,voltijd,hbo,ma,EER,realisatie,0.0,0.0,0.0,0.0,0.0,0.0,0.0,0.0,
3536,23AH01,23AH,Saxion Hogeschool,Deventer,2024,voltijd,hbo,ma,EER,realisatie,0.0,0.0,0.0,0.0,0.0,0.0,0.0,0.0,
3537,23AH01,23AH,Saxion Hogeschool,Deventer,2023,voltijd,hbo,ma,NL,realisatie,0.0,0.0,0.0,0.0,0.0,0.0,0.0,0.0,
3538,23AH01,23AH,Saxion Hogeschool,Deventer,2024,voltijd,hbo,ma,NL,realisatie,6.0,0.0,0.0,0.0,6.0,0.0,0.0,0.0,
3539,23AH01,23AH,Saxion Hogeschool,Deventer,2024,voltijd,hbo,ma,niet-EER,realisatie,15.0,15.0,15.0,0.0,0.0,15.0,0.0,0.0,
3540,23AH02,23AH,Saxion Hogeschool,Apeldoorn,2018,deeltijd,hbo,ba,EER,realisatie,0.0,0.0,0.0,0.0,0.0,0.0,0.0,0.0,Gelderland
3541,23AH02,23AH,Saxion Hogeschool,Apeldoorn,2019,deeltijd,hbo,ba,EER,realisatie,0.0,0.0,0.0,0.0,0.0,0.0,0.0,0.0,Gelderland
3542,23AH02,23AH,Saxion Hogeschool,Apeldoorn,2020,deeltijd,hbo,ba,EER,realisatie,0.0,0.0,0.0,0.0,0.0,0.0,0.0,0.0,Gelderland
3543,23AH02,23AH,Saxion Hogeschool,Apeldoorn,2021,deeltijd,hbo,ba,EER,realisatie,0.0,0.0,0.0,0.0,0.0,0.0,0.0,0.0,Gelderland
3544,23AH02,23AH,Saxion Hogeschool,Apeldoorn,2022,deeltijd,hbo,ba,EER,realisatie,0.0,0.0,0.0,0.0,0.0,0.0,0.0,0.0,Gelderland
3545,23AH02,23AH,Saxion Hogeschool,Apeldoorn,2023,deeltijd,hbo,ba,EER,realisatie,0.0,0.0,0.0,0.0,0.0,0.0,0.0,0.0,Gelderland
3546,23AH02,23AH,Saxion Hogeschool,Apeldoorn,2017,deeltijd,hbo,ba,NL,realisatie,84.0,29.0,21.0,17.0,46.0,21.0,18.0,45.0,Gelderland
3547,23AH02,23AH,Saxion Hogeschool,Apeldoorn,2018,deeltijd,hbo,ba,NL,realisatie,80.0,15.0,8.0,21.0,51.0,8.0,21.0,51.0,Gelderland
3548,23AH02,23AH,Saxion Hogeschool,Apeldoorn,2019,deeltijd,hbo,ba,NL,realisatie,66.0,10.0,6.0,7.0,53.0,6.0,7.0,53.0,Gelderland
3549,23AH02,23AH,Saxion Hogeschool,Apeldoorn,2020,deeltijd,hbo,ba,NL,realisatie,57.0,13.0,7.0,8.0,42.0,7.0,8.0,42.0,Gelderland
3550,23AH02,23AH,Saxion Hogeschool,Apeldoorn,2021,deeltijd,hbo,ba,NL,realisatie,57.0,21.0,9.0,10.0,38.0,10.0,9.0,38.0,Gelderland
3551,23AH02,23AH,Saxion Hogeschool,Apeldoorn,2022,deeltijd,hbo,ba,NL,realisatie,49.0,16.0,0.0,8.0,39.0,0.0,9.0,37.0,Gelderland
3552,23AH02,23AH,Saxion Hogeschool,Apeldoorn,2023,deeltijd,hbo,ba,NL,realisatie,43.0,17.0,8.0,0.0,30.0,9.0,7.0,27.0,Gelderland
3553,23AH02,23AH,Saxion Hogeschool,Apeldoorn,2024,deeltijd,hbo,ba,NL,realisatie,33.0,13.0,0.0,7.0,23.0,0.0,8.0,22.0,Gelderland
3554,23AH02,23AH,Saxion Hogeschool,Apeldoorn,2024,deeltijd,hbo,ma,NL,realisatie,10.0,10.0,0.0,0.0,10.0,10.0,0.0,0.0,Gelderland
3555,23AH02,23AH,Saxion Hogeschool,Apeldoorn,2017,voltijd,hbo,ba,EER,realisatie,32.0,0.0,0.0,8.0,19.0,0.0,8.0,19.0,Gelderland
3556,23AH02,23AH,Saxion Hogeschool,Apeldoorn,2018,voltijd,hbo,ba,EER,realisatie,31.0,7.0,7.0,0.0,22.0,7.0,0.0,22.0,Gelderland
3557,23AH02,23AH,Saxion Hogeschool,Apeldoorn,2019,voltijd,hbo,ba,EER,realisatie,26.0,0.0,0.0,0.0,18.0,0.0,0.0,18.0,Gelderland
3558,23AH02,23AH,Saxion Hogeschool,Apeldoorn,2020,voltijd,hbo,ba,EER,realisatie,22.0,0.0,0.0,0.0,12.0,0.0,0.0,12.0,Gelderland
3559,23AH02,23AH,Saxion Hogeschool,Apeldoorn,2021,voltijd,hbo,ba,EER,realisatie,17.0,0.0,0.0,0.0,11.0,0.0,0.0,11.0,Gelderland
3560,23AH02,23AH,Saxion Hogeschool,Apeldoorn,2022,voltijd,hbo,ba,EER,realisatie,12.0,0.0,0.0,0.0,7.0,0.0,0.0,7.0,Gelderland
3561,23AH02,23AH,Saxion Hogeschool,Apeldoorn,2023,voltijd,hbo,ba,EER,realisatie,17.0,7.0,7.0,0.0,6.0,7.0,0.0,6.0,Gelderland
3562,23AH02,23AH,Saxion Hogeschool,Apeldoorn,2024,voltijd,hbo,ba,EER,realisatie,14.0,0.0,0.0,0.0,0.0,0.0,0.0,0.0,Gelderland
3563,23AH02,23AH,Saxion Hogeschool,Apeldoorn,2017,voltijd,hbo,ba,NL,realisatie,804.0,197.0,178.0,164.0,462.0,179.0,166.0,459.0,Gelderland
3564,23AH02,23AH,Saxion Hogeschool,Apeldoorn,2018,voltijd,hbo,ba,NL,realisatie,792.0,160.0,151.0,144.0,497.0,153.0,144.0,495.0,Gelderland
3565,23AH02,23AH,Saxion Hogeschool,Apeldoorn,2019,voltijd,hbo,ba,NL,realisatie,843.0,199.0,179.0,139.0,525.0,182.0,138.0,523.0,Gelderland
3566,23AH02,23AH,Saxion Hogeschool,Apeldoorn,2020,voltijd,hbo,ba,NL,realisatie,897.0,217.0,201.0,181.0,515.0,202.0,182.0,513.0,Gelderland
3567,23AH02,23AH,Saxion Hogeschool,Apeldoorn,2021,voltijd,hbo,ba,NL,realisatie,879.0,197.0,181.0,198.0,500.0,187.0,193.0,499.0,Gelderland
3568,23AH02,23AH,Saxion Hogeschool,Apeldoorn,2022,voltijd,hbo,ba,NL,realisatie,843.0,199.0,182.0,152.0,509.0,188.0,153.0,502.0,Gelderland
3569,23AH02,23AH,Saxion Hogeschool,Apeldoorn,2023,voltijd,hbo,ba,NL,realisatie,781.0,153.0,134.0,158.0,489.0,139.0,162.0,480.0,Gelderland
3570,23AH02,23AH,Saxion Hogeschool,Apeldoorn,2024,voltijd,hbo,ba,NL,realisatie,781.0,178.0,158.0,135.0,488.0,162.0,139.0,480.0,Gelderland
3571,23AH02,23AH,Saxion Hogeschool,Apeldoorn,2017,voltijd,hbo,ba,niet-EER,realisatie,42.0,21.0,21.0,6.0,15.0,21.0,6.0,15.0,Gelderland
3572,23AH02,23AH,Saxion Hogeschool,Apeldoorn,2018,voltijd,hbo,ba,niet-EER,realisatie,41.0,9.0,9.0,16.0,16.0,9.0,16.0,16.0,Gelderland
3573,23AH02,23AH,Saxion Hogeschool,Apeldoorn,2019,voltijd,hbo,ba,niet-EER,realisatie,41.0,6.0,6.0,7.0,28.0,6.0,7.0,28.0,Gelderland
3574,23AH02,23AH,Saxion Hogeschool,Apeldoorn,2020,voltijd,hbo,ba,niet-EER,realisatie,37.0,7.0,7.0,0.0,26.0,7.0,0.0,26.0,Gelderland
3575,23AH02,23AH,Saxion Hogeschool,Apeldoorn,2021,voltijd,hbo,ba,niet-EER,realisatie,25.0,0.0,0.0,0.0,17.0,0.0,0.0,17.0,Gelderland
3576,23AH02,23AH,Saxion Hogeschool,Apeldoorn,2022,voltijd,hbo,ba,niet-EER,realisatie,18.0,6.0,0.0,0.0,10.0,0.0,0.0,10.0,Gelderland
3577,23AH02,23AH,Saxion Hogeschool,Apeldoorn,2023,voltijd,hbo,ba,niet-EER,realisatie,9.0,0.0,0.0,0.0,0.0,0.0,0.0,0.0,Gelderland
3578,23AH02,23AH,Saxion Hogeschool,Apeldoorn,2024,voltijd,hbo,ba,niet-EER,realisatie,10.0,6.0,6.0,0.0,0.0,6.0,0.0,0.0,Gelderland
3579,23BF00,23BF,Universiteit voor Humanistiek,Utrecht,2017,voltijd,wo,ba,EER,realisatie,0.0,0.0,0.0,0.0,0.0,0.0,0.0,0.0,Utrecht
3580,23BF00,23BF,Universiteit voor Humanistiek,Utrecht,2018,voltijd,wo,ba,EER,realisatie,0.0,0.0,0.0,0.0,0.0,0.0,0.0,0.0,Utrecht
3581,23BF00,23BF,Universiteit voor Humanistiek,Utrecht,2019,voltijd,wo,ba,EER,realisatie,0.0,0.0,0.0,0.0,0.0,0.0,0.0,0.0,Utrecht
3582,23BF00,23BF,Universiteit voor Humanistiek,Utrecht,2020,voltijd,wo,ba,EER,realisatie,0.0,0.0,0.0,0.0,0.0,0.0,0.0,0.0,Utrecht
3583,23BF00,23BF,Universiteit voor Humanistiek,Utrecht,2021,voltijd,wo,ba,EER,realisatie,0.0,0.0,0.0,0.0,0.0,0.0,0.0,0.0,Utrecht
3584,23BF00,23BF,Universiteit voor Humanistiek,Utrecht,2022,voltijd,wo,ba,EER,realisatie,0.0,0.0,0.0,0.0,0.0,0.0,0.0,0.0,Utrecht
3585,23BF00,23BF,Universiteit voor Humanistiek,Utrecht,2023,voltijd,wo,ba,EER,realisatie,0.0,0.0,0.0,0.0,0.0,0.0,0.0,0.0,Utrecht
3586,23BF00,23BF,Universiteit voor Humanistiek,Utrecht,2024,voltijd,wo,ba,EER,realisatie,0.0,0.0,0.0,0.0,0.0,0.0,0.0,0.0,Utrecht
3587,23BF00,23BF,Universiteit voor Humanistiek,Utrecht,2017,voltijd,wo,ba,NL,realisatie,285.0,115.0,30.0,51.0,204.0,82.0,75.0,128.0,Utrecht
3588,23BF00,23BF,Universiteit voor Humanistiek,Utrecht,2018,voltijd,wo,ba,NL,realisatie,315.0,147.0,48.0,49.0,218.0,117.0,67.0,131.0,Utrecht
3589,23BF00,23BF,Universiteit voor Humanistiek,Utrecht,2019,voltijd,wo,ba,NL,realisatie,313.0,113.0,46.0,51.0,216.0,101.0,77.0,135.0,Utrecht
3590,23BF00,23BF,Universiteit voor Humanistiek,Utrecht,2020,voltijd,wo,ba,NL,realisatie,317.0,138.0,42.0,52.0,223.0,120.0,68.0,129.0,Utrecht
3591,23BF00,23BF,Universiteit voor Humanistiek,Utrecht,2021,voltijd,wo,ba,NL,realisatie,319.0,132.0,42.0,46.0,231.0,112.0,79.0,128.0,Utrecht
3592,23BF00,23BF,Universiteit voor Humanistiek,Utrecht,2022,voltijd,wo,ba,NL,realisatie,247.0,90.0,50.0,38.0,159.0,82.0,50.0,115.0,Utrecht
3593,23BF00,23BF,Universiteit voor Humanistiek,Utrecht,2023,voltijd,wo,ba,NL,realisatie,234.0,75.0,41.0,49.0,144.0,69.0,56.0,109.0,Utrecht
3594,23BF00,23BF,Universiteit voor Humanistiek,Utrecht,2024,voltijd,wo,ba,NL,realisatie,232.0,93.0,45.0,48.0,139.0,84.0,46.0,102.0,Utrecht
3595,23BF00,23BF,Universiteit voor Humanistiek,Utrecht,2017,voltijd,wo,ba,niet-EER,realisatie,0.0,0.0,0.0,0.0,0.0,0.0,0.0,0.0,Utrecht
3596,23BF00,23BF,Universiteit voor Humanistiek,Utrecht,2019,voltijd,wo,ba,niet-EER,realisatie,0.0,0.0,0.0,0.0,0.0,0.0,0.0,0.0,Utrecht
3597,23BF00,23BF,Universiteit voor Humanistiek,Utrecht,2017,voltijd,wo,ma,EER,realisatie,0.0,0.0,0.0,0.0,0.0,0.0,0.0,0.0,Utrecht
3598,23BF00,23BF,Universiteit voor Humanistiek,Utrecht,2018,voltijd,wo,ma,EER,realisatie,0.0,0.0,0.0,0.0,0.0,0.0,0.0,0.0,Utrecht
3599,23BF00,23BF,Universiteit voor Humanistiek,Utrecht,2020,voltijd,wo,ma,EER,realisatie,0.0,0.0,0.0,0.0,0.0,0.0,0.0,0.0,Utrecht
3600,23BF00,23BF,Universiteit voor Humanistiek,Utrecht,2021,voltijd,wo,ma,EER,realisatie,0.0,0.0,0.0,0.0,0.0,0.0,0.0,0.0,Utrecht
3601,23BF00,23BF,Universiteit voor Humanistiek,Utrecht,2022,voltijd,wo,ma,EER,realisatie,0.0,0.0,0.0,0.0,0.0,0.0,0.0,0.0,Utrecht
3602,23BF00,23BF,Universiteit voor Humanistiek,Utrecht,2023,voltijd,wo,ma,EER,realisatie,0.0,0.0,0.0,0.0,0.0,0.0,0.0,0.0,Utrecht
3603,23BF00,23BF,Universiteit voor Humanistiek,Utrecht,2024,voltijd,wo,ma,EER,realisatie,0.0,0.0,0.0,0.0,0.0,0.0,0.0,0.0,Utrecht
3604,23BF00,23BF,Universiteit voor Humanistiek,Utrecht,2017,voltijd,wo,ma,NL,realisatie,200.0,57.0,0.0,0.0,197.0,55.0,44.0,101.0,Utrecht
3605,23BF00,23BF,Universiteit voor Humanistiek,Utrecht,2018,voltijd,wo,ma,NL,realisatie,204.0,70.0,0.0,0.0,204.0,63.0,44.0,97.0,Utrecht
3606,23BF00,23BF,Universiteit voor Humanistiek,Utrecht,2019,voltijd,wo,ma,NL,realisatie,184.0,48.0,0.0,0.0,182.0,41.0,50.0,93.0,Utrecht
3607,23BF00,23BF,Universiteit voor Humanistiek,Utrecht,2020,voltijd,wo,ma,NL,realisatie,250.0,107.0,0.0,0.0,249.0,99.0,41.0,110.0,Utrecht
3608,23BF00,23BF,Universiteit voor Humanistiek,Utrecht,2021,voltijd,wo,ma,NL,realisatie,276.0,103.0,0.0,0.0,275.0,92.0,76.0,108.0,Utrecht
3609,23BF00,23BF,Universiteit voor Humanistiek,Utrecht,2022,voltijd,wo,ma,NL,realisatie,284.0,97.0,0.0,0.0,283.0,86.0,73.0,125.0,Utrecht
3610,23BF00,23BF,Universiteit voor Humanistiek,Utrecht,2023,voltijd,wo,ma,NL,realisatie,263.0,83.0,0.0,0.0,262.0,75.0,74.0,114.0,Utrecht
3611,23BF00,23BF,Universiteit voor Humanistiek,Utrecht,2024,voltijd,wo,ma,NL,realisatie,224.0,76.0,0.0,0.0,221.0,70.0,57.0,97.0,Utrecht
3612,23BF00,23BF,Universiteit voor Humanistiek,Utrecht,2020,voltijd,wo,ma,niet-EER,realisatie,0.0,0.0,0.0,0.0,0.0,0.0,0.0,0.0,Utrecht
3613,23BF00,23BF,Universiteit voor Humanistiek,Utrecht,2021,voltijd,wo,ma,niet-EER,realisatie,0.0,0.0,0.0,0.0,0.0,0.0,0.0,0.0,Utrecht
3614,23KJ00,23KJ,Hogeschool der Kunsten Den Haag,'s-Gravenhage,2017,deeltijd,hbo,ba,EER,realisatie,19.0,8.0,8.0,0.0,10.0,8.0,0.0,10.0,Zuid-Holland
3615,23KJ00,23KJ,Hogeschool der Kunsten Den Haag,'s-Gravenhage,2018,deeltijd,hbo,ba,EER,realisatie,19.0,10.0,7.0,8.0,0.0,9.0,6.0,0.0,Zuid-Holland
3616,23KJ00,23KJ,Hogeschool der Kunsten Den Haag,'s-Gravenhage,2019,deeltijd,hbo,ba,EER,realisatie,20.0,6.0,0.0,0.0,11.0,0.0,6.0,10.0,Zuid-Holland
3617,23KJ00,23KJ,Hogeschool der Kunsten Den Haag,'s-Gravenhage,2020,deeltijd,hbo,ba,EER,realisatie,17.0,0.0,0.0,0.0,10.0,0.0,0.0,10.0,Zuid-Holland
3618,23KJ00,23KJ,Hogeschool der Kunsten Den Haag,'s-Gravenhage,2021,deeltijd,hbo,ba,EER,realisatie,17.0,7.0,6.0,0.0,9.0,6.0,0.0,9.0,Zuid-Holland
3619,23KJ00,23KJ,Hogeschool der Kunsten Den Haag,'s-Gravenhage,2022,deeltijd,hbo,ba,EER,realisatie,18.0,6.0,0.0,6.0,7.0,6.0,6.0,6.0,Zuid-Holland
3620,23KJ00,23KJ,Hogeschool der Kunsten Den Haag,'s-Gravenhage,2023,deeltijd,hbo,ba,EER,realisatie,20.0,10.0,8.0,0.0,10.0,9.0,0.0,8.0,Zuid-Holland
3621,23KJ00,23KJ,Hogeschool der Kunsten Den Haag,'s-Gravenhage,2024,deeltijd,hbo,ba,EER,realisatie,25.0,12.0,10.0,0.0,10.0,10.0,0.0,10.0,Zuid-Holland
3622,23KJ00,23KJ,Hogeschool der Kunsten Den Haag,'s-Gravenhage,2017,deeltijd,hbo,ba,NL,realisatie,36.0,8.0,0.0,0.0,32.0,0.0,9.0,23.0,Zuid-Holland
3623,23KJ00,23KJ,Hogeschool der Kunsten Den Haag,'s-Gravenhage,2018,deeltijd,hbo,ba,NL,realisatie,36.0,14.0,0.0,0.0,30.0,10.0,0.0,22.0,Zuid-Holland
3624,23KJ00,23KJ,Hogeschool der Kunsten Den Haag,'s-Gravenhage,2019,deeltijd,hbo,ba,NL,realisatie,29.0,9.0,0.0,0.0,25.0,0.0,0.0,20.0,Zuid-Holland
3625,23KJ00,23KJ,Hogeschool der Kunsten Den Haag,'s-Gravenhage,2020,deeltijd,hbo,ba,NL,realisatie,35.0,13.0,0.0,0.0,31.0,6.0,6.0,23.0,Zuid-Holland
3626,23KJ00,23KJ,Hogeschool der Kunsten Den Haag,'s-Gravenhage,2021,deeltijd,hbo,ba,NL,realisatie,29.0,6.0,0.0,0.0,26.0,0.0,7.0,19.0,Zuid-Holland
3627,23KJ00,23KJ,Hogeschool der Kunsten Den Haag,'s-Gravenhage,2022,deeltijd,hbo,ba,NL,realisatie,24.0,0.0,0.0,0.0,22.0,0.0,0.0,18.0,Zuid-Holland
3628,23KJ00,23KJ,Hogeschool der Kunsten Den Haag,'s-Gravenhage,2023,deeltijd,hbo,ba,NL,realisatie,14.0,0.0,0.0,0.0,14.0,0.0,0.0,12.0,Zuid-Holland
3629,23KJ00,23KJ,Hogeschool der Kunsten Den Haag,'s-Gravenhage,2024,deeltijd,hbo,ba,NL,realisatie,22.0,15.0,0.0,0.0,17.0,13.0,0.0,9.0,Zuid-Holland
3630,23KJ00,23KJ,Hogeschool der Kunsten Den Haag,'s-Gravenhage,2017,deeltijd,hbo,ba,niet-EER,realisatie,0.0,0.0,0.0,0.0,0.0,0.0,0.0,0.0,Zuid-Holland
3631,23KJ00,23KJ,Hogeschool der Kunsten Den Haag,'s-Gravenhage,2018,deeltijd,hbo,ba,niet-EER,realisatie,0.0,0.0,0.0,0.0,0.0,0.0,0.0,0.0,Zuid-Holland
3632,23KJ00,23KJ,Hogeschool der Kunsten Den Haag,'s-Gravenhage,2019,deeltijd,hbo,ba,niet-EER,realisatie,0.0,0.0,0.0,0.0,0.0,0.0,0.0,0.0,Zuid-Holland
3633,23KJ00,23KJ,Hogeschool der Kunsten Den Haag,'s-Gravenhage,2020,deeltijd,hbo,ba,niet-EER,realisatie,0.0,0.0,0.0,0.0,0.0,0.0,0.0,0.0,Zuid-Holland
3634,23KJ00,23KJ,Hogeschool der Kunsten Den Haag,'s-Gravenhage,2022,deeltijd,hbo,ba,niet-EER,realisatie,0.0,0.0,0.0,0.0,0.0,0.0,0.0,0.0,Zuid-Holland
3635,23KJ00,23KJ,Hogeschool der Kunsten Den Haag,'s-Gravenhage,2023,deeltijd,hbo,ba,niet-EER,realisatie,0.0,0.0,0.0,0.0,0.0,0.0,0.0,0.0,Zuid-Holland
3636,23KJ00,23KJ,Hogeschool der Kunsten Den Haag,'s-Gravenhage,2024,deeltijd,hbo,ba,niet-EER,realisatie,0.0,0.0,0.0,0.0,0.0,0.0,0.0,0.0,Zuid-Holland
3637,23KJ00,23KJ,Hogeschool der Kunsten Den Haag,'s-Gravenhage,2017,voltijd,hbo,ba,EER,realisatie,421.0,134.0,123.0,116.0,182.0,127.0,118.0,176.0,Zuid-Holland
3638,23KJ00,23KJ,Hogeschool der Kunsten Den Haag,'s-Gravenhage,2018,voltijd,hbo,ba,EER,realisatie,463.0,155.0,146.0,107.0,210.0,150.0,109.0,204.0,Zuid-Holland
3639,23KJ00,23KJ,Hogeschool der Kunsten Den Haag,'s-Gravenhage,2019,voltijd,hbo,ba,EER,realisatie,494.0,191.0,180.0,109.0,205.0,184.0,110.0,200.0,Zuid-Holland
3640,23KJ00,23KJ,Hogeschool der Kunsten Den Haag,'s-Gravenhage,2020,voltijd,hbo,ba,EER,realisatie,513.0,172.0,160.0,155.0,198.0,164.0,158.0,191.0,Zuid-Holland
3641,23KJ00,23KJ,Hogeschool der Kunsten Den Haag,'s-Gravenhage,2021,voltijd,hbo,ba,EER,realisatie,560.0,168.0,156.0,149.0,255.0,161.0,152.0,247.0,Zuid-Holland
3642,23KJ00,23KJ,Hogeschool der Kunsten Den Haag,'s-Gravenhage,2022,voltijd,hbo,ba,EER,realisatie,619.0,186.0,180.0,142.0,297.0,184.0,147.0,288.0,Zuid-Holland
3643,23KJ00,23KJ,Hogeschool der Kunsten Den Haag,'s-Gravenhage,2023,voltijd,hbo,ba,EER,realisatie,636.0,198.0,188.0,157.0,291.0,194.0,156.0,286.0,Zuid-Holland
3644,23KJ00,23KJ,Hogeschool der Kunsten Den Haag,'s-Gravenhage,2024,voltijd,hbo,ba,EER,realisatie,651.0,179.0,168.0,177.0,306.0,170.0,180.0,301.0,Zuid-Holland
3645,23KJ00,23KJ,Hogeschool der Kunsten Den Haag,'s-Gravenhage,2017,voltijd,hbo,ba,NL,realisatie,533.0,117.0,89.0,106.0,338.0,101.0,112.0,320.0,Zuid-Holland
3646,23KJ00,23KJ,Hogeschool der Kunsten Den Haag,'s-Gravenhage,2018,voltijd,hbo,ba,NL,realisatie,489.0,109.0,81.0,92.0,316.0,87.0,102.0,300.0,Zuid-Holland
3647,23KJ00,23KJ,Hogeschool der Kunsten Den Haag,'s-Gravenhage,2019,voltijd,hbo,ba,NL,realisatie,471.0,119.0,82.0,88.0,301.0,102.0,87.0,282.0,Zuid-Holland
3648,23KJ00,23KJ,Hogeschool der Kunsten Den Haag,'s-Gravenhage,2020,voltijd,hbo,ba,NL,realisatie,452.0,117.0,80.0,93.0,279.0,93.0,109.0,250.0,Zuid-Holland
3649,23KJ00,23KJ,Hogeschool der Kunsten Den Haag,'s-Gravenhage,2021,voltijd,hbo,ba,NL,realisatie,448.0,96.0,67.0,85.0,296.0,78.0,100.0,270.0,Zuid-Holland
3650,23KJ00,23KJ,Hogeschool der Kunsten Den Haag,'s-Gravenhage,2022,voltijd,hbo,ba,NL,realisatie,442.0,99.0,72.0,74.0,296.0,83.0,80.0,279.0,Zuid-Holland
3651,23KJ00,23KJ,Hogeschool der Kunsten Den Haag,'s-Gravenhage,2023,voltijd,hbo,ba,NL,realisatie,407.0,95.0,65.0,74.0,268.0,80.0,82.0,245.0,Zuid-Holland
3652,23KJ00,23KJ,Hogeschool der Kunsten Den Haag,'s-Gravenhage,2024,voltijd,hbo,ba,NL,realisatie,386.0,95.0,67.0,71.0,248.0,74.0,84.0,228.0,Zuid-Holland
3653,23KJ00,23KJ,Hogeschool der Kunsten Den Haag,'s-Gravenhage,2017,voltijd,hbo,ba,niet-EER,realisatie,220.0,76.0,70.0,49.0,101.0,71.0,48.0,101.0,Zuid-Holland
3654,23KJ00,23KJ,Hogeschool der Kunsten Den Haag,'s-Gravenhage,2018,voltijd,hbo,ba,niet-EER,realisatie,246.0,92.0,85.0,56.0,105.0,86.0,57.0,103.0,Zuid-Holland
3655,23KJ00,23KJ,Hogeschool der Kunsten Den Haag,'s-Gravenhage,2019,voltijd,hbo,ba,niet-EER,realisatie,231.0,58.0,57.0,70.0,104.0,58.0,71.0,102.0,Zuid-Holland
3656,23KJ00,23KJ,Hogeschool der Kunsten Den Haag,'s-Gravenhage,2020,voltijd,hbo,ba,niet-EER,realisatie,219.0,54.0,51.0,52.0,116.0,51.0,53.0,115.0,Zuid-Holland
3657,23KJ00,23KJ,Hogeschool der Kunsten Den Haag,'s-Gravenhage,2021,voltijd,hbo,ba,niet-EER,realisatie,213.0,47.0,40.0,52.0,121.0,42.0,51.0,120.0,Zuid-Holland
3658,23KJ00,23KJ,Hogeschool der Kunsten Den Haag,'s-Gravenhage,2022,voltijd,hbo,ba,niet-EER,realisatie,171.0,36.0,34.0,36.0,101.0,36.0,38.0,97.0,Zuid-Holland
3659,23KJ00,23KJ,Hogeschool der Kunsten Den Haag,'s-Gravenhage,2023,voltijd,hbo,ba,niet-EER,realisatie,172.0,56.0,53.0,28.0,91.0,53.0,29.0,90.0,Zuid-Holland
3660,23KJ00,23KJ,Hogeschool der Kunsten Den Haag,'s-Gravenhage,2024,voltijd,hbo,ba,niet-EER,realisatie,172.0,56.0,56.0,47.0,69.0,56.0,47.0,69.0,Zuid-Holland
3661,23KJ00,23KJ,Hogeschool der Kunsten Den Haag,'s-Gravenhage,2017,voltijd,hbo,ma,EER,realisatie,146.0,77.0,52.0,40.0,54.0,72.0,65.0,9.0,Zuid-Holland
3662,23KJ00,23KJ,Hogeschool der Kunsten Den Haag,'s-Gravenhage,2018,voltijd,hbo,ma,EER,realisatie,171.0,100.0,80.0,43.0,48.0,98.0,61.0,12.0,Zuid-Holland
3663,23KJ00,23KJ,Hogeschool der Kunsten Den Haag,'s-Gravenhage,2019,voltijd,hbo,ma,EER,realisatie,209.0,116.0,82.0,71.0,56.0,113.0,84.0,12.0,Zuid-Holland
3664,23KJ00,23KJ,Hogeschool der Kunsten Den Haag,'s-Gravenhage,2020,voltijd,hbo,ma,EER,realisatie,233.0,130.0,94.0,69.0,70.0,129.0,94.0,10.0,Zuid-Holland
3665,23KJ00,23KJ,Hogeschool der Kunsten Den Haag,'s-Gravenhage,2021,voltijd,hbo,ma,EER,realisatie,239.0,118.0,90.0,77.0,72.0,115.0,110.0,14.0,Zuid-Holland
3666,23KJ00,23KJ,Hogeschool der Kunsten Den Haag,'s-Gravenhage,2022,voltijd,hbo,ma,EER,realisatie,213.0,107.0,77.0,77.0,59.0,105.0,98.0,10.0,Zuid-Holland
3667,23KJ00,23KJ,Hogeschool der Kunsten Den Haag,'s-Gravenhage,2023,voltijd,hbo,ma,EER,realisatie,240.0,142.0,116.0,60.0,64.0,142.0,86.0,12.0,Zuid-Holland
3668,23KJ00,23KJ,Hogeschool der Kunsten Den Haag,'s-Gravenhage,2024,voltijd,hbo,ma,EER,realisatie,269.0,138.0,98.0,103.0,68.0,135.0,124.0,10.0,Zuid-Holland
3669,23KJ00,23KJ,Hogeschool der Kunsten Den Haag,'s-Gravenhage,2017,voltijd,hbo,ma,NL,realisatie,100.0,50.0,9.0,6.0,85.0,45.0,38.0,17.0,Zuid-Holland
3670,23KJ00,23KJ,Hogeschool der Kunsten Den Haag,'s-Gravenhage,2018,voltijd,hbo,ma,NL,realisatie,83.0,37.0,0.0,7.0,75.0,34.0,38.0,11.0,Zuid-Holland
3671,23KJ00,23KJ,Hogeschool der Kunsten Den Haag,'s-Gravenhage,2019,voltijd,hbo,ma,NL,realisatie,81.0,42.0,7.0,0.0,73.0,40.0,30.0,11.0,Zuid-Holland
3672,23KJ00,23KJ,Hogeschool der Kunsten Den Haag,'s-Gravenhage,2020,voltijd,hbo,ma,NL,realisatie,77.0,41.0,0.0,0.0,71.0,39.0,32.0,6.0,Zuid-Holland
3673,23KJ00,23KJ,Hogeschool der Kunsten Den Haag,'s-Gravenhage,2021,voltijd,hbo,ma,NL,realisatie,83.0,38.0,0.0,0.0,77.0,35.0,32.0,16.0,Zuid-Holland
3674,23KJ00,23KJ,Hogeschool der Kunsten Den Haag,'s-Gravenhage,2022,voltijd,hbo,ma,NL,realisatie,82.0,36.0,0.0,0.0,75.0,32.0,36.0,14.0,Zuid-Holland
3675,23KJ00,23KJ,Hogeschool der Kunsten Den Haag,'s-Gravenhage,2023,voltijd,hbo,ma,NL,realisatie,80.0,28.0,0.0,0.0,76.0,27.0,29.0,24.0,Zuid-Holland
3676,23KJ00,23KJ,Hogeschool der Kunsten Den Haag,'s-Gravenhage,2024,voltijd,hbo,ma,NL,realisatie,75.0,32.0,0.0,0.0,69.0,31.0,27.0,17.0,Zuid-Holland
3677,23KJ00,23KJ,Hogeschool der Kunsten Den Haag,'s-Gravenhage,2017,voltijd,hbo,ma,niet-EER,realisatie,111.0,56.0,50.0,32.0,29.0,54.0,46.0,11.0,Zuid-Holland
3678,23KJ00,23KJ,Hogeschool der Kunsten Den Haag,'s-Gravenhage,2018,voltijd,hbo,ma,niet-EER,realisatie,115.0,66.0,55.0,38.0,22.0,65.0,41.0,9.0,Zuid-Holland
3679,23KJ00,23KJ,Hogeschool der Kunsten Den Haag,'s-Gravenhage,2019,voltijd,hbo,ma,niet-EER,realisatie,101.0,48.0,37.0,42.0,22.0,46.0,51.0,0.0,Zuid-Holland
3680,23KJ00,23KJ,Hogeschool der Kunsten Den Haag,'s-Gravenhage,2020,voltijd,hbo,ma,niet-EER,realisatie,97.0,50.0,40.0,32.0,25.0,48.0,39.0,10.0,Zuid-Holland
3681,23KJ00,23KJ,Hogeschool der Kunsten Den Haag,'s-Gravenhage,2021,voltijd,hbo,ma,niet-EER,realisatie,90.0,43.0,35.0,37.0,18.0,41.0,45.0,0.0,Zuid-Holland
3682,23KJ00,23KJ,Hogeschool der Kunsten Den Haag,'s-Gravenhage,2022,voltijd,hbo,ma,niet-EER,realisatie,94.0,48.0,39.0,34.0,21.0,45.0,41.0,8.0,Zuid-Holland
3683,23KJ00,23KJ,Hogeschool der Kunsten Den Haag,'s-Gravenhage,2023,voltijd,hbo,ma,niet-EER,realisatie,92.0,51.0,39.0,34.0,19.0,50.0,39.0,0.0,Zuid-Holland
3684,23KJ00,23KJ,Hogeschool der Kunsten Den Haag,'s-Gravenhage,2024,voltijd,hbo,ma,niet-EER,realisatie,83.0,41.0,31.0,30.0,22.0,40.0,40.0,0.0,Zuid-Holland
3685,25AV01,25AV,Theologische Universiteit Utrecht,Utrecht,2020,deeltijd,wo,ba,NL,realisatie,7.0,7.0,0.0,0.0,7.0,0.0,0.0,0.0,Utrecht
3686,25AV01,25AV,Theologische Universiteit Utrecht,Utrecht,2021,deeltijd,wo,ba,NL,realisatie,10.0,6.0,0.0,0.0,9.0,0.0,0.0,0.0,Utrecht
3687,25AV01,25AV,Theologische Universiteit Utrecht,Utrecht,2022,deeltijd,wo,ba,NL,realisatie,10.0,0.0,0.0,0.0,10.0,0.0,0.0,0.0,Utrecht
3688,25AV01,25AV,Theologische Universiteit Utrecht,Utrecht,2023,deeltijd,wo,ba,NL,realisatie,13.0,7.0,0.0,0.0,13.0,0.0,0.0,0.0,Utrecht
3689,25AV01,25AV,Theologische Universiteit Utrecht,Utrecht,2024,deeltijd,wo,ba,NL,realisatie,16.0,12.0,0.0,0.0,15.0,7.0,0.0,6.0,Utrecht
3690,25AV01,25AV,Theologische Universiteit Utrecht,Utrecht,2017,deeltijd,wo,ma,NL,realisatie,17.0,0.0,0.0,0.0,16.0,0.0,0.0,11.0,Utrecht
3691,25AV01,25AV,Theologische Universiteit Utrecht,Utrecht,2018,deeltijd,wo,ma,NL,realisatie,24.0,10.0,0.0,0.0,23.0,7.0,0.0,12.0,Utrecht
3692,25AV01,25AV,Theologische Universiteit Utrecht,Utrecht,2019,deeltijd,wo,ma,NL,realisatie,26.0,11.0,0.0,0.0,23.0,10.0,0.0,11.0,Utrecht
3693,25AV01,25AV,Theologische Universiteit Utrecht,Utrecht,2020,deeltijd,wo,ma,NL,realisatie,38.0,20.0,0.0,0.0,29.0,13.0,13.0,12.0,Utrecht
3694,25AV01,25AV,Theologische Universiteit Utrecht,Utrecht,2021,deeltijd,wo,ma,NL,realisatie,39.0,12.0,0.0,0.0,32.0,6.0,15.0,18.0,Utrecht
3695,25AV01,25AV,Theologische Universiteit Utrecht,Utrecht,2022,deeltijd,wo,ma,NL,realisatie,37.0,12.0,0.0,0.0,34.0,8.0,7.0,22.0,Utrecht
3696,25AV01,25AV,Theologische Universiteit Utrecht,Utrecht,2023,deeltijd,wo,ma,NL,realisatie,34.0,16.0,0.0,0.0,32.0,9.0,8.0,17.0,Utrecht
3697,25AV01,25AV,Theologische Universiteit Utrecht,Utrecht,2024,deeltijd,wo,ma,NL,realisatie,36.0,16.0,0.0,0.0,35.0,10.0,8.0,18.0,Utrecht
3698,25AV01,25AV,Theologische Universiteit Utrecht,Utrecht,2022,deeltijd,wo,ma,niet-EER,realisatie,0.0,0.0,0.0,0.0,0.0,0.0,0.0,0.0,Utrecht
3699,25AV01,25AV,Theologische Universiteit Utrecht,Utrecht,2017,voltijd,wo,ba,NL,realisatie,41.0,0.0,0.0,8.0,31.0,0.0,9.0,30.0,Utrecht
3700,25AV01,25AV,Theologische Universiteit Utrecht,Utrecht,2018,voltijd,wo,ba,NL,realisatie,36.0,6.0,0.0,0.0,29.0,0.0,0.0,29.0,Utrecht
3701,25AV01,25AV,Theologische Universiteit Utrecht,Utrecht,2019,voltijd,wo,ba,NL,realisatie,41.0,11.0,6.0,0.0,30.0,8.0,6.0,27.0,Utrecht
3702,25AV01,25AV,Theologische Universiteit Utrecht,Utrecht,2020,voltijd,wo,ba,NL,realisatie,34.0,12.0,0.0,0.0,28.0,7.0,6.0,21.0,Utrecht
3703,25AV01,25AV,Theologische Universiteit Utrecht,Utrecht,2021,voltijd,wo,ba,NL,realisatie,32.0,10.0,0.0,0.0,28.0,8.0,6.0,18.0,Utrecht
3704,25AV01,25AV,Theologische Universiteit Utrecht,Utrecht,2022,voltijd,wo,ba,NL,realisatie,29.0,8.0,0.0,0.0,26.0,7.0,0.0,20.0,Utrecht
3705,25AV01,25AV,Theologische Universiteit Utrecht,Utrecht,2023,voltijd,wo,ba,NL,realisatie,33.0,10.0,0.0,6.0,24.0,9.0,0.0,19.0,Utrecht
3706,25AV01,25AV,Theologische Universiteit Utrecht,Utrecht,2024,voltijd,wo,ba,NL,realisatie,45.0,20.0,8.0,8.0,29.0,14.0,10.0,21.0,Utrecht
3707,25AV01,25AV,Theologische Universiteit Utrecht,Utrecht,2018,voltijd,wo,ma,EER,realisatie,0.0,0.0,0.0,0.0,0.0,0.0,0.0,0.0,Utrecht
3708,25AV01,25AV,Theologische Universiteit Utrecht,Utrecht,2019,voltijd,wo,ma,EER,realisatie,0.0,0.0,0.0,0.0,0.0,0.0,0.0,0.0,Utrecht
3709,25AV01,25AV,Theologische Universiteit Utrecht,Utrecht,2020,voltijd,wo,ma,EER,realisatie,0.0,0.0,0.0,0.0,0.0,0.0,0.0,0.0,Utrecht
3710,25AV01,25AV,Theologische Universiteit Utrecht,Utrecht,2021,voltijd,wo,ma,EER,realisatie,0.0,0.0,0.0,0.0,0.0,0.0,0.0,0.0,Utrecht
3711,25AV01,25AV,Theologische Universiteit Utrecht,Utrecht,2022,voltijd,wo,ma,EER,realisatie,0.0,0.0,0.0,0.0,0.0,0.0,0.0,0.0,Utrecht
3712,25AV01,25AV,Theologische Universiteit Utrecht,Utrecht,2023,voltijd,wo,ma,EER,realisatie,0.0,0.0,0.0,0.0,0.0,0.0,0.0,0.0,Utrecht
3713,25AV01,25AV,Theologische Universiteit Utrecht,Utrecht,2024,voltijd,wo,ma,EER,realisatie,0.0,0.0,0.0,0.0,0.0,0.0,0.0,0.0,Utrecht
3714,25AV01,25AV,Theologische Universiteit Utrecht,Utrecht,2017,voltijd,wo,ma,NL,realisatie,39.0,13.0,0.0,0.0,38.0,13.0,7.0,19.0,Utrecht
3715,25AV01,25AV,Theologische Universiteit Utrecht,Utrecht,2018,voltijd,wo,ma,NL,realisatie,34.0,12.0,0.0,0.0,31.0,11.0,8.0,15.0,Utrecht
3716,25AV01,25AV,Theologische Universiteit Utrecht,Utrecht,2019,voltijd,wo,ma,NL,realisatie,40.0,11.0,0.0,0.0,37.0,9.0,10.0,21.0,Utrecht
3717,25AV01,25AV,Theologische Universiteit Utrecht,Utrecht,2020,voltijd,wo,ma,NL,realisatie,42.0,21.0,0.0,0.0,41.0,19.0,8.0,15.0,Utrecht
3718,25AV01,25AV,Theologische Universiteit Utrecht,Utrecht,2021,voltijd,wo,ma,NL,realisatie,33.0,6.0,0.0,0.0,33.0,0.0,14.0,14.0,Utrecht
3719,25AV01,25AV,Theologische Universiteit Utrecht,Utrecht,2022,voltijd,wo,ma,NL,realisatie,30.0,7.0,0.0,0.0,29.0,6.0,6.0,18.0,Utrecht
3720,25AV01,25AV,Theologische Universiteit Utrecht,Utrecht,2023,voltijd,wo,ma,NL,realisatie,28.0,8.0,0.0,0.0,26.0,6.0,0.0,18.0,Utrecht
3721,25AV01,25AV,Theologische Universiteit Utrecht,Utrecht,2024,voltijd,wo,ma,NL,realisatie,26.0,6.0,0.0,0.0,26.0,0.0,7.0,14.0,Utrecht
3722,25AV01,25AV,Theologische Universiteit Utrecht,Utrecht,2017,voltijd,wo,ma,niet-EER,realisatie,0.0,0.0,0.0,0.0,0.0,0.0,0.0,0.0,Utrecht
3723,25AV01,25AV,Theologische Universiteit Utrecht,Utrecht,2018,voltijd,wo,ma,niet-EER,realisatie,0.0,0.0,0.0,0.0,0.0,0.0,0.0,0.0,Utrecht
3724,25AV01,25AV,Theologische Universiteit Utrecht,Utrecht,2019,voltijd,wo,ma,niet-EER,realisatie,7.0,6.0,0.0,0.0,0.0,6.0,0.0,0.0,Utrecht
3725,25AV01,25AV,Theologische Universiteit Utrecht,Utrecht,2021,voltijd,wo,ma,niet-EER,realisatie,0.0,0.0,0.0,0.0,0.0,0.0,0.0,0.0,Utrecht
3726,25AV01,25AV,Theologische Universiteit Utrecht,Utrecht,2022,voltijd,wo,ma,niet-EER,realisatie,0.0,0.0,0.0,0.0,0.0,0.0,0.0,0.0,Utrecht
3727,25AV01,25AV,Theologische Universiteit Utrecht,Utrecht,2023,voltijd,wo,ma,niet-EER,realisatie,8.0,7.0,7.0,0.0,0.0,7.0,0.0,0.0,Utrecht
3728,25AV01,25AV,Theologische Universiteit Utrecht,Utrecht,2024,voltijd,wo,ma,niet-EER,realisatie,0.0,0.0,0.0,0.0,0.0,0.0,0.0,0.0,Utrecht
3729,25BA00,25BA,Christelijke Hogeschool Ede,Ede,2023,deeltijd,hbo,ad,EER,realisatie,0.0,0.0,0.0,0.0,0.0,0.0,0.0,0.0,
3730,25BA00,25BA,Christelijke Hogeschool Ede,Ede,2024,deeltijd,hbo,ad,EER,realisatie,0.0,0.0,0.0,0.0,0.0,0.0,0.0,0.0,
3731,25BA00,25BA,Christelijke Hogeschool Ede,Ede,2018,deeltijd,hbo,ad,NL,realisatie,37.0,37.0,16.0,0.0,16.0,36.0,0.0,0.0,
3732,25BA00,25BA,Christelijke Hogeschool Ede,Ede,2019,deeltijd,hbo,ad,NL,realisatie,81.0,55.0,35.0,16.0,30.0,54.0,27.0,0.0,
3733,25BA00,25BA,Christelijke Hogeschool Ede,Ede,2020,deeltijd,hbo,ad,NL,realisatie,111.0,61.0,38.0,40.0,33.0,57.0,44.0,10.0,
3734,25BA00,25BA,Christelijke Hogeschool Ede,Ede,2021,deeltijd,hbo,ad,NL,realisatie,144.0,78.0,50.0,39.0,55.0,71.0,40.0,33.0,
3735,25BA00,25BA,Christelijke Hogeschool Ede,Ede,2022,deeltijd,hbo,ad,NL,realisatie,162.0,89.0,56.0,42.0,64.0,86.0,46.0,30.0,
3736,25BA00,25BA,Christelijke Hogeschool Ede,Ede,2023,deeltijd,hbo,ad,NL,realisatie,176.0,88.0,43.0,54.0,79.0,85.0,57.0,34.0,
3737,25BA00,25BA,Christelijke Hogeschool Ede,Ede,2024,deeltijd,hbo,ad,NL,realisatie,213.0,125.0,69.0,40.0,104.0,119.0,55.0,39.0,
3738,25BA00,25BA,Christelijke Hogeschool Ede,Ede,2021,deeltijd,hbo,ad,niet-EER,realisatie,0.0,0.0,0.0,0.0,0.0,0.0,0.0,0.0,
3739,25BA00,25BA,Christelijke Hogeschool Ede,Ede,2017,deeltijd,hbo,ba,EER,realisatie,0.0,0.0,0.0,0.0,0.0,0.0,0.0,0.0,
3740,25BA00,25BA,Christelijke Hogeschool Ede,Ede,2018,deeltijd,hbo,ba,EER,realisatie,0.0,0.0,0.0,0.0,0.0,0.0,0.0,0.0,
3741,25BA00,25BA,Christelijke Hogeschool Ede,Ede,2019,deeltijd,hbo,ba,EER,realisatie,0.0,0.0,0.0,0.0,0.0,0.0,0.0,0.0,
3742,25BA00,25BA,Christelijke Hogeschool Ede,Ede,2021,deeltijd,hbo,ba,EER,realisatie,0.0,0.0,0.0,0.0,0.0,0.0,0.0,0.0,
3743,25BA00,25BA,Christelijke Hogeschool Ede,Ede,2022,deeltijd,hbo,ba,EER,realisatie,0.0,0.0,0.0,0.0,0.0,0.0,0.0,0.0,
3744,25BA00,25BA,Christelijke Hogeschool Ede,Ede,2023,deeltijd,hbo,ba,EER,realisatie,0.0,0.0,0.0,0.0,0.0,0.0,0.0,0.0,
3745,25BA00,25BA,Christelijke Hogeschool Ede,Ede,2024,deeltijd,hbo,ba,EER,realisatie,0.0,0.0,0.0,0.0,0.0,0.0,0.0,0.0,
3746,25BA00,25BA,Christelijke Hogeschool Ede,Ede,2017,deeltijd,hbo,ba,NL,realisatie,556.0,230.0,113.0,82.0,361.0,124.0,90.0,342.0,
3747,25BA00,25BA,Christelijke Hogeschool Ede,Ede,2018,deeltijd,hbo,ba,NL,realisatie,622.0,268.0,123.0,116.0,383.0,139.0,126.0,357.0,
3748,25BA00,25BA,Christelijke Hogeschool Ede,Ede,2019,deeltijd,hbo,ba,NL,realisatie,788.0,375.0,181.0,140.0,467.0,201.0,158.0,429.0,
3749,25BA00,25BA,Christelijke Hogeschool Ede,Ede,2020,deeltijd,hbo,ba,NL,realisatie,921.0,382.0,187.0,172.0,562.0,213.0,193.0,515.0,
3750,25BA00,25BA,Christelijke Hogeschool Ede,Ede,2021,deeltijd,hbo,ba,NL,realisatie,1012.0,378.0,169.0,175.0,668.0,211.0,198.0,603.0,
3751,25BA00,25BA,Christelijke Hogeschool Ede,Ede,2022,deeltijd,hbo,ba,NL,realisatie,1056.0,329.0,150.0,162.0,744.0,173.0,201.0,682.0,
3752,25BA00,25BA,Christelijke Hogeschool Ede,Ede,2023,deeltijd,hbo,ba,NL,realisatie,1030.0,320.0,145.0,149.0,736.0,185.0,165.0,680.0,
3753,25BA00,25BA,Christelijke Hogeschool Ede,Ede,2024,deeltijd,hbo,ba,NL,realisatie,951.0,298.0,134.0,139.0,678.0,167.0,173.0,611.0,
3754,25BA00,25BA,Christelijke Hogeschool Ede,Ede,2017,deeltijd,hbo,ba,niet-EER,realisatie,0.0,0.0,0.0,0.0,0.0,0.0,0.0,0.0,
3755,25BA00,25BA,Christelijke Hogeschool Ede,Ede,2018,deeltijd,hbo,ba,niet-EER,realisatie,0.0,0.0,0.0,0.0,0.0,0.0,0.0,0.0,
3756,25BA00,25BA,Christelijke Hogeschool Ede,Ede,2019,deeltijd,hbo,ba,niet-EER,realisatie,0.0,0.0,0.0,0.0,0.0,0.0,0.0,0.0,
3757,25BA00,25BA,Christelijke Hogeschool Ede,Ede,2020,deeltijd,hbo,ba,niet-EER,realisatie,0.0,0.0,0.0,0.0,0.0,0.0,0.0,0.0,
3758,25BA00,25BA,Christelijke Hogeschool Ede,Ede,2021,deeltijd,hbo,ba,niet-EER,realisatie,0.0,0.0,0.0,0.0,0.0,0.0,0.0,0.0,
3759,25BA00,25BA,Christelijke Hogeschool Ede,Ede,2022,deeltijd,hbo,ba,niet-EER,realisatie,0.0,0.0,0.0,0.0,0.0,0.0,0.0,0.0,
3760,25BA00,25BA,Christelijke Hogeschool Ede,Ede,2023,deeltijd,hbo,ba,niet-EER,realisatie,0.0,0.0,0.0,0.0,0.0,0.0,0.0,0.0,
3761,25BA00,25BA,Christelijke Hogeschool Ede,Ede,2024,deeltijd,hbo,ba,niet-EER,realisatie,0.0,0.0,0.0,0.0,0.0,0.0,0.0,0.0,
3762,25BA00,25BA,Christelijke Hogeschool Ede,Ede,2021,deeltijd,hbo,ma,EER,realisatie,0.0,0.0,0.0,0.0,0.0,0.0,0.0,0.0,
3763,25BA00,25BA,Christelijke Hogeschool Ede,Ede,2022,deeltijd,hbo,ma,EER,realisatie,0.0,0.0,0.0,0.0,0.0,0.0,0.0,0.0,
3764,25BA00,25BA,Christelijke Hogeschool Ede,Ede,2023,deeltijd,hbo,ma,EER,realisatie,0.0,0.0,0.0,0.0,0.0,0.0,0.0,0.0,
3765,25BA00,25BA,Christelijke Hogeschool Ede,Ede,2024,deeltijd,hbo,ma,EER,realisatie,0.0,0.0,0.0,0.0,0.0,0.0,0.0,0.0,
3766,25BA00,25BA,Christelijke Hogeschool Ede,Ede,2017,deeltijd,hbo,ma,NL,realisatie,19.0,0.0,0.0,0.0,19.0,0.0,7.0,7.0,
3767,25BA00,25BA,Christelijke Hogeschool Ede,Ede,2018,deeltijd,hbo,ma,NL,realisatie,56.0,44.0,0.0,0.0,53.0,35.0,6.0,15.0,
3768,25BA00,25BA,Christelijke Hogeschool Ede,Ede,2019,deeltijd,hbo,ma,NL,realisatie,131.0,89.0,0.0,0.0,129.0,82.0,29.0,20.0,
3769,25BA00,25BA,Christelijke Hogeschool Ede,Ede,2020,deeltijd,hbo,ma,NL,realisatie,243.0,153.0,0.0,0.0,239.0,143.0,65.0,35.0,
3770,25BA00,25BA,Christelijke Hogeschool Ede,Ede,2021,deeltijd,hbo,ma,NL,realisatie,290.0,141.0,0.0,0.0,284.0,130.0,116.0,44.0,
3771,25BA00,25BA,Christelijke Hogeschool Ede,Ede,2022,deeltijd,hbo,ma,NL,realisatie,250.0,93.0,0.0,0.0,247.0,83.0,109.0,58.0,
3772,25BA00,25BA,Christelijke Hogeschool Ede,Ede,2023,deeltijd,hbo,ma,NL,realisatie,246.0,118.0,0.0,0.0,240.0,107.0,76.0,63.0,
3773,25BA00,25BA,Christelijke Hogeschool Ede,Ede,2024,deeltijd,hbo,ma,NL,realisatie,251.0,109.0,0.0,0.0,245.0,106.0,97.0,48.0,
3774,25BA00,25BA,Christelijke Hogeschool Ede,Ede,2020,deeltijd,hbo,ma,niet-EER,realisatie,0.0,0.0,0.0,0.0,0.0,0.0,0.0,0.0,
3775,25BA00,25BA,Christelijke Hogeschool Ede,Ede,2023,deeltijd,hbo,ma,niet-EER,realisatie,0.0,0.0,0.0,0.0,0.0,0.0,0.0,0.0,
3776,25BA00,25BA,Christelijke Hogeschool Ede,Ede,2024,deeltijd,hbo,ma,niet-EER,realisatie,0.0,0.0,0.0,0.0,0.0,0.0,0.0,0.0,
3777,25BA00,25BA,Christelijke Hogeschool Ede,Ede,2019,voltijd,hbo,ad,EER,realisatie,0.0,0.0,0.0,0.0,0.0,0.0,0.0,0.0,
3778,25BA00,25BA,Christelijke Hogeschool Ede,Ede,2020,voltijd,hbo,ad,EER,realisatie,0.0,0.0,0.0,0.0,0.0,0.0,0.0,0.0,
3779,25BA00,25BA,Christelijke Hogeschool Ede,Ede,2017,voltijd,hbo,ad,NL,realisatie,33.0,16.0,8.0,15.0,10.0,15.0,18.0,0.0,
3780,25BA00,25BA,Christelijke Hogeschool Ede,Ede,2018,voltijd,hbo,ad,NL,realisatie,73.0,46.0,32.0,25.0,16.0,46.0,23.0,0.0,
3781,25BA00,25BA,Christelijke Hogeschool Ede,Ede,2019,voltijd,hbo,ad,NL,realisatie,105.0,54.0,31.0,25.0,49.0,54.0,32.0,19.0,
3782,25BA00,25BA,Christelijke Hogeschool Ede,Ede,2020,voltijd,hbo,ad,NL,realisatie,109.0,64.0,33.0,31.0,45.0,64.0,34.0,11.0,
3783,25BA00,25BA,Christelijke Hogeschool Ede,Ede,2021,voltijd,hbo,ad,NL,realisatie,117.0,58.0,25.0,33.0,59.0,57.0,42.0,18.0,
3784,25BA00,25BA,Christelijke Hogeschool Ede,Ede,2022,voltijd,hbo,ad,NL,realisatie,149.0,73.0,32.0,33.0,84.0,70.0,45.0,34.0,
3785,25BA00,25BA,Christelijke Hogeschool Ede,Ede,2023,voltijd,hbo,ad,NL,realisatie,153.0,72.0,35.0,32.0,86.0,63.0,56.0,34.0,
3786,25BA00,25BA,Christelijke Hogeschool Ede,Ede,2024,voltijd,hbo,ad,NL,realisatie,182.0,103.0,44.0,38.0,100.0,95.0,48.0,39.0,
3787,25BA00,25BA,Christelijke Hogeschool Ede,Ede,2018,voltijd,hbo,ad,niet-EER,realisatie,0.0,0.0,0.0,0.0,0.0,0.0,0.0,0.0,
3788,25BA00,25BA,Christelijke Hogeschool Ede,Ede,2023,voltijd,hbo,ad,niet-EER,realisatie,0.0,0.0,0.0,0.0,0.0,0.0,0.0,0.0,
3789,25BA00,25BA,Christelijke Hogeschool Ede,Ede,2024,voltijd,hbo,ad,niet-EER,realisatie,0.0,0.0,0.0,0.0,0.0,0.0,0.0,0.0,
3790,25BA00,25BA,Christelijke Hogeschool Ede,Ede,2017,voltijd,hbo,ba,EER,realisatie,0.0,0.0,0.0,0.0,0.0,0.0,0.0,0.0,
3791,25BA00,25BA,Christelijke Hogeschool Ede,Ede,2018,voltijd,hbo,ba,EER,realisatie,0.0,0.0,0.0,0.0,0.0,0.0,0.0,0.0,
3792,25BA00,25BA,Christelijke Hogeschool Ede,Ede,2019,voltijd,hbo,ba,EER,realisatie,7.0,0.0,0.0,0.0,0.0,0.0,0.0,0.0,
3793,25BA00,25BA,Christelijke Hogeschool Ede,Ede,2020,voltijd,hbo,ba,EER,realisatie,7.0,0.0,0.0,0.0,0.0,0.0,0.0,0.0,
3794,25BA00,25BA,Christelijke Hogeschool Ede,Ede,2021,voltijd,hbo,ba,EER,realisatie,0.0,0.0,0.0,0.0,0.0,0.0,0.0,0.0,
3795,25BA00,25BA,Christelijke Hogeschool Ede,Ede,2022,voltijd,hbo,ba,EER,realisatie,24.0,21.0,21.0,0.0,0.0,21.0,0.0,0.0,
3796,25BA00,25BA,Christelijke Hogeschool Ede,Ede,2023,voltijd,hbo,ba,EER,realisatie,6.0,0.0,0.0,0.0,0.0,0.0,0.0,0.0,
3797,25BA00,25BA,Christelijke Hogeschool Ede,Ede,2024,voltijd,hbo,ba,EER,realisatie,9.0,0.0,0.0,0.0,0.0,0.0,0.0,0.0,
3798,25BA00,25BA,Christelijke Hogeschool Ede,Ede,2017,voltijd,hbo,ba,NL,realisatie,3263.0,837.0,734.0,650.0,1879.0,747.0,656.0,1860.0,
3799,25BA00,25BA,Christelijke Hogeschool Ede,Ede,2018,voltijd,hbo,ba,NL,realisatie,3296.0,978.0,858.0,688.0,1750.0,884.0,683.0,1729.0,
3800,25BA00,25BA,Christelijke Hogeschool Ede,Ede,2019,voltijd,hbo,ba,NL,realisatie,3379.0,935.0,824.0,773.0,1782.0,851.0,780.0,1748.0,
3801,25BA00,25BA,Christelijke Hogeschool Ede,Ede,2020,voltijd,hbo,ba,NL,realisatie,3568.0,986.0,857.0,769.0,1942.0,881.0,781.0,1906.0,
3802,25BA00,25BA,Christelijke Hogeschool Ede,Ede,2021,voltijd,hbo,ba,NL,realisatie,3423.0,792.0,693.0,708.0,2022.0,722.0,716.0,1985.0,
3803,25BA00,25BA,Christelijke Hogeschool Ede,Ede,2022,voltijd,hbo,ba,NL,realisatie,3163.0,713.0,623.0,580.0,1960.0,638.0,596.0,1929.0,
3804,25BA00,25BA,Christelijke Hogeschool Ede,Ede,2023,voltijd,hbo,ba,NL,realisatie,2977.0,768.0,660.0,525.0,1792.0,676.0,533.0,1768.0,
3805,25BA00,25BA,Christelijke Hogeschool Ede,Ede,2024,voltijd,hbo,ba,NL,realisatie,2895.0,799.0,690.0,585.0,1620.0,714.0,589.0,1592.0,
3806,25BA00,25BA,Christelijke Hogeschool Ede,Ede,2017,voltijd,hbo,ba,niet-EER,realisatie,0.0,0.0,0.0,0.0,0.0,0.0,0.0,0.0,
3807,25BA00,25BA,Christelijke Hogeschool Ede,Ede,2018,voltijd,hbo,ba,niet-EER,realisatie,0.0,0.0,0.0,0.0,0.0,0.0,0.0,0.0,
3808,25BA00,25BA,Christelijke Hogeschool Ede,Ede,2019,voltijd,hbo,ba,niet-EER,realisatie,0.0,0.0,0.0,0.0,0.0,0.0,0.0,0.0,
3809,25BA00,25BA,Christelijke Hogeschool Ede,Ede,2020,voltijd,hbo,ba,niet-EER,realisatie,0.0,0.0,0.0,0.0,0.0,0.0,0.0,0.0,
3810,25BA00,25BA,Christelijke Hogeschool Ede,Ede,2021,voltijd,hbo,ba,niet-EER,realisatie,0.0,0.0,0.0,0.0,0.0,0.0,0.0,0.0,
3811,25BA00,25BA,Christelijke Hogeschool Ede,Ede,2022,voltijd,hbo,ba,niet-EER,realisatie,0.0,0.0,0.0,0.0,0.0,0.0,0.0,0.0,
3812,25BA00,25BA,Christelijke Hogeschool Ede,Ede,2023,voltijd,hbo,ba,niet-EER,realisatie,0.0,0.0,0.0,0.0,0.0,0.0,0.0,0.0,
3813,25BA00,25BA,Christelijke Hogeschool Ede,Ede,2024,voltijd,hbo,ba,niet-EER,realisatie,0.0,0.0,0.0,0.0,0.0,0.0,0.0,0.0,
3814,25BA01,25BA,Christelijke Hogeschool Ede,Dordrecht,2019,voltijd,hbo,ad,EER,realisatie,0.0,0.0,0.0,0.0,0.0,0.0,0.0,0.0,
3815,25BA01,25BA,Christelijke Hogeschool Ede,Dordrecht,2020,voltijd,hbo,ad,EER,realisatie,0.0,0.0,0.0,0.0,0.0,0.0,0.0,0.0,
3816,25BA01,25BA,Christelijke Hogeschool Ede,Dordrecht,2023,voltijd,hbo,ad,EER,realisatie,0.0,0.0,0.0,0.0,0.0,0.0,0.0,0.0,
3817,25BA01,25BA,Christelijke Hogeschool Ede,Dordrecht,2024,voltijd,hbo,ad,EER,realisatie,0.0,0.0,0.0,0.0,0.0,0.0,0.0,0.0,
3818,25BA01,25BA,Christelijke Hogeschool Ede,Dordrecht,2017,voltijd,hbo,ad,NL,realisatie,59.0,41.0,28.0,19.0,12.0,40.0,19.0,0.0,
3819,25BA01,25BA,Christelijke Hogeschool Ede,Dordrecht,2018,voltijd,hbo,ad,NL,realisatie,60.0,39.0,21.0,22.0,17.0,39.0,18.0,0.0,
3820,25BA01,25BA,Christelijke Hogeschool Ede,Dordrecht,2019,voltijd,hbo,ad,NL,realisatie,87.0,60.0,39.0,23.0,25.0,59.0,26.0,0.0,
3821,25BA01,25BA,Christelijke Hogeschool Ede,Dordrecht,2020,voltijd,hbo,ad,NL,realisatie,118.0,51.0,31.0,41.0,46.0,51.0,52.0,15.0,
3822,25BA01,25BA,Christelijke Hogeschool Ede,Dordrecht,2021,voltijd,hbo,ad,NL,realisatie,120.0,66.0,49.0,28.0,43.0,62.0,40.0,18.0,
3823,25BA01,25BA,Christelijke Hogeschool Ede,Dordrecht,2022,voltijd,hbo,ad,NL,realisatie,154.0,88.0,51.0,50.0,53.0,85.0,45.0,24.0,
3824,25BA01,25BA,Christelijke Hogeschool Ede,Dordrecht,2023,voltijd,hbo,ad,NL,realisatie,180.0,97.0,59.0,51.0,70.0,94.0,61.0,25.0,
3825,25BA01,25BA,Christelijke Hogeschool Ede,Dordrecht,2024,voltijd,hbo,ad,NL,realisatie,238.0,122.0,69.0,59.0,110.0,111.0,71.0,56.0,
3826,25BA01,25BA,Christelijke Hogeschool Ede,Dordrecht,2024,voltijd,hbo,ad,niet-EER,realisatie,0.0,0.0,0.0,0.0,0.0,0.0,0.0,0.0,
3827,25BE00,25BE,Hanzehogeschool Groningen,Groningen,2019,deeltijd,hbo,ad,EER,realisatie,0.0,0.0,0.0,0.0,0.0,0.0,0.0,0.0,Groningen
3828,25BE00,25BE,Hanzehogeschool Groningen,Groningen,2020,deeltijd,hbo,ad,EER,realisatie,0.0,0.0,0.0,0.0,0.0,0.0,0.0,0.0,Groningen
3829,25BE00,25BE,Hanzehogeschool Groningen,Groningen,2021,deeltijd,hbo,ad,EER,realisatie,0.0,0.0,0.0,0.0,0.0,0.0,0.0,0.0,Groningen
3830,25BE00,25BE,Hanzehogeschool Groningen,Groningen,2023,deeltijd,hbo,ad,EER,realisatie,0.0,0.0,0.0,0.0,0.0,0.0,0.0,0.0,Groningen
3831,25BE00,25BE,Hanzehogeschool Groningen,Groningen,2024,deeltijd,hbo,ad,EER,realisatie,0.0,0.0,0.0,0.0,0.0,0.0,0.0,0.0,Groningen
3832,25BE00,25BE,Hanzehogeschool Groningen,Groningen,2017,deeltijd,hbo,ad,NL,realisatie,244.0,151.0,75.0,76.0,93.0,146.0,80.0,18.0,Groningen
3833,25BE00,25BE,Hanzehogeschool Groningen,Groningen,2018,deeltijd,hbo,ad,NL,realisatie,250.0,120.0,65.0,65.0,120.0,111.0,98.0,41.0,Groningen
3834,25BE00,25BE,Hanzehogeschool Groningen,Groningen,2019,deeltijd,hbo,ad,NL,realisatie,283.0,159.0,88.0,67.0,128.0,146.0,84.0,53.0,Groningen
3835,25BE00,25BE,Hanzehogeschool Groningen,Groningen,2020,deeltijd,hbo,ad,NL,realisatie,306.0,166.0,86.0,94.0,126.0,150.0,111.0,45.0,Groningen
3836,25BE00,25BE,Hanzehogeschool Groningen,Groningen,2021,deeltijd,hbo,ad,NL,realisatie,333.0,179.0,104.0,86.0,143.0,168.0,108.0,57.0,Groningen
3837,25BE00,25BE,Hanzehogeschool Groningen,Groningen,2022,deeltijd,hbo,ad,NL,realisatie,366.0,195.0,107.0,102.0,157.0,176.0,127.0,63.0,Groningen
3838,25BE00,25BE,Hanzehogeschool Groningen,Groningen,2023,deeltijd,hbo,ad,NL,realisatie,392.0,215.0,121.0,96.0,175.0,204.0,117.0,71.0,Groningen
3839,25BE00,25BE,Hanzehogeschool Groningen,Groningen,2024,deeltijd,hbo,ad,NL,realisatie,392.0,202.0,105.0,113.0,174.0,183.0,141.0,68.0,Groningen
3840,25BE00,25BE,Hanzehogeschool Groningen,Groningen,2017,deeltijd,hbo,ad,niet-EER,realisatie,0.0,0.0,0.0,0.0,0.0,0.0,0.0,0.0,Groningen
3841,25BE00,25BE,Hanzehogeschool Groningen,Groningen,2023,deeltijd,hbo,ad,niet-EER,realisatie,0.0,0.0,0.0,0.0,0.0,0.0,0.0,0.0,Groningen
3842,25BE00,25BE,Hanzehogeschool Groningen,Groningen,2017,deeltijd,hbo,ba,EER,realisatie,6.0,0.0,0.0,0.0,0.0,0.0,0.0,0.0,Groningen
3843,25BE00,25BE,Hanzehogeschool Groningen,Groningen,2018,deeltijd,hbo,ba,EER,realisatie,0.0,0.0,0.0,0.0,0.0,0.0,0.0,0.0,Groningen
3844,25BE00,25BE,Hanzehogeschool Groningen,Groningen,2019,deeltijd,hbo,ba,EER,realisatie,7.0,0.0,0.0,0.0,0.0,0.0,0.0,0.0,Groningen
3845,25BE00,25BE,Hanzehogeschool Groningen,Groningen,2020,deeltijd,hbo,ba,EER,realisatie,0.0,0.0,0.0,0.0,0.0,0.0,0.0,0.0,Groningen
3846,25BE00,25BE,Hanzehogeschool Groningen,Groningen,2021,deeltijd,hbo,ba,EER,realisatie,0.0,0.0,0.0,0.0,0.0,0.0,0.0,0.0,Groningen
3847,25BE00,25BE,Hanzehogeschool Groningen,Groningen,2022,deeltijd,hbo,ba,EER,realisatie,0.0,0.0,0.0,0.0,0.0,0.0,0.0,0.0,Groningen
3848,25BE00,25BE,Hanzehogeschool Groningen,Groningen,2023,deeltijd,hbo,ba,EER,realisatie,7.0,0.0,0.0,0.0,0.0,0.0,0.0,0.0,Groningen
3849,25BE00,25BE,Hanzehogeschool Groningen,Groningen,2024,deeltijd,hbo,ba,EER,realisatie,11.0,6.0,0.0,0.0,7.0,0.0,0.0,7.0,Groningen
3850,25BE00,25BE,Hanzehogeschool Groningen,Groningen,2017,deeltijd,hbo,ba,NL,realisatie,1673.0,588.0,273.0,290.0,1110.0,303.0,333.0,1037.0,Groningen
3851,25BE00,25BE,Hanzehogeschool Groningen,Groningen,2018,deeltijd,hbo,ba,NL,realisatie,1631.0,519.0,238.0,265.0,1128.0,271.0,281.0,1079.0,Groningen
3852,25BE00,25BE,Hanzehogeschool Groningen,Groningen,2019,deeltijd,hbo,ba,NL,realisatie,1568.0,505.0,258.0,210.0,1100.0,283.0,244.0,1041.0,Groningen
3853,25BE00,25BE,Hanzehogeschool Groningen,Groningen,2020,deeltijd,hbo,ba,NL,realisatie,1599.0,499.0,218.0,249.0,1132.0,244.0,281.0,1074.0,Groningen
3854,25BE00,25BE,Hanzehogeschool Groningen,Groningen,2021,deeltijd,hbo,ba,NL,realisatie,1545.0,483.0,223.0,226.0,1096.0,247.0,257.0,1041.0,Groningen
3855,25BE00,25BE,Hanzehogeschool Groningen,Groningen,2022,deeltijd,hbo,ba,NL,realisatie,1483.0,503.0,236.0,210.0,1037.0,272.0,241.0,970.0,Groningen
3856,25BE00,25BE,Hanzehogeschool Groningen,Groningen,2023,deeltijd,hbo,ba,NL,realisatie,1463.0,560.0,215.0,189.0,1059.0,264.0,228.0,971.0,Groningen
3857,25BE00,25BE,Hanzehogeschool Groningen,Groningen,2024,deeltijd,hbo,ba,NL,realisatie,1416.0,540.0,177.0,173.0,1066.0,224.0,231.0,961.0,Groningen
3858,25BE00,25BE,Hanzehogeschool Groningen,Groningen,2017,deeltijd,hbo,ba,niet-EER,realisatie,0.0,0.0,0.0,0.0,0.0,0.0,0.0,0.0,Groningen
3859,25BE00,25BE,Hanzehogeschool Groningen,Groningen,2018,deeltijd,hbo,ba,niet-EER,realisatie,0.0,0.0,0.0,0.0,0.0,0.0,0.0,0.0,Groningen
3860,25BE00,25BE,Hanzehogeschool Groningen,Groningen,2019,deeltijd,hbo,ba,niet-EER,realisatie,0.0,0.0,0.0,0.0,0.0,0.0,0.0,0.0,Groningen
3861,25BE00,25BE,Hanzehogeschool Groningen,Groningen,2020,deeltijd,hbo,ba,niet-EER,realisatie,0.0,0.0,0.0,0.0,0.0,0.0,0.0,0.0,Groningen
3862,25BE00,25BE,Hanzehogeschool Groningen,Groningen,2021,deeltijd,hbo,ba,niet-EER,realisatie,0.0,0.0,0.0,0.0,0.0,0.0,0.0,0.0,Groningen
3863,25BE00,25BE,Hanzehogeschool Groningen,Groningen,2022,deeltijd,hbo,ba,niet-EER,realisatie,0.0,0.0,0.0,0.0,0.0,0.0,0.0,0.0,Groningen
3864,25BE00,25BE,Hanzehogeschool Groningen,Groningen,2023,deeltijd,hbo,ba,niet-EER,realisatie,7.0,0.0,0.0,0.0,0.0,0.0,0.0,0.0,Groningen
3865,25BE00,25BE,Hanzehogeschool Groningen,Groningen,2024,deeltijd,hbo,ba,niet-EER,realisatie,0.0,0.0,0.0,0.0,0.0,0.0,0.0,0.0,Groningen
3866,25BE00,25BE,Hanzehogeschool Groningen,Groningen,2017,deeltijd,hbo,ma,EER,realisatie,0.0,0.0,0.0,0.0,0.0,0.0,0.0,0.0,Groningen
3867,25BE00,25BE,Hanzehogeschool Groningen,Groningen,2018,deeltijd,hbo,ma,EER,realisatie,0.0,0.0,0.0,0.0,0.0,0.0,0.0,0.0,Groningen
3868,25BE00,25BE,Hanzehogeschool Groningen,Groningen,2019,deeltijd,hbo,ma,EER,realisatie,0.0,0.0,0.0,0.0,0.0,0.0,0.0,0.0,Groningen
3869,25BE00,25BE,Hanzehogeschool Groningen,Groningen,2020,deeltijd,hbo,ma,EER,realisatie,0.0,0.0,0.0,0.0,0.0,0.0,0.0,0.0,Groningen
3870,25BE00,25BE,Hanzehogeschool Groningen,Groningen,2021,deeltijd,hbo,ma,EER,realisatie,0.0,0.0,0.0,0.0,0.0,0.0,0.0,0.0,Groningen
3871,25BE00,25BE,Hanzehogeschool Groningen,Groningen,2022,deeltijd,hbo,ma,EER,realisatie,0.0,0.0,0.0,0.0,0.0,0.0,0.0,0.0,Groningen
3872,25BE00,25BE,Hanzehogeschool Groningen,Groningen,2023,deeltijd,hbo,ma,EER,realisatie,0.0,0.0,0.0,0.0,0.0,0.0,0.0,0.0,Groningen
3873,25BE00,25BE,Hanzehogeschool Groningen,Groningen,2024,deeltijd,hbo,ma,EER,realisatie,0.0,0.0,0.0,0.0,0.0,0.0,0.0,0.0,Groningen
3874,25BE00,25BE,Hanzehogeschool Groningen,Groningen,2017,deeltijd,hbo,ma,NL,realisatie,209.0,102.0,13.0,0.0,191.0,97.0,68.0,44.0,Groningen
3875,25BE00,25BE,Hanzehogeschool Groningen,Groningen,2018,deeltijd,hbo,ma,NL,realisatie,229.0,86.0,0.0,11.0,215.0,79.0,76.0,74.0,Groningen
3876,25BE00,25BE,Hanzehogeschool Groningen,Groningen,2019,deeltijd,hbo,ma,NL,realisatie,192.0,54.0,7.0,0.0,182.0,51.0,55.0,86.0,Groningen
3877,25BE00,25BE,Hanzehogeschool Groningen,Groningen,2020,deeltijd,hbo,ma,NL,realisatie,190.0,82.0,0.0,6.0,183.0,78.0,48.0,64.0,Groningen
3878,25BE00,25BE,Hanzehogeschool Groningen,Groningen,2021,deeltijd,hbo,ma,NL,realisatie,222.0,103.0,0.0,0.0,219.0,91.0,71.0,60.0,Groningen
3879,25BE00,25BE,Hanzehogeschool Groningen,Groningen,2022,deeltijd,hbo,ma,NL,realisatie,218.0,83.0,0.0,0.0,213.0,78.0,72.0,68.0,Groningen
3880,25BE00,25BE,Hanzehogeschool Groningen,Groningen,2023,deeltijd,hbo,ma,NL,realisatie,220.0,111.0,7.0,0.0,211.0,106.0,57.0,57.0,Groningen
3881,25BE00,25BE,Hanzehogeschool Groningen,Groningen,2024,deeltijd,hbo,ma,NL,realisatie,224.0,90.0,0.0,0.0,220.0,83.0,81.0,60.0,Groningen
3882,25BE00,25BE,Hanzehogeschool Groningen,Groningen,2018,deeltijd,hbo,ma,niet-EER,realisatie,0.0,0.0,0.0,0.0,0.0,0.0,0.0,0.0,Groningen
3883,25BE00,25BE,Hanzehogeschool Groningen,Groningen,2019,deeltijd,hbo,ma,niet-EER,realisatie,0.0,0.0,0.0,0.0,0.0,0.0,0.0,0.0,Groningen
3884,25BE00,25BE,Hanzehogeschool Groningen,Groningen,2020,deeltijd,hbo,ma,niet-EER,realisatie,9.0,0.0,0.0,0.0,0.0,0.0,0.0,0.0,Groningen
3885,25BE00,25BE,Hanzehogeschool Groningen,Groningen,2021,deeltijd,hbo,ma,niet-EER,realisatie,7.0,0.0,0.0,0.0,0.0,0.0,0.0,0.0,Groningen
3886,25BE00,25BE,Hanzehogeschool Groningen,Groningen,2022,deeltijd,hbo,ma,niet-EER,realisatie,9.0,0.0,0.0,0.0,0.0,0.0,0.0,0.0,Groningen
3887,25BE00,25BE,Hanzehogeschool Groningen,Groningen,2023,deeltijd,hbo,ma,niet-EER,realisatie,9.0,0.0,0.0,0.0,0.0,0.0,0.0,0.0,Groningen
3888,25BE00,25BE,Hanzehogeschool Groningen,Groningen,2024,deeltijd,hbo,ma,niet-EER,realisatie,6.0,0.0,0.0,0.0,0.0,0.0,0.0,0.0,Groningen
3889,25BE00,25BE,Hanzehogeschool Groningen,Groningen,2020,voltijd,hbo,ad,EER,realisatie,0.0,0.0,0.0,0.0,0.0,0.0,0.0,0.0,Groningen
3890,25BE00,25BE,Hanzehogeschool Groningen,Groningen,2017,voltijd,hbo,ad,NL,realisatie,108.0,65.0,33.0,29.0,46.0,62.0,27.0,19.0,Groningen
3891,25BE00,25BE,Hanzehogeschool Groningen,Groningen,2018,voltijd,hbo,ad,NL,realisatie,165.0,106.0,54.0,44.0,67.0,103.0,42.0,20.0,Groningen
3892,25BE00,25BE,Hanzehogeschool Groningen,Groningen,2019,voltijd,hbo,ad,NL,realisatie,199.0,133.0,68.0,54.0,77.0,127.0,58.0,14.0,Groningen
3893,25BE00,25BE,Hanzehogeschool Groningen,Groningen,2020,voltijd,hbo,ad,NL,realisatie,241.0,125.0,57.0,76.0,108.0,123.0,82.0,36.0,Groningen
3894,25BE00,25BE,Hanzehogeschool Groningen,Groningen,2021,voltijd,hbo,ad,NL,realisatie,267.0,136.0,74.0,70.0,123.0,131.0,82.0,54.0,Groningen
3895,25BE00,25BE,Hanzehogeschool Groningen,Groningen,2022,voltijd,hbo,ad,NL,realisatie,280.0,149.0,68.0,72.0,140.0,144.0,84.0,52.0,Groningen
3896,25BE00,25BE,Hanzehogeschool Groningen,Groningen,2023,voltijd,hbo,ad,NL,realisatie,271.0,157.0,83.0,60.0,128.0,149.0,69.0,53.0,Groningen
3897,25BE00,25BE,Hanzehogeschool Groningen,Groningen,2024,voltijd,hbo,ad,NL,realisatie,261.0,129.0,61.0,82.0,118.0,123.0,97.0,41.0,Groningen
3898,25BE00,25BE,Hanzehogeschool Groningen,Groningen,2017,voltijd,hbo,ad,niet-EER,realisatie,0.0,0.0,0.0,0.0,0.0,0.0,0.0,0.0,Groningen
3899,25BE00,25BE,Hanzehogeschool Groningen,Groningen,2023,voltijd,hbo,ad,niet-EER,realisatie,0.0,0.0,0.0,0.0,0.0,0.0,0.0,0.0,Groningen
3900,25BE00,25BE,Hanzehogeschool Groningen,Groningen,2024,voltijd,hbo,ad,niet-EER,realisatie,0.0,0.0,0.0,0.0,0.0,0.0,0.0,0.0,Groningen
3901,25BE00,25BE,Hanzehogeschool Groningen,Groningen,2017,voltijd,hbo,ba,EER,realisatie,1498.0,458.0,428.0,359.0,711.0,443.0,358.0,697.0,Groningen
3902,25BE00,25BE,Hanzehogeschool Groningen,Groningen,2018,voltijd,hbo,ba,EER,realisatie,1578.0,501.0,454.0,360.0,764.0,482.0,352.0,744.0,Groningen
3903,25BE00,25BE,Hanzehogeschool Groningen,Groningen,2019,voltijd,hbo,ba,EER,realisatie,1702.0,571.0,519.0,379.0,804.0,558.0,373.0,771.0,Groningen
3904,25BE00,25BE,Hanzehogeschool Groningen,Groningen,2020,voltijd,hbo,ba,EER,realisatie,1819.0,523.0,486.0,454.0,879.0,507.0,478.0,834.0,Groningen
3905,25BE00,25BE,Hanzehogeschool Groningen,Groningen,2021,voltijd,hbo,ba,EER,realisatie,1985.0,579.0,524.0,433.0,1028.0,563.0,427.0,995.0,Groningen
3906,25BE00,25BE,Hanzehogeschool Groningen,Groningen,2022,voltijd,hbo,ba,EER,realisatie,2141.0,661.0,600.0,459.0,1082.0,641.0,455.0,1045.0,Groningen
3907,25BE00,25BE,Hanzehogeschool Groningen,Groningen,2023,voltijd,hbo,ba,EER,realisatie,2135.0,572.0,518.0,526.0,1091.0,547.0,536.0,1052.0,Groningen
3908,25BE00,25BE,Hanzehogeschool Groningen,Groningen,2024,voltijd,hbo,ba,EER,realisatie,2105.0,506.0,455.0,462.0,1188.0,480.0,478.0,1147.0,Groningen
3909,25BE00,25BE,Hanzehogeschool Groningen,Groningen,2017,voltijd,hbo,ba,NL,realisatie,24075.0,6287.0,5316.0,4437.0,14322.0,5584.0,4531.0,13960.0,Groningen
3910,25BE00,25BE,Hanzehogeschool Groningen,Groningen,2018,voltijd,hbo,ba,NL,realisatie,24197.0,6106.0,5190.0,4806.0,14201.0,5428.0,4928.0,13841.0,Groningen
3911,25BE00,25BE,Hanzehogeschool Groningen,Groningen,2019,voltijd,hbo,ba,NL,realisatie,24018.0,5836.0,4839.0,4653.0,14526.0,5123.0,4739.0,14156.0,Groningen
3912,25BE00,25BE,Hanzehogeschool Groningen,Groningen,2020,voltijd,hbo,ba,NL,realisatie,24993.0,6366.0,5386.0,4629.0,14978.0,5648.0,4769.0,14576.0,Groningen
3913,25BE00,25BE,Hanzehogeschool Groningen,Groningen,2021,voltijd,hbo,ba,NL,realisatie,24799.0,5643.0,4772.0,5008.0,15019.0,5048.0,5131.0,14620.0,Groningen
3914,25BE00,25BE,Hanzehogeschool Groningen,Groningen,2022,voltijd,hbo,ba,NL,realisatie,23561.0,5052.0,4144.0,4279.0,15138.0,4457.0,4401.0,14703.0,Groningen
3915,25BE00,25BE,Hanzehogeschool Groningen,Groningen,2023,voltijd,hbo,ba,NL,realisatie,22314.0,5072.0,4059.0,3694.0,14561.0,4387.0,3828.0,14099.0,Groningen
3916,25BE00,25BE,Hanzehogeschool Groningen,Groningen,2024,voltijd,hbo,ba,NL,realisatie,21188.0,4941.0,4017.0,3690.0,13481.0,4338.0,3837.0,13013.0,Groningen
3917,25BE00,25BE,Hanzehogeschool Groningen,Groningen,2017,voltijd,hbo,ba,niet-EER,realisatie,444.0,138.0,122.0,135.0,187.0,137.0,128.0,179.0,Groningen
3918,25BE00,25BE,Hanzehogeschool Groningen,Groningen,2018,voltijd,hbo,ba,niet-EER,realisatie,474.0,146.0,135.0,91.0,248.0,141.0,101.0,232.0,Groningen
3919,25BE00,25BE,Hanzehogeschool Groningen,Groningen,2019,voltijd,hbo,ba,niet-EER,realisatie,487.0,157.0,133.0,112.0,242.0,150.0,103.0,234.0,Groningen
3920,25BE00,25BE,Hanzehogeschool Groningen,Groningen,2020,voltijd,hbo,ba,niet-EER,realisatie,507.0,178.0,167.0,96.0,244.0,172.0,106.0,229.0,Groningen
3921,25BE00,25BE,Hanzehogeschool Groningen,Groningen,2021,voltijd,hbo,ba,niet-EER,realisatie,574.0,210.0,203.0,131.0,240.0,207.0,133.0,234.0,Groningen
3922,25BE00,25BE,Hanzehogeschool Groningen,Groningen,2022,voltijd,hbo,ba,niet-EER,realisatie,593.0,200.0,190.0,126.0,277.0,194.0,126.0,273.0,Groningen
3923,25BE00,25BE,Hanzehogeschool Groningen,Groningen,2023,voltijd,hbo,ba,niet-EER,realisatie,601.0,189.0,179.0,142.0,280.0,182.0,145.0,274.0,Groningen
3924,25BE00,25BE,Hanzehogeschool Groningen,Groningen,2024,voltijd,hbo,ba,niet-EER,realisatie,603.0,191.0,182.0,149.0,272.0,188.0,149.0,266.0,Groningen
3925,25BE00,25BE,Hanzehogeschool Groningen,Groningen,2017,voltijd,hbo,ma,EER,realisatie,38.0,16.0,14.0,16.0,8.0,16.0,18.0,0.0,Groningen
3926,25BE00,25BE,Hanzehogeschool Groningen,Groningen,2018,voltijd,hbo,ma,EER,realisatie,49.0,31.0,18.0,15.0,16.0,31.0,15.0,0.0,Groningen
3927,25BE00,25BE,Hanzehogeschool Groningen,Groningen,2019,voltijd,hbo,ma,EER,realisatie,72.0,46.0,30.0,19.0,23.0,45.0,24.0,0.0,Groningen
3928,25BE00,25BE,Hanzehogeschool Groningen,Groningen,2020,voltijd,hbo,ma,EER,realisatie,111.0,65.0,33.0,27.0,51.0,65.0,37.0,9.0,Groningen
3929,25BE00,25BE,Hanzehogeschool Groningen,Groningen,2021,voltijd,hbo,ma,EER,realisatie,140.0,82.0,49.0,34.0,57.0,81.0,52.0,7.0,Groningen
3930,25BE00,25BE,Hanzehogeschool Groningen,Groningen,2022,voltijd,hbo,ma,EER,realisatie,130.0,53.0,33.0,45.0,52.0,52.0,65.0,13.0,Groningen
3931,25BE00,25BE,Hanzehogeschool Groningen,Groningen,2023,voltijd,hbo,ma,EER,realisatie,118.0,57.0,38.0,31.0,49.0,56.0,48.0,14.0,Groningen
3932,25BE00,25BE,Hanzehogeschool Groningen,Groningen,2024,voltijd,hbo,ma,EER,realisatie,119.0,58.0,40.0,35.0,44.0,58.0,49.0,12.0,Groningen
3933,25BE00,25BE,Hanzehogeschool Groningen,Groningen,2017,voltijd,hbo,ma,NL,realisatie,255.0,129.0,10.0,14.0,231.0,129.0,106.0,20.0,Groningen
3934,25BE00,25BE,Hanzehogeschool Groningen,Groningen,2018,voltijd,hbo,ma,NL,realisatie,301.0,144.0,8.0,11.0,282.0,141.0,115.0,45.0,Groningen
3935,25BE00,25BE,Hanzehogeschool Groningen,Groningen,2019,voltijd,hbo,ma,NL,realisatie,343.0,179.0,9.0,10.0,324.0,176.0,112.0,55.0,Groningen
3936,25BE00,25BE,Hanzehogeschool Groningen,Groningen,2020,voltijd,hbo,ma,NL,realisatie,419.0,216.0,9.0,12.0,398.0,212.0,149.0,58.0,Groningen
3937,25BE00,25BE,Hanzehogeschool Groningen,Groningen,2021,voltijd,hbo,ma,NL,realisatie,459.0,229.0,11.0,9.0,439.0,224.0,171.0,64.0,Groningen
3938,25BE00,25BE,Hanzehogeschool Groningen,Groningen,2022,voltijd,hbo,ma,NL,realisatie,447.0,191.0,0.0,11.0,431.0,187.0,187.0,73.0,Groningen
3939,25BE00,25BE,Hanzehogeschool Groningen,Groningen,2023,voltijd,hbo,ma,NL,realisatie,443.0,195.0,6.0,6.0,431.0,193.0,152.0,98.0,Groningen
3940,25BE00,25BE,Hanzehogeschool Groningen,Groningen,2024,voltijd,hbo,ma,NL,realisatie,438.0,200.0,0.0,0.0,430.0,200.0,151.0,87.0,Groningen
3941,25BE00,25BE,Hanzehogeschool Groningen,Groningen,2017,voltijd,hbo,ma,niet-EER,realisatie,20.0,8.0,0.0,8.0,7.0,7.0,10.0,0.0,Groningen
3942,25BE00,25BE,Hanzehogeschool Groningen,Groningen,2018,voltijd,hbo,ma,niet-EER,realisatie,31.0,25.0,18.0,0.0,10.0,22.0,6.0,0.0,Groningen
3943,25BE00,25BE,Hanzehogeschool Groningen,Groningen,2019,voltijd,hbo,ma,niet-EER,realisatie,77.0,58.0,55.0,16.0,6.0,57.0,19.0,0.0,Groningen
3944,25BE00,25BE,Hanzehogeschool Groningen,Groningen,2020,voltijd,hbo,ma,niet-EER,realisatie,114.0,61.0,53.0,50.0,11.0,60.0,52.0,0.0,Groningen
3945,25BE00,25BE,Hanzehogeschool Groningen,Groningen,2021,voltijd,hbo,ma,niet-EER,realisatie,111.0,66.0,54.0,41.0,16.0,66.0,43.0,0.0,Groningen
3946,25BE00,25BE,Hanzehogeschool Groningen,Groningen,2022,voltijd,hbo,ma,niet-EER,realisatie,143.0,81.0,72.0,48.0,23.0,78.0,61.0,0.0,Groningen
3947,25BE00,25BE,Hanzehogeschool Groningen,Groningen,2023,voltijd,hbo,ma,niet-EER,realisatie,164.0,88.0,84.0,66.0,14.0,88.0,68.0,8.0,Groningen
3948,25BE00,25BE,Hanzehogeschool Groningen,Groningen,2024,voltijd,hbo,ma,niet-EER,realisatie,166.0,78.0,63.0,76.0,27.0,78.0,77.0,11.0,Groningen
3949,25BE00,25BE,Hanzehogeschool Groningen,Groningen,2017,voltijd,wo,ma,EER,realisatie,34.0,19.0,18.0,14.0,0.0,19.0,15.0,0.0,Groningen
3950,25BE00,25BE,Hanzehogeschool Groningen,Groningen,2018,voltijd,wo,ma,EER,realisatie,41.0,23.0,23.0,17.0,0.0,23.0,18.0,0.0,Groningen
3951,25BE00,25BE,Hanzehogeschool Groningen,Groningen,2019,voltijd,wo,ma,EER,realisatie,54.0,31.0,30.0,23.0,0.0,31.0,23.0,0.0,Groningen
3952,25BE00,25BE,Hanzehogeschool Groningen,Groningen,2020,voltijd,wo,ma,EER,realisatie,47.0,18.0,17.0,29.0,0.0,18.0,29.0,0.0,Groningen
3953,25BE00,25BE,Hanzehogeschool Groningen,Groningen,2021,voltijd,wo,ma,EER,realisatie,35.0,17.0,15.0,17.0,0.0,16.0,18.0,0.0,Groningen
3954,25BE00,25BE,Hanzehogeschool Groningen,Groningen,2022,voltijd,wo,ma,EER,realisatie,39.0,24.0,22.0,13.0,0.0,24.0,14.0,0.0,Groningen
3955,25BE00,25BE,Hanzehogeschool Groningen,Groningen,2023,voltijd,wo,ma,EER,realisatie,36.0,12.0,12.0,22.0,0.0,12.0,24.0,0.0,Groningen
3956,25BE00,25BE,Hanzehogeschool Groningen,Groningen,2024,voltijd,wo,ma,EER,realisatie,31.0,19.0,15.0,11.0,0.0,19.0,11.0,0.0,Groningen
3957,25BE00,25BE,Hanzehogeschool Groningen,Groningen,2017,voltijd,wo,ma,NL,realisatie,18.0,8.0,0.0,0.0,17.0,8.0,10.0,0.0,Groningen
3958,25BE00,25BE,Hanzehogeschool Groningen,Groningen,2018,voltijd,wo,ma,NL,realisatie,19.0,10.0,0.0,0.0,18.0,10.0,8.0,0.0,Groningen
3959,25BE00,25BE,Hanzehogeschool Groningen,Groningen,2019,voltijd,wo,ma,NL,realisatie,15.0,0.0,0.0,0.0,14.0,0.0,10.0,0.0,Groningen
3960,25BE00,25BE,Hanzehogeschool Groningen,Groningen,2020,voltijd,wo,ma,NL,realisatie,15.0,9.0,0.0,0.0,14.0,9.0,0.0,0.0,Groningen
3961,25BE00,25BE,Hanzehogeschool Groningen,Groningen,2021,voltijd,wo,ma,NL,realisatie,21.0,11.0,0.0,0.0,19.0,11.0,9.0,0.0,Groningen
3962,25BE00,25BE,Hanzehogeschool Groningen,Groningen,2022,voltijd,wo,ma,NL,realisatie,28.0,15.0,0.0,0.0,26.0,15.0,11.0,0.0,Groningen
3963,25BE00,25BE,Hanzehogeschool Groningen,Groningen,2023,voltijd,wo,ma,NL,realisatie,26.0,12.0,0.0,0.0,25.0,12.0,14.0,0.0,Groningen
3964,25BE00,25BE,Hanzehogeschool Groningen,Groningen,2024,voltijd,wo,ma,NL,realisatie,16.0,0.0,0.0,0.0,16.0,0.0,11.0,0.0,Groningen
3965,25BE00,25BE,Hanzehogeschool Groningen,Groningen,2017,voltijd,wo,ma,niet-EER,realisatie,41.0,26.0,26.0,15.0,0.0,26.0,15.0,0.0,Groningen
3966,25BE00,25BE,Hanzehogeschool Groningen,Groningen,2018,voltijd,wo,ma,niet-EER,realisatie,45.0,17.0,17.0,26.0,0.0,17.0,26.0,0.0,Groningen
3967,25BE00,25BE,Hanzehogeschool Groningen,Groningen,2019,voltijd,wo,ma,niet-EER,realisatie,41.0,20.0,20.0,17.0,0.0,20.0,17.0,0.0,Groningen
3968,25BE00,25BE,Hanzehogeschool Groningen,Groningen,2020,voltijd,wo,ma,niet-EER,realisatie,32.0,8.0,8.0,20.0,0.0,8.0,20.0,0.0,Groningen
3969,25BE00,25BE,Hanzehogeschool Groningen,Groningen,2021,voltijd,wo,ma,niet-EER,realisatie,20.0,12.0,12.0,7.0,0.0,12.0,7.0,0.0,Groningen
3970,25BE00,25BE,Hanzehogeschool Groningen,Groningen,2022,voltijd,wo,ma,niet-EER,realisatie,29.0,17.0,16.0,12.0,0.0,16.0,12.0,0.0,Groningen
3971,25BE00,25BE,Hanzehogeschool Groningen,Groningen,2023,voltijd,wo,ma,niet-EER,realisatie,30.0,13.0,12.0,17.0,0.0,13.0,16.0,0.0,Groningen
3972,25BE00,25BE,Hanzehogeschool Groningen,Groningen,2024,voltijd,wo,ma,niet-EER,realisatie,33.0,20.0,20.0,12.0,0.0,20.0,13.0,0.0,Groningen
3973,25BE01,25BE,Hanzehogeschool Groningen,Leeuwarden,2017,voltijd,hbo,ba,EER,realisatie,0.0,0.0,0.0,0.0,0.0,0.0,0.0,0.0,Friesland
3974,25BE01,25BE,Hanzehogeschool Groningen,Leeuwarden,2018,voltijd,hbo,ba,EER,realisatie,0.0,0.0,0.0,0.0,0.0,0.0,0.0,0.0,Friesland
3975,25BE01,25BE,Hanzehogeschool Groningen,Leeuwarden,2019,voltijd,hbo,ba,EER,realisatie,0.0,0.0,0.0,0.0,0.0,0.0,0.0,0.0,Friesland
3976,25BE01,25BE,Hanzehogeschool Groningen,Leeuwarden,2023,voltijd,hbo,ba,EER,realisatie,0.0,0.0,0.0,0.0,0.0,0.0,0.0,0.0,Friesland
3977,25BE01,25BE,Hanzehogeschool Groningen,Leeuwarden,2024,voltijd,hbo,ba,EER,realisatie,0.0,0.0,0.0,0.0,0.0,0.0,0.0,0.0,Friesland
3978,25BE01,25BE,Hanzehogeschool Groningen,Leeuwarden,2017,voltijd,hbo,ba,NL,realisatie,202.0,33.0,22.0,31.0,149.0,25.0,32.0,145.0,Friesland
3979,25BE01,25BE,Hanzehogeschool Groningen,Leeuwarden,2018,voltijd,hbo,ba,NL,realisatie,212.0,55.0,43.0,36.0,133.0,45.0,36.0,131.0,Friesland
3980,25BE01,25BE,Hanzehogeschool Groningen,Leeuwarden,2019,voltijd,hbo,ba,NL,realisatie,211.0,54.0,41.0,43.0,127.0,41.0,44.0,126.0,Friesland
3981,25BE01,25BE,Hanzehogeschool Groningen,Leeuwarden,2020,voltijd,hbo,ba,NL,realisatie,220.0,53.0,42.0,44.0,134.0,45.0,43.0,132.0,Friesland
3982,25BE01,25BE,Hanzehogeschool Groningen,Leeuwarden,2021,voltijd,hbo,ba,NL,realisatie,190.0,31.0,27.0,31.0,132.0,28.0,33.0,129.0,Friesland
3983,25BE01,25BE,Hanzehogeschool Groningen,Leeuwarden,2022,voltijd,hbo,ba,NL,realisatie,164.0,31.0,24.0,21.0,119.0,28.0,19.0,117.0,Friesland
3984,25BE01,25BE,Hanzehogeschool Groningen,Leeuwarden,2023,voltijd,hbo,ba,NL,realisatie,142.0,25.0,21.0,20.0,101.0,22.0,22.0,98.0,Friesland
3985,25BE01,25BE,Hanzehogeschool Groningen,Leeuwarden,2024,voltijd,hbo,ba,NL,realisatie,150.0,32.0,27.0,24.0,99.0,31.0,21.0,98.0,Friesland
3986,25BE01,25BE,Hanzehogeschool Groningen,Leeuwarden,2017,voltijd,hbo,ba,niet-EER,realisatie,0.0,0.0,0.0,0.0,0.0,0.0,0.0,0.0,Friesland
3987,25BE01,25BE,Hanzehogeschool Groningen,Leeuwarden,2018,voltijd,hbo,ba,niet-EER,realisatie,0.0,0.0,0.0,0.0,0.0,0.0,0.0,0.0,Friesland
3988,25BE01,25BE,Hanzehogeschool Groningen,Leeuwarden,2019,voltijd,hbo,ba,niet-EER,realisatie,0.0,0.0,0.0,0.0,0.0,0.0,0.0,0.0,Friesland
3989,25BE01,25BE,Hanzehogeschool Groningen,Leeuwarden,2020,voltijd,hbo,ba,niet-EER,realisatie,0.0,0.0,0.0,0.0,0.0,0.0,0.0,0.0,Friesland
3990,25BE01,25BE,Hanzehogeschool Groningen,Leeuwarden,2021,voltijd,hbo,ba,niet-EER,realisatie,0.0,0.0,0.0,0.0,0.0,0.0,0.0,0.0,Friesland
3991,25BE01,25BE,Hanzehogeschool Groningen,Leeuwarden,2023,voltijd,hbo,ba,niet-EER,realisatie,0.0,0.0,0.0,0.0,0.0,0.0,0.0,0.0,Friesland
3992,25BE01,25BE,Hanzehogeschool Groningen,Leeuwarden,2024,voltijd,hbo,ba,niet-EER,realisatie,0.0,0.0,0.0,0.0,0.0,0.0,0.0,0.0,Friesland
3993,25BE02,25BE,Hanzehogeschool Groningen,Amsterdam,2021,deeltijd,hbo,ma,EER,realisatie,0.0,0.0,0.0,0.0,0.0,0.0,0.0,0.0,Noord-Holland
3994,25BE02,25BE,Hanzehogeschool Groningen,Amsterdam,2022,deeltijd,hbo,ma,EER,realisatie,0.0,0.0,0.0,0.0,0.0,0.0,0.0,0.0,Noord-Holland
3995,25BE02,25BE,Hanzehogeschool Groningen,Amsterdam,2021,deeltijd,hbo,ma,NL,realisatie,9.0,8.0,0.0,0.0,9.0,7.0,0.0,0.0,Noord-Holland
3996,25BE02,25BE,Hanzehogeschool Groningen,Amsterdam,2022,deeltijd,hbo,ma,NL,realisatie,6.0,0.0,0.0,0.0,6.0,0.0,0.0,0.0,Noord-Holland
3997,25BE02,25BE,Hanzehogeschool Groningen,Amsterdam,2024,deeltijd,hbo,ma,NL,realisatie,0.0,0.0,0.0,0.0,0.0,0.0,0.0,0.0,Noord-Holland
3998,25BE02,25BE,Hanzehogeschool Groningen,Amsterdam,2020,voltijd,hbo,ad,EER,realisatie,0.0,0.0,0.0,0.0,0.0,0.0,0.0,0.0,Noord-Holland
3999,25BE02,25BE,Hanzehogeschool Groningen,Amsterdam,2021,voltijd,hbo,ad,EER,realisatie,0.0,0.0,0.0,0.0,0.0,0.0,0.0,0.0,Noord-Holland
4000,25BE02,25BE,Hanzehogeschool Groningen,Amsterdam,2023,voltijd,hbo,ad,EER,realisatie,0.0,0.0,0.0,0.0,0.0,0.0,0.0,0.0,Noord-Holland
4001,25BE02,25BE,Hanzehogeschool Groningen,Amsterdam,2024,voltijd,hbo,ad,EER,realisatie,0.0,0.0,0.0,0.0,0.0,0.0,0.0,0.0,Noord-Holland
4002,25BE02,25BE,Hanzehogeschool Groningen,Amsterdam,2017,voltijd,hbo,ad,NL,realisatie,11.0,0.0,0.0,0.0,6.0,0.0,0.0,0.0,Noord-Holland
4003,25BE02,25BE,Hanzehogeschool Groningen,Amsterdam,2018,voltijd,hbo,ad,NL,realisatie,0.0,0.0,0.0,0.0,0.0,0.0,0.0,0.0,Noord-Holland
4004,25BE02,25BE,Hanzehogeschool Groningen,Amsterdam,2019,voltijd,hbo,ad,NL,realisatie,6.0,6.0,6.0,0.0,0.0,6.0,0.0,0.0,Noord-Holland
4005,25BE02,25BE,Hanzehogeschool Groningen,Amsterdam,2020,voltijd,hbo,ad,NL,realisatie,14.0,8.0,7.0,7.0,0.0,8.0,6.0,0.0,Noord-Holland
4006,25BE02,25BE,Hanzehogeschool Groningen,Amsterdam,2021,voltijd,hbo,ad,NL,realisatie,15.0,7.0,0.0,7.0,0.0,0.0,9.0,0.0,Noord-Holland
4007,25BE02,25BE,Hanzehogeschool Groningen,Amsterdam,2022,voltijd,hbo,ad,NL,realisatie,6.0,0.0,0.0,0.0,0.0,0.0,0.0,0.0,Noord-Holland
4008,25BE02,25BE,Hanzehogeschool Groningen,Amsterdam,2023,voltijd,hbo,ad,NL,realisatie,0.0,0.0,0.0,0.0,0.0,0.0,0.0,0.0,Noord-Holland
4009,25BE02,25BE,Hanzehogeschool Groningen,Amsterdam,2024,voltijd,hbo,ad,NL,realisatie,6.0,0.0,0.0,0.0,0.0,0.0,0.0,0.0,Noord-Holland
4010,25BE02,25BE,Hanzehogeschool Groningen,Amsterdam,2017,voltijd,hbo,ba,EER,realisatie,6.0,0.0,0.0,0.0,0.0,0.0,0.0,0.0,Noord-Holland
4011,25BE02,25BE,Hanzehogeschool Groningen,Amsterdam,2018,voltijd,hbo,ba,EER,realisatie,0.0,0.0,0.0,0.0,0.0,0.0,0.0,0.0,Noord-Holland
4012,25BE02,25BE,Hanzehogeschool Groningen,Amsterdam,2019,voltijd,hbo,ba,EER,realisatie,0.0,0.0,0.0,0.0,0.0,0.0,0.0,0.0,Noord-Holland
4013,25BE02,25BE,Hanzehogeschool Groningen,Amsterdam,2020,voltijd,hbo,ba,EER,realisatie,7.0,0.0,0.0,0.0,0.0,0.0,0.0,0.0,Noord-Holland
4014,25BE02,25BE,Hanzehogeschool Groningen,Amsterdam,2021,voltijd,hbo,ba,EER,realisatie,6.0,0.0,0.0,0.0,0.0,0.0,0.0,0.0,Noord-Holland
4015,25BE02,25BE,Hanzehogeschool Groningen,Amsterdam,2022,voltijd,hbo,ba,EER,realisatie,7.0,0.0,0.0,0.0,0.0,0.0,0.0,0.0,Noord-Holland
4016,25BE02,25BE,Hanzehogeschool Groningen,Amsterdam,2023,voltijd,hbo,ba,EER,realisatie,8.0,0.0,0.0,0.0,0.0,0.0,0.0,0.0,Noord-Holland
4017,25BE02,25BE,Hanzehogeschool Groningen,Amsterdam,2024,voltijd,hbo,ba,EER,realisatie,6.0,0.0,0.0,0.0,0.0,0.0,0.0,0.0,Noord-Holland
4018,25BE02,25BE,Hanzehogeschool Groningen,Amsterdam,2017,voltijd,hbo,ba,NL,realisatie,86.0,27.0,25.0,23.0,38.0,25.0,28.0,33.0,Noord-Holland
4019,25BE02,25BE,Hanzehogeschool Groningen,Amsterdam,2018,voltijd,hbo,ba,NL,realisatie,96.0,33.0,26.0,25.0,45.0,30.0,27.0,39.0,Noord-Holland
4020,25BE02,25BE,Hanzehogeschool Groningen,Amsterdam,2019,voltijd,hbo,ba,NL,realisatie,100.0,24.0,21.0,24.0,55.0,22.0,27.0,51.0,Noord-Holland
4021,25BE02,25BE,Hanzehogeschool Groningen,Amsterdam,2020,voltijd,hbo,ba,NL,realisatie,86.0,18.0,16.0,18.0,52.0,17.0,18.0,51.0,Noord-Holland
4022,25BE02,25BE,Hanzehogeschool Groningen,Amsterdam,2021,voltijd,hbo,ba,NL,realisatie,87.0,21.0,19.0,16.0,52.0,21.0,17.0,49.0,Noord-Holland
4023,25BE02,25BE,Hanzehogeschool Groningen,Amsterdam,2022,voltijd,hbo,ba,NL,realisatie,86.0,32.0,29.0,17.0,40.0,31.0,19.0,36.0,Noord-Holland
4024,25BE02,25BE,Hanzehogeschool Groningen,Amsterdam,2023,voltijd,hbo,ba,NL,realisatie,84.0,20.0,18.0,27.0,39.0,20.0,29.0,35.0,Noord-Holland
4025,25BE02,25BE,Hanzehogeschool Groningen,Amsterdam,2024,voltijd,hbo,ba,NL,realisatie,90.0,28.0,28.0,15.0,47.0,28.0,17.0,45.0,Noord-Holland
4026,25BE04,25BE,Hanzehogeschool Groningen,Assen,2017,voltijd,hbo,ba,EER,realisatie,20.0,8.0,8.0,0.0,7.0,8.0,0.0,7.0,
4027,25BE04,25BE,Hanzehogeschool Groningen,Assen,2018,voltijd,hbo,ba,EER,realisatie,20.0,6.0,0.0,8.0,8.0,0.0,7.0,8.0,
4028,25BE04,25BE,Hanzehogeschool Groningen,Assen,2019,voltijd,hbo,ba,EER,realisatie,15.0,0.0,0.0,0.0,12.0,0.0,0.0,12.0,
4029,25BE04,25BE,Hanzehogeschool Groningen,Assen,2020,voltijd,hbo,ba,EER,realisatie,12.0,0.0,0.0,0.0,12.0,0.0,0.0,12.0,
4030,25BE04,25BE,Hanzehogeschool Groningen,Assen,2021,voltijd,hbo,ba,EER,realisatie,8.0,0.0,0.0,0.0,8.0,0.0,0.0,8.0,
4031,25BE04,25BE,Hanzehogeschool Groningen,Assen,2022,voltijd,hbo,ba,EER,realisatie,6.0,0.0,0.0,0.0,6.0,0.0,0.0,6.0,
4032,25BE04,25BE,Hanzehogeschool Groningen,Assen,2023,voltijd,hbo,ba,EER,realisatie,0.0,0.0,0.0,0.0,0.0,0.0,0.0,0.0,
4033,25BE04,25BE,Hanzehogeschool Groningen,Assen,2024,voltijd,hbo,ba,EER,realisatie,0.0,0.0,0.0,0.0,0.0,0.0,0.0,0.0,
4034,25BE04,25BE,Hanzehogeschool Groningen,Assen,2017,voltijd,hbo,ba,NL,realisatie,66.0,13.0,12.0,16.0,38.0,13.0,16.0,37.0,
4035,25BE04,25BE,Hanzehogeschool Groningen,Assen,2018,voltijd,hbo,ba,NL,realisatie,64.0,11.0,11.0,10.0,43.0,11.0,11.0,42.0,
4036,25BE04,25BE,Hanzehogeschool Groningen,Assen,2019,voltijd,hbo,ba,NL,realisatie,45.0,0.0,0.0,7.0,38.0,0.0,7.0,38.0,
4037,25BE04,25BE,Hanzehogeschool Groningen,Assen,2020,voltijd,hbo,ba,NL,realisatie,35.0,0.0,0.0,0.0,35.0,0.0,0.0,35.0,
4038,25BE04,25BE,Hanzehogeschool Groningen,Assen,2021,voltijd,hbo,ba,NL,realisatie,23.0,0.0,0.0,0.0,23.0,0.0,0.0,23.0,
4039,25BE04,25BE,Hanzehogeschool Groningen,Assen,2022,voltijd,hbo,ba,NL,realisatie,15.0,0.0,0.0,0.0,15.0,0.0,0.0,15.0,
4040,25BE04,25BE,Hanzehogeschool Groningen,Assen,2023,voltijd,hbo,ba,NL,realisatie,10.0,0.0,0.0,0.0,10.0,0.0,0.0,10.0,
4041,25BE04,25BE,Hanzehogeschool Groningen,Assen,2024,voltijd,hbo,ba,NL,realisatie,6.0,0.0,0.0,0.0,6.0,0.0,0.0,6.0,
4042,25BE04,25BE,Hanzehogeschool Groningen,Assen,2017,voltijd,hbo,ba,niet-EER,realisatie,18.0,0.0,0.0,0.0,10.0,0.0,0.0,10.0,
4043,25BE04,25BE,Hanzehogeschool Groningen,Assen,2018,voltijd,hbo,ba,niet-EER,realisatie,22.0,12.0,12.0,0.0,9.0,12.0,0.0,9.0,
4044,25BE04,25BE,Hanzehogeschool Groningen,Assen,2019,voltijd,hbo,ba,niet-EER,realisatie,12.0,0.0,0.0,7.0,0.0,0.0,7.0,0.0,
4045,25BE04,25BE,Hanzehogeschool Groningen,Assen,2020,voltijd,hbo,ba,niet-EER,realisatie,8.0,0.0,0.0,0.0,8.0,0.0,0.0,8.0,
4046,25BE04,25BE,Hanzehogeschool Groningen,Assen,2021,voltijd,hbo,ba,niet-EER,realisatie,7.0,0.0,0.0,0.0,7.0,0.0,0.0,7.0,
4047,25BE04,25BE,Hanzehogeschool Groningen,Assen,2022,voltijd,hbo,ba,niet-EER,realisatie,0.0,0.0,0.0,0.0,0.0,0.0,0.0,0.0,
4048,25BE04,25BE,Hanzehogeschool Groningen,Assen,2023,voltijd,hbo,ba,niet-EER,realisatie,0.0,0.0,0.0,0.0,0.0,0.0,0.0,0.0,
4049,25BE04,25BE,Hanzehogeschool Groningen,Assen,2024,voltijd,hbo,ba,niet-EER,realisatie,0.0,0.0,0.0,0.0,0.0,0.0,0.0,0.0,
4050,25BE04,25BE,Hanzehogeschool Groningen,Assen,2017,voltijd,hbo,ma,EER,realisatie,0.0,0.0,0.0,0.0,0.0,0.0,0.0,0.0,
4051,25BE04,25BE,Hanzehogeschool Groningen,Assen,2018,voltijd,hbo,ma,EER,realisatie,0.0,0.0,0.0,0.0,0.0,0.0,0.0,0.0,
4052,25BE04,25BE,Hanzehogeschool Groningen,Assen,2019,voltijd,hbo,ma,EER,realisatie,0.0,0.0,0.0,0.0,0.0,0.0,0.0,0.0,
4053,25BE04,25BE,Hanzehogeschool Groningen,Assen,2020,voltijd,hbo,ma,EER,realisatie,0.0,0.0,0.0,0.0,0.0,0.0,0.0,0.0,
4054,25BE04,25BE,Hanzehogeschool Groningen,Assen,2021,voltijd,hbo,ma,EER,realisatie,0.0,0.0,0.0,0.0,0.0,0.0,0.0,0.0,
4055,25BE04,25BE,Hanzehogeschool Groningen,Assen,2022,voltijd,hbo,ma,EER,realisatie,0.0,0.0,0.0,0.0,0.0,0.0,0.0,0.0,
4056,25BE04,25BE,Hanzehogeschool Groningen,Assen,2023,voltijd,hbo,ma,EER,realisatie,0.0,0.0,0.0,0.0,0.0,0.0,0.0,0.0,
4057,25BE04,25BE,Hanzehogeschool Groningen,Assen,2024,voltijd,hbo,ma,EER,realisatie,0.0,0.0,0.0,0.0,0.0,0.0,0.0,0.0,
4058,25BE04,25BE,Hanzehogeschool Groningen,Assen,2017,voltijd,hbo,ma,NL,realisatie,0.0,0.0,0.0,0.0,0.0,0.0,0.0,0.0,
4059,25BE04,25BE,Hanzehogeschool Groningen,Assen,2018,voltijd,hbo,ma,NL,realisatie,8.0,0.0,0.0,0.0,8.0,0.0,0.0,0.0,
4060,25BE04,25BE,Hanzehogeschool Groningen,Assen,2019,voltijd,hbo,ma,NL,realisatie,0.0,0.0,0.0,0.0,0.0,0.0,0.0,0.0,
4061,25BE04,25BE,Hanzehogeschool Groningen,Assen,2020,voltijd,hbo,ma,NL,realisatie,7.0,0.0,0.0,0.0,6.0,0.0,0.0,0.0,
4062,25BE04,25BE,Hanzehogeschool Groningen,Assen,2021,voltijd,hbo,ma,NL,realisatie,7.0,0.0,0.0,0.0,7.0,0.0,0.0,0.0,
4063,25BE04,25BE,Hanzehogeschool Groningen,Assen,2022,voltijd,hbo,ma,NL,realisatie,6.0,0.0,0.0,0.0,6.0,0.0,0.0,0.0,
4064,25BE04,25BE,Hanzehogeschool Groningen,Assen,2023,voltijd,hbo,ma,NL,realisatie,8.0,0.0,0.0,0.0,8.0,0.0,0.0,0.0,
4065,25BE04,25BE,Hanzehogeschool Groningen,Assen,2024,voltijd,hbo,ma,NL,realisatie,6.0,0.0,0.0,0.0,6.0,0.0,0.0,0.0,
4066,25BE04,25BE,Hanzehogeschool Groningen,Assen,2017,voltijd,hbo,ma,niet-EER,realisatie,0.0,0.0,0.0,0.0,0.0,0.0,0.0,0.0,
4067,25BE04,25BE,Hanzehogeschool Groningen,Assen,2018,voltijd,hbo,ma,niet-EER,realisatie,0.0,0.0,0.0,0.0,0.0,0.0,0.0,0.0,
4068,25BE04,25BE,Hanzehogeschool Groningen,Assen,2019,voltijd,hbo,ma,niet-EER,realisatie,10.0,10.0,10.0,0.0,0.0,10.0,0.0,0.0,
4069,25BE04,25BE,Hanzehogeschool Groningen,Assen,2020,voltijd,hbo,ma,niet-EER,realisatie,20.0,13.0,13.0,7.0,0.0,13.0,7.0,0.0,
4070,25BE04,25BE,Hanzehogeschool Groningen,Assen,2021,voltijd,hbo,ma,niet-EER,realisatie,45.0,37.0,36.0,8.0,0.0,37.0,8.0,0.0,
4071,25BE04,25BE,Hanzehogeschool Groningen,Assen,2022,voltijd,hbo,ma,niet-EER,realisatie,24.0,0.0,0.0,17.0,0.0,0.0,18.0,0.0,
4072,25BE04,25BE,Hanzehogeschool Groningen,Assen,2023,voltijd,hbo,ma,niet-EER,realisatie,27.0,17.0,17.0,0.0,0.0,17.0,0.0,0.0,
4073,25BE04,25BE,Hanzehogeschool Groningen,Assen,2024,voltijd,hbo,ma,niet-EER,realisatie,32.0,13.0,13.0,17.0,0.0,13.0,17.0,0.0,
4074,25DW00,25DW,Hogeschool Utrecht,Utrecht,2017,deeltijd,hbo,ba,EER,realisatie,44.0,14.0,8.0,7.0,29.0,10.0,7.0,27.0,Utrecht
4075,25DW00,25DW,Hogeschool Utrecht,Utrecht,2018,deeltijd,hbo,ba,EER,realisatie,62.0,28.0,19.0,10.0,33.0,22.0,10.0,30.0,Utrecht
4076,25DW00,25DW,Hogeschool Utrecht,Utrecht,2019,deeltijd,hbo,ba,EER,realisatie,82.0,35.0,25.0,14.0,43.0,28.0,16.0,38.0,Utrecht
4077,25DW00,25DW,Hogeschool Utrecht,Utrecht,2020,deeltijd,hbo,ba,EER,realisatie,94.0,37.0,24.0,18.0,52.0,25.0,20.0,49.0,Utrecht
4078,25DW00,25DW,Hogeschool Utrecht,Utrecht,2021,deeltijd,hbo,ba,EER,realisatie,114.0,42.0,30.0,24.0,60.0,36.0,21.0,57.0,Utrecht
4079,25DW00,25DW,Hogeschool Utrecht,Utrecht,2022,deeltijd,hbo,ba,EER,realisatie,118.0,46.0,34.0,20.0,64.0,36.0,24.0,58.0,Utrecht
4080,25DW00,25DW,Hogeschool Utrecht,Utrecht,2023,deeltijd,hbo,ba,EER,realisatie,110.0,30.0,20.0,23.0,67.0,23.0,25.0,62.0,Utrecht
4081,25DW00,25DW,Hogeschool Utrecht,Utrecht,2024,deeltijd,hbo,ba,EER,realisatie,117.0,43.0,27.0,13.0,77.0,32.0,14.0,71.0,Utrecht
4082,25DW00,25DW,Hogeschool Utrecht,Utrecht,2017,deeltijd,hbo,ba,NL,realisatie,3250.0,1114.0,398.0,320.0,2532.0,501.0,403.0,2346.0,Utrecht
4083,25DW00,25DW,Hogeschool Utrecht,Utrecht,2018,deeltijd,hbo,ba,NL,realisatie,3404.0,1211.0,481.0,378.0,2545.0,588.0,464.0,2352.0,Utrecht
4084,25DW00,25DW,Hogeschool Utrecht,Utrecht,2019,deeltijd,hbo,ba,NL,realisatie,3806.0,1437.0,582.0,485.0,2739.0,691.0,588.0,2527.0,Utrecht
4085,25DW00,25DW,Hogeschool Utrecht,Utrecht,2020,deeltijd,hbo,ba,NL,realisatie,4326.0,1585.0,696.0,572.0,3058.0,810.0,670.0,2846.0,Utrecht
4086,25DW00,25DW,Hogeschool Utrecht,Utrecht,2021,deeltijd,hbo,ba,NL,realisatie,4844.0,1767.0,801.0,672.0,3371.0,946.0,779.0,3119.0,Utrecht
4087,25DW00,25DW,Hogeschool Utrecht,Utrecht,2022,deeltijd,hbo,ba,NL,realisatie,4887.0,1504.0,651.0,700.0,3536.0,770.0,813.0,3304.0,Utrecht
4088,25DW00,25DW,Hogeschool Utrecht,Utrecht,2023,deeltijd,hbo,ba,NL,realisatie,4856.0,1417.0,578.0,609.0,3669.0,677.0,720.0,3459.0,Utrecht
4089,25DW00,25DW,Hogeschool Utrecht,Utrecht,2024,deeltijd,hbo,ba,NL,realisatie,4655.0,1307.0,513.0,559.0,3583.0,608.0,651.0,3396.0,Utrecht
4090,25DW00,25DW,Hogeschool Utrecht,Utrecht,2017,deeltijd,hbo,ba,niet-EER,realisatie,14.0,7.0,0.0,0.0,0.0,0.0,0.0,0.0,Utrecht
4091,25DW00,25DW,Hogeschool Utrecht,Utrecht,2018,deeltijd,hbo,ba,niet-EER,realisatie,14.0,8.0,8.0,0.0,0.0,8.0,0.0,0.0,Utrecht
4092,25DW00,25DW,Hogeschool Utrecht,Utrecht,2019,deeltijd,hbo,ba,niet-EER,realisatie,22.0,15.0,10.0,0.0,8.0,11.0,0.0,7.0,Utrecht
4093,25DW00,25DW,Hogeschool Utrecht,Utrecht,2020,deeltijd,hbo,ba,niet-EER,realisatie,34.0,25.0,16.0,6.0,12.0,17.0,6.0,11.0,Utrecht
4094,25DW00,25DW,Hogeschool Utrecht,Utrecht,2021,deeltijd,hbo,ba,niet-EER,realisatie,44.0,21.0,17.0,15.0,12.0,17.0,15.0,12.0,Utrecht
4095,25DW00,25DW,Hogeschool Utrecht,Utrecht,2022,deeltijd,hbo,ba,niet-EER,realisatie,55.0,22.0,16.0,13.0,26.0,17.0,14.0,24.0,Utrecht
4096,25DW00,25DW,Hogeschool Utrecht,Utrecht,2023,deeltijd,hbo,ba,niet-EER,realisatie,55.0,23.0,17.0,12.0,26.0,18.0,12.0,25.0,Utrecht
4097,25DW00,25DW,Hogeschool Utrecht,Utrecht,2024,deeltijd,hbo,ba,niet-EER,realisatie,66.0,23.0,21.0,14.0,31.0,21.0,15.0,30.0,Utrecht
4098,25DW00,25DW,Hogeschool Utrecht,Utrecht,2017,deeltijd,hbo,ma,EER,realisatie,27.0,12.0,0.0,0.0,25.0,10.0,7.0,10.0,Utrecht
4099,25DW00,25DW,Hogeschool Utrecht,Utrecht,2018,deeltijd,hbo,ma,EER,realisatie,32.0,10.0,0.0,0.0,29.0,10.0,9.0,13.0,Utrecht
4100,25DW00,25DW,Hogeschool Utrecht,Utrecht,2019,deeltijd,hbo,ma,EER,realisatie,38.0,19.0,0.0,0.0,33.0,19.0,9.0,10.0,Utrecht
4101,25DW00,25DW,Hogeschool Utrecht,Utrecht,2020,deeltijd,hbo,ma,EER,realisatie,41.0,12.0,0.0,0.0,36.0,11.0,18.0,12.0,Utrecht
4102,25DW00,25DW,Hogeschool Utrecht,Utrecht,2021,deeltijd,hbo,ma,EER,realisatie,47.0,24.0,15.0,0.0,31.0,22.0,9.0,16.0,Utrecht
4103,25DW00,25DW,Hogeschool Utrecht,Utrecht,2022,deeltijd,hbo,ma,EER,realisatie,60.0,31.0,17.0,12.0,31.0,26.0,19.0,15.0,Utrecht
4104,25DW00,25DW,Hogeschool Utrecht,Utrecht,2023,deeltijd,hbo,ma,EER,realisatie,70.0,30.0,19.0,16.0,35.0,24.0,28.0,18.0,Utrecht
4105,25DW00,25DW,Hogeschool Utrecht,Utrecht,2024,deeltijd,hbo,ma,EER,realisatie,97.0,52.0,43.0,18.0,36.0,50.0,22.0,25.0,Utrecht
4106,25DW00,25DW,Hogeschool Utrecht,Utrecht,2017,deeltijd,hbo,ma,NL,realisatie,1251.0,490.0,23.0,18.0,1210.0,423.0,346.0,482.0,Utrecht
4107,25DW00,25DW,Hogeschool Utrecht,Utrecht,2018,deeltijd,hbo,ma,NL,realisatie,1388.0,636.0,23.0,19.0,1346.0,585.0,346.0,457.0,Utrecht
4108,25DW00,25DW,Hogeschool Utrecht,Utrecht,2019,deeltijd,hbo,ma,NL,realisatie,1363.0,499.0,15.0,13.0,1335.0,470.0,465.0,428.0,Utrecht
4109,25DW00,25DW,Hogeschool Utrecht,Utrecht,2020,deeltijd,hbo,ma,NL,realisatie,1319.0,506.0,15.0,18.0,1286.0,469.0,401.0,449.0,Utrecht
4110,25DW00,25DW,Hogeschool Utrecht,Utrecht,2021,deeltijd,hbo,ma,NL,realisatie,1483.0,685.0,21.0,15.0,1447.0,629.0,421.0,433.0,Utrecht
4111,25DW00,25DW,Hogeschool Utrecht,Utrecht,2022,deeltijd,hbo,ma,NL,realisatie,1495.0,562.0,18.0,24.0,1453.0,528.0,527.0,440.0,Utrecht
4112,25DW00,25DW,Hogeschool Utrecht,Utrecht,2023,deeltijd,hbo,ma,NL,realisatie,1467.0,574.0,13.0,19.0,1435.0,526.0,460.0,481.0,Utrecht
4113,25DW00,25DW,Hogeschool Utrecht,Utrecht,2024,deeltijd,hbo,ma,NL,realisatie,1463.0,579.0,16.0,15.0,1432.0,540.0,457.0,466.0,Utrecht
4114,25DW00,25DW,Hogeschool Utrecht,Utrecht,2017,deeltijd,hbo,ma,niet-EER,realisatie,7.0,0.0,0.0,0.0,0.0,0.0,0.0,0.0,Utrecht
4115,25DW00,25DW,Hogeschool Utrecht,Utrecht,2018,deeltijd,hbo,ma,niet-EER,realisatie,0.0,0.0,0.0,0.0,0.0,0.0,0.0,0.0,Utrecht
4116,25DW00,25DW,Hogeschool Utrecht,Utrecht,2019,deeltijd,hbo,ma,niet-EER,realisatie,9.0,0.0,0.0,0.0,6.0,0.0,0.0,0.0,Utrecht
4117,25DW00,25DW,Hogeschool Utrecht,Utrecht,2020,deeltijd,hbo,ma,niet-EER,realisatie,6.0,0.0,0.0,0.0,0.0,0.0,0.0,0.0,Utrecht
4118,25DW00,25DW,Hogeschool Utrecht,Utrecht,2021,deeltijd,hbo,ma,niet-EER,realisatie,6.0,0.0,0.0,0.0,0.0,0.0,0.0,0.0,Utrecht
4119,25DW00,25DW,Hogeschool Utrecht,Utrecht,2022,deeltijd,hbo,ma,niet-EER,realisatie,0.0,0.0,0.0,0.0,0.0,0.0,0.0,0.0,Utrecht
4120,25DW00,25DW,Hogeschool Utrecht,Utrecht,2023,deeltijd,hbo,ma,niet-EER,realisatie,7.0,0.0,0.0,0.0,0.0,0.0,0.0,0.0,Utrecht
4121,25DW00,25DW,Hogeschool Utrecht,Utrecht,2024,deeltijd,hbo,ma,niet-EER,realisatie,12.0,10.0,0.0,0.0,6.0,10.0,0.0,0.0,Utrecht
4122,25DW00,25DW,Hogeschool Utrecht,Utrecht,2017,voltijd,hbo,ad,EER,realisatie,0.0,0.0,0.0,0.0,0.0,0.0,0.0,0.0,Utrecht
4123,25DW00,25DW,Hogeschool Utrecht,Utrecht,2018,voltijd,hbo,ad,EER,realisatie,0.0,0.0,0.0,0.0,0.0,0.0,0.0,0.0,Utrecht
4124,25DW00,25DW,Hogeschool Utrecht,Utrecht,2017,voltijd,hbo,ad,NL,realisatie,55.0,19.0,6.0,0.0,44.0,18.0,7.0,30.0,Utrecht
4125,25DW00,25DW,Hogeschool Utrecht,Utrecht,2018,voltijd,hbo,ad,NL,realisatie,43.0,17.0,0.0,7.0,32.0,9.0,18.0,16.0,Utrecht
4126,25DW00,25DW,Hogeschool Utrecht,Utrecht,2019,voltijd,hbo,ad,NL,realisatie,32.0,12.0,0.0,0.0,25.0,6.0,9.0,17.0,Utrecht
4127,25DW00,25DW,Hogeschool Utrecht,Utrecht,2020,voltijd,hbo,ad,NL,realisatie,32.0,13.0,0.0,0.0,22.0,9.0,7.0,16.0,Utrecht
4128,25DW00,25DW,Hogeschool Utrecht,Utrecht,2021,voltijd,hbo,ad,NL,realisatie,36.0,12.0,0.0,7.0,25.0,10.0,9.0,17.0,Utrecht
4129,25DW00,25DW,Hogeschool Utrecht,Utrecht,2022,voltijd,hbo,ad,NL,realisatie,32.0,8.0,0.0,0.0,25.0,8.0,7.0,17.0,Utrecht
4130,25DW00,25DW,Hogeschool Utrecht,Utrecht,2023,voltijd,hbo,ad,NL,realisatie,32.0,10.0,0.0,0.0,25.0,8.0,0.0,19.0,Utrecht
4131,25DW00,25DW,Hogeschool Utrecht,Utrecht,2024,voltijd,hbo,ad,NL,realisatie,26.0,0.0,0.0,0.0,23.0,0.0,0.0,17.0,Utrecht
4132,25DW00,25DW,Hogeschool Utrecht,Utrecht,2017,voltijd,hbo,ba,EER,realisatie,518.0,145.0,129.0,90.0,299.0,134.0,86.0,298.0,Utrecht
4133,25DW00,25DW,Hogeschool Utrecht,Utrecht,2018,voltijd,hbo,ba,EER,realisatie,543.0,164.0,151.0,99.0,293.0,156.0,98.0,289.0,Utrecht
4134,25DW00,25DW,Hogeschool Utrecht,Utrecht,2019,voltijd,hbo,ba,EER,realisatie,682.0,307.0,290.0,112.0,280.0,303.0,103.0,276.0,Utrecht
4135,25DW00,25DW,Hogeschool Utrecht,Utrecht,2020,voltijd,hbo,ba,EER,realisatie,609.0,202.0,186.0,129.0,294.0,189.0,138.0,282.0,Utrecht
4136,25DW00,25DW,Hogeschool Utrecht,Utrecht,2021,voltijd,hbo,ba,EER,realisatie,743.0,272.0,254.0,163.0,326.0,263.0,159.0,321.0,Utrecht
4137,25DW00,25DW,Hogeschool Utrecht,Utrecht,2022,voltijd,hbo,ba,EER,realisatie,829.0,288.0,267.0,205.0,357.0,281.0,198.0,350.0,Utrecht
4138,25DW00,25DW,Hogeschool Utrecht,Utrecht,2023,voltijd,hbo,ba,EER,realisatie,818.0,211.0,186.0,221.0,411.0,197.0,225.0,396.0,Utrecht
4139,25DW00,25DW,Hogeschool Utrecht,Utrecht,2024,voltijd,hbo,ba,EER,realisatie,825.0,206.0,167.0,166.0,492.0,187.0,165.0,473.0,Utrecht
4140,25DW00,25DW,Hogeschool Utrecht,Utrecht,2017,voltijd,hbo,ba,NL,realisatie,26102.0,6571.0,5621.0,4592.0,15889.0,5822.0,4688.0,15592.0,Utrecht
4141,25DW00,25DW,Hogeschool Utrecht,Utrecht,2018,voltijd,hbo,ba,NL,realisatie,25632.0,6365.0,5425.0,4902.0,15305.0,5652.0,4966.0,15014.0,Utrecht
4142,25DW00,25DW,Hogeschool Utrecht,Utrecht,2019,voltijd,hbo,ba,NL,realisatie,24792.0,6054.0,5159.0,4515.0,15118.0,5359.0,4595.0,14838.0,Utrecht
4143,25DW00,25DW,Hogeschool Utrecht,Utrecht,2020,voltijd,hbo,ba,NL,realisatie,25647.0,6808.0,5869.0,4662.0,15116.0,6084.0,4729.0,14834.0,Utrecht
4144,25DW00,25DW,Hogeschool Utrecht,Utrecht,2021,voltijd,hbo,ba,NL,realisatie,25629.0,6101.0,5249.0,5201.0,15179.0,5496.0,5306.0,14827.0,Utrecht
4145,25DW00,25DW,Hogeschool Utrecht,Utrecht,2022,voltijd,hbo,ba,NL,realisatie,24758.0,5627.0,4797.0,4446.0,15515.0,5070.0,4540.0,15148.0,Utrecht
4146,25DW00,25DW,Hogeschool Utrecht,Utrecht,2023,voltijd,hbo,ba,NL,realisatie,23830.0,5825.0,4834.0,3980.0,15016.0,5106.0,4089.0,14635.0,Utrecht
4147,25DW00,25DW,Hogeschool Utrecht,Utrecht,2024,voltijd,hbo,ba,NL,realisatie,22995.0,5670.0,4758.0,3945.0,14292.0,5024.0,4066.0,13905.0,Utrecht
4148,25DW00,25DW,Hogeschool Utrecht,Utrecht,2017,voltijd,hbo,ba,niet-EER,realisatie,217.0,78.0,72.0,34.0,111.0,73.0,35.0,109.0,Utrecht
4149,25DW00,25DW,Hogeschool Utrecht,Utrecht,2018,voltijd,hbo,ba,niet-EER,realisatie,263.0,101.0,89.0,58.0,116.0,93.0,55.0,115.0,Utrecht
4150,25DW00,25DW,Hogeschool Utrecht,Utrecht,2019,voltijd,hbo,ba,niet-EER,realisatie,281.0,112.0,105.0,55.0,121.0,107.0,58.0,116.0,Utrecht
4151,25DW00,25DW,Hogeschool Utrecht,Utrecht,2020,voltijd,hbo,ba,niet-EER,realisatie,294.0,97.0,91.0,65.0,138.0,92.0,67.0,135.0,Utrecht
4152,25DW00,25DW,Hogeschool Utrecht,Utrecht,2021,voltijd,hbo,ba,niet-EER,realisatie,290.0,77.0,69.0,71.0,150.0,72.0,72.0,146.0,Utrecht
4153,25DW00,25DW,Hogeschool Utrecht,Utrecht,2022,voltijd,hbo,ba,niet-EER,realisatie,349.0,138.0,129.0,51.0,169.0,133.0,52.0,164.0,Utrecht
4154,25DW00,25DW,Hogeschool Utrecht,Utrecht,2023,voltijd,hbo,ba,niet-EER,realisatie,429.0,175.0,158.0,100.0,171.0,168.0,98.0,163.0,Utrecht
4155,25DW00,25DW,Hogeschool Utrecht,Utrecht,2024,voltijd,hbo,ba,niet-EER,realisatie,498.0,178.0,166.0,129.0,203.0,171.0,132.0,195.0,Utrecht
4156,25DW00,25DW,Hogeschool Utrecht,Utrecht,2017,voltijd,hbo,ma,EER,realisatie,0.0,0.0,0.0,0.0,0.0,0.0,0.0,0.0,Utrecht
4157,25DW00,25DW,Hogeschool Utrecht,Utrecht,2018,voltijd,hbo,ma,EER,realisatie,6.0,0.0,0.0,0.0,0.0,0.0,0.0,0.0,Utrecht
4158,25DW00,25DW,Hogeschool Utrecht,Utrecht,2019,voltijd,hbo,ma,EER,realisatie,10.0,7.0,0.0,0.0,0.0,7.0,0.0,0.0,Utrecht
4159,25DW00,25DW,Hogeschool Utrecht,Utrecht,2020,voltijd,hbo,ma,EER,realisatie,17.0,13.0,8.0,0.0,0.0,13.0,0.0,0.0,Utrecht
4160,25DW00,25DW,Hogeschool Utrecht,Utrecht,2021,voltijd,hbo,ma,EER,realisatie,27.0,18.0,12.0,0.0,10.0,17.0,6.0,0.0,Utrecht
4161,25DW00,25DW,Hogeschool Utrecht,Utrecht,2022,voltijd,hbo,ma,EER,realisatie,28.0,20.0,11.0,0.0,13.0,19.0,0.0,0.0,Utrecht
4162,25DW00,25DW,Hogeschool Utrecht,Utrecht,2023,voltijd,hbo,ma,EER,realisatie,35.0,24.0,16.0,6.0,13.0,24.0,8.0,0.0,Utrecht
4163,25DW00,25DW,Hogeschool Utrecht,Utrecht,2024,voltijd,hbo,ma,EER,realisatie,47.0,34.0,21.0,6.0,20.0,34.0,10.0,0.0,Utrecht
4164,25DW00,25DW,Hogeschool Utrecht,Utrecht,2017,voltijd,hbo,ma,NL,realisatie,256.0,108.0,8.0,14.0,234.0,107.0,108.0,41.0,Utrecht
4165,25DW00,25DW,Hogeschool Utrecht,Utrecht,2018,voltijd,hbo,ma,NL,realisatie,304.0,160.0,12.0,12.0,280.0,155.0,101.0,48.0,Utrecht
4166,25DW00,25DW,Hogeschool Utrecht,Utrecht,2019,voltijd,hbo,ma,NL,realisatie,354.0,188.0,19.0,13.0,322.0,188.0,122.0,44.0,Utrecht
4167,25DW00,25DW,Hogeschool Utrecht,Utrecht,2020,voltijd,hbo,ma,NL,realisatie,460.0,253.0,15.0,20.0,425.0,251.0,148.0,61.0,Utrecht
4168,25DW00,25DW,Hogeschool Utrecht,Utrecht,2021,voltijd,hbo,ma,NL,realisatie,502.0,273.0,15.0,16.0,471.0,269.0,153.0,80.0,Utrecht
4169,25DW00,25DW,Hogeschool Utrecht,Utrecht,2022,voltijd,hbo,ma,NL,realisatie,600.0,337.0,13.0,16.0,571.0,329.0,195.0,76.0,Utrecht
4170,25DW00,25DW,Hogeschool Utrecht,Utrecht,2023,voltijd,hbo,ma,NL,realisatie,700.0,381.0,19.0,10.0,671.0,373.0,224.0,103.0,Utrecht
4171,25DW00,25DW,Hogeschool Utrecht,Utrecht,2024,voltijd,hbo,ma,NL,realisatie,771.0,459.0,27.0,17.0,727.0,454.0,211.0,106.0,Utrecht
4172,25DW00,25DW,Hogeschool Utrecht,Utrecht,2018,voltijd,hbo,ma,niet-EER,realisatie,0.0,0.0,0.0,0.0,0.0,0.0,0.0,0.0,Utrecht
4173,25DW00,25DW,Hogeschool Utrecht,Utrecht,2019,voltijd,hbo,ma,niet-EER,realisatie,0.0,0.0,0.0,0.0,0.0,0.0,0.0,0.0,Utrecht
4174,25DW00,25DW,Hogeschool Utrecht,Utrecht,2020,voltijd,hbo,ma,niet-EER,realisatie,20.0,19.0,17.0,0.0,0.0,19.0,0.0,0.0,Utrecht
4175,25DW00,25DW,Hogeschool Utrecht,Utrecht,2021,voltijd,hbo,ma,niet-EER,realisatie,16.0,10.0,8.0,6.0,0.0,10.0,6.0,0.0,Utrecht
4176,25DW00,25DW,Hogeschool Utrecht,Utrecht,2022,voltijd,hbo,ma,niet-EER,realisatie,19.0,16.0,14.0,0.0,0.0,16.0,0.0,0.0,Utrecht
4177,25DW00,25DW,Hogeschool Utrecht,Utrecht,2023,voltijd,hbo,ma,niet-EER,realisatie,56.0,46.0,41.0,10.0,0.0,46.0,8.0,0.0,Utrecht
4178,25DW00,25DW,Hogeschool Utrecht,Utrecht,2024,voltijd,hbo,ma,niet-EER,realisatie,55.0,49.0,39.0,8.0,8.0,48.0,7.0,0.0,Utrecht
4179,25DW16,25DW,Hogeschool Utrecht,Amersfoort,2022,deeltijd,hbo,ad,EER,realisatie,0.0,0.0,0.0,0.0,0.0,0.0,0.0,0.0,
4180,25DW16,25DW,Hogeschool Utrecht,Amersfoort,2023,deeltijd,hbo,ad,EER,realisatie,0.0,0.0,0.0,0.0,0.0,0.0,0.0,0.0,
4181,25DW16,25DW,Hogeschool Utrecht,Amersfoort,2024,deeltijd,hbo,ad,EER,realisatie,0.0,0.0,0.0,0.0,0.0,0.0,0.0,0.0,
4182,25DW16,25DW,Hogeschool Utrecht,Amersfoort,2018,deeltijd,hbo,ad,NL,realisatie,0.0,0.0,0.0,0.0,0.0,0.0,0.0,0.0,
4183,25DW16,25DW,Hogeschool Utrecht,Amersfoort,2019,deeltijd,hbo,ad,NL,realisatie,25.0,25.0,9.0,8.0,8.0,24.0,0.0,0.0,
4184,25DW16,25DW,Hogeschool Utrecht,Amersfoort,2020,deeltijd,hbo,ad,NL,realisatie,44.0,28.0,15.0,12.0,17.0,27.0,15.0,0.0,
4185,25DW16,25DW,Hogeschool Utrecht,Amersfoort,2021,deeltijd,hbo,ad,NL,realisatie,118.0,95.0,61.0,28.0,29.0,89.0,23.0,6.0,
4186,25DW16,25DW,Hogeschool Utrecht,Amersfoort,2022,deeltijd,hbo,ad,NL,realisatie,226.0,161.0,84.0,74.0,68.0,156.0,61.0,9.0,
4187,25DW16,25DW,Hogeschool Utrecht,Amersfoort,2023,deeltijd,hbo,ad,NL,realisatie,286.0,181.0,95.0,79.0,112.0,174.0,96.0,16.0,
4188,25DW16,25DW,Hogeschool Utrecht,Amersfoort,2024,deeltijd,hbo,ad,NL,realisatie,352.0,207.0,89.0,99.0,164.0,190.0,122.0,40.0,
4189,25DW16,25DW,Hogeschool Utrecht,Amersfoort,2021,deeltijd,hbo,ad,niet-EER,realisatie,0.0,0.0,0.0,0.0,0.0,0.0,0.0,0.0,
4190,25DW16,25DW,Hogeschool Utrecht,Amersfoort,2023,deeltijd,hbo,ad,niet-EER,realisatie,0.0,0.0,0.0,0.0,0.0,0.0,0.0,0.0,
4191,25DW16,25DW,Hogeschool Utrecht,Amersfoort,2024,deeltijd,hbo,ad,niet-EER,realisatie,0.0,0.0,0.0,0.0,0.0,0.0,0.0,0.0,
4192,25DW16,25DW,Hogeschool Utrecht,Amersfoort,2017,deeltijd,hbo,ba,EER,realisatie,0.0,0.0,0.0,0.0,0.0,0.0,0.0,0.0,
4193,25DW16,25DW,Hogeschool Utrecht,Amersfoort,2018,deeltijd,hbo,ba,EER,realisatie,0.0,0.0,0.0,0.0,0.0,0.0,0.0,0.0,
4194,25DW16,25DW,Hogeschool Utrecht,Amersfoort,2019,deeltijd,hbo,ba,EER,realisatie,0.0,0.0,0.0,0.0,0.0,0.0,0.0,0.0,
4195,25DW16,25DW,Hogeschool Utrecht,Amersfoort,2020,deeltijd,hbo,ba,EER,realisatie,0.0,0.0,0.0,0.0,0.0,0.0,0.0,0.0,
4196,25DW16,25DW,Hogeschool Utrecht,Amersfoort,2021,deeltijd,hbo,ba,EER,realisatie,0.0,0.0,0.0,0.0,0.0,0.0,0.0,0.0,
4197,25DW16,25DW,Hogeschool Utrecht,Amersfoort,2022,deeltijd,hbo,ba,EER,realisatie,0.0,0.0,0.0,0.0,0.0,0.0,0.0,0.0,
4198,25DW16,25DW,Hogeschool Utrecht,Amersfoort,2023,deeltijd,hbo,ba,EER,realisatie,0.0,0.0,0.0,0.0,0.0,0.0,0.0,0.0,
4199,25DW16,25DW,Hogeschool Utrecht,Amersfoort,2024,deeltijd,hbo,ba,EER,realisatie,0.0,0.0,0.0,0.0,0.0,0.0,0.0,0.0,
4200,25DW16,25DW,Hogeschool Utrecht,Amersfoort,2017,deeltijd,hbo,ba,NL,realisatie,142.0,48.0,27.0,19.0,96.0,28.0,20.0,94.0,
4201,25DW16,25DW,Hogeschool Utrecht,Amersfoort,2018,deeltijd,hbo,ba,NL,realisatie,161.0,76.0,32.0,25.0,104.0,34.0,26.0,101.0,
4202,25DW16,25DW,Hogeschool Utrecht,Amersfoort,2019,deeltijd,hbo,ba,NL,realisatie,190.0,81.0,38.0,37.0,115.0,38.0,38.0,114.0,
4203,25DW16,25DW,Hogeschool Utrecht,Amersfoort,2020,deeltijd,hbo,ba,NL,realisatie,241.0,100.0,49.0,41.0,151.0,53.0,43.0,145.0,
4204,25DW16,25DW,Hogeschool Utrecht,Amersfoort,2021,deeltijd,hbo,ba,NL,realisatie,316.0,122.0,76.0,52.0,188.0,77.0,57.0,182.0,
4205,25DW16,25DW,Hogeschool Utrecht,Amersfoort,2022,deeltijd,hbo,ba,NL,realisatie,334.0,101.0,65.0,67.0,202.0,67.0,69.0,198.0,
4206,25DW16,25DW,Hogeschool Utrecht,Amersfoort,2023,deeltijd,hbo,ba,NL,realisatie,367.0,135.0,55.0,65.0,247.0,61.0,67.0,239.0,
4207,25DW16,25DW,Hogeschool Utrecht,Amersfoort,2024,deeltijd,hbo,ba,NL,realisatie,374.0,112.0,52.0,46.0,276.0,62.0,49.0,263.0,
4208,25DW16,25DW,Hogeschool Utrecht,Amersfoort,2020,deeltijd,hbo,ba,niet-EER,realisatie,0.0,0.0,0.0,0.0,0.0,0.0,0.0,0.0,
4209,25DW16,25DW,Hogeschool Utrecht,Amersfoort,2021,deeltijd,hbo,ba,niet-EER,realisatie,0.0,0.0,0.0,0.0,0.0,0.0,0.0,0.0,
4210,25DW16,25DW,Hogeschool Utrecht,Amersfoort,2022,deeltijd,hbo,ba,niet-EER,realisatie,0.0,0.0,0.0,0.0,0.0,0.0,0.0,0.0,
4211,25DW16,25DW,Hogeschool Utrecht,Amersfoort,2023,deeltijd,hbo,ba,niet-EER,realisatie,0.0,0.0,0.0,0.0,0.0,0.0,0.0,0.0,
4212,25DW16,25DW,Hogeschool Utrecht,Amersfoort,2024,deeltijd,hbo,ba,niet-EER,realisatie,0.0,0.0,0.0,0.0,0.0,0.0,0.0,0.0,
4213,25DW16,25DW,Hogeschool Utrecht,Amersfoort,2018,deeltijd,hbo,ma,EER,realisatie,0.0,0.0,0.0,0.0,0.0,0.0,0.0,0.0,
4214,25DW16,25DW,Hogeschool Utrecht,Amersfoort,2019,deeltijd,hbo,ma,EER,realisatie,0.0,0.0,0.0,0.0,0.0,0.0,0.0,0.0,
4215,25DW16,25DW,Hogeschool Utrecht,Amersfoort,2020,deeltijd,hbo,ma,EER,realisatie,0.0,0.0,0.0,0.0,0.0,0.0,0.0,0.0,
4216,25DW16,25DW,Hogeschool Utrecht,Amersfoort,2021,deeltijd,hbo,ma,EER,realisatie,0.0,0.0,0.0,0.0,0.0,0.0,0.0,0.0,
4217,25DW16,25DW,Hogeschool Utrecht,Amersfoort,2022,deeltijd,hbo,ma,EER,realisatie,0.0,0.0,0.0,0.0,0.0,0.0,0.0,0.0,
4218,25DW16,25DW,Hogeschool Utrecht,Amersfoort,2017,deeltijd,hbo,ma,NL,realisatie,163.0,48.0,0.0,0.0,159.0,42.0,50.0,71.0,
4219,25DW16,25DW,Hogeschool Utrecht,Amersfoort,2018,deeltijd,hbo,ma,NL,realisatie,174.0,76.0,0.0,0.0,171.0,64.0,30.0,80.0,
4220,25DW16,25DW,Hogeschool Utrecht,Amersfoort,2019,deeltijd,hbo,ma,NL,realisatie,158.0,57.0,0.0,0.0,156.0,51.0,36.0,71.0,
4221,25DW16,25DW,Hogeschool Utrecht,Amersfoort,2020,deeltijd,hbo,ma,NL,realisatie,154.0,63.0,0.0,0.0,150.0,58.0,46.0,50.0,
4222,25DW16,25DW,Hogeschool Utrecht,Amersfoort,2021,deeltijd,hbo,ma,NL,realisatie,160.0,55.0,0.0,0.0,156.0,44.0,56.0,60.0,
4223,25DW16,25DW,Hogeschool Utrecht,Amersfoort,2022,deeltijd,hbo,ma,NL,realisatie,146.0,41.0,0.0,0.0,146.0,33.0,39.0,74.0,
4224,25DW16,25DW,Hogeschool Utrecht,Amersfoort,2023,deeltijd,hbo,ma,NL,realisatie,123.0,30.0,0.0,0.0,122.0,27.0,25.0,71.0,
4225,25DW16,25DW,Hogeschool Utrecht,Amersfoort,2024,deeltijd,hbo,ma,NL,realisatie,124.0,44.0,0.0,0.0,122.0,37.0,22.0,65.0,
4226,25DW16,25DW,Hogeschool Utrecht,Amersfoort,2019,deeltijd,hbo,ma,niet-EER,realisatie,0.0,0.0,0.0,0.0,0.0,0.0,0.0,0.0,
4227,25DW16,25DW,Hogeschool Utrecht,Amersfoort,2018,voltijd,hbo,ad,EER,realisatie,0.0,0.0,0.0,0.0,0.0,0.0,0.0,0.0,
4228,25DW16,25DW,Hogeschool Utrecht,Amersfoort,2019,voltijd,hbo,ad,EER,realisatie,0.0,0.0,0.0,0.0,0.0,0.0,0.0,0.0,
4229,25DW16,25DW,Hogeschool Utrecht,Amersfoort,2020,voltijd,hbo,ad,EER,realisatie,0.0,0.0,0.0,0.0,0.0,0.0,0.0,0.0,
4230,25DW16,25DW,Hogeschool Utrecht,Amersfoort,2021,voltijd,hbo,ad,EER,realisatie,0.0,0.0,0.0,0.0,0.0,0.0,0.0,0.0,
4231,25DW16,25DW,Hogeschool Utrecht,Amersfoort,2022,voltijd,hbo,ad,EER,realisatie,6.0,0.0,0.0,0.0,0.0,0.0,0.0,0.0,
4232,25DW16,25DW,Hogeschool Utrecht,Amersfoort,2023,voltijd,hbo,ad,EER,realisatie,8.0,0.0,0.0,0.0,0.0,0.0,0.0,0.0,
4233,25DW16,25DW,Hogeschool Utrecht,Amersfoort,2024,voltijd,hbo,ad,EER,realisatie,11.0,6.0,0.0,0.0,0.0,6.0,0.0,0.0,
4234,25DW16,25DW,Hogeschool Utrecht,Amersfoort,2017,voltijd,hbo,ad,NL,realisatie,26.0,0.0,0.0,0.0,26.0,0.0,0.0,26.0,
4235,25DW16,25DW,Hogeschool Utrecht,Amersfoort,2018,voltijd,hbo,ad,NL,realisatie,101.0,92.0,44.0,30.0,27.0,92.0,0.0,8.0,
4236,25DW16,25DW,Hogeschool Utrecht,Amersfoort,2019,voltijd,hbo,ad,NL,realisatie,221.0,156.0,92.0,65.0,64.0,154.0,65.0,0.0,
4237,25DW16,25DW,Hogeschool Utrecht,Amersfoort,2020,voltijd,hbo,ad,NL,realisatie,504.0,359.0,208.0,147.0,149.0,355.0,118.0,31.0,
4238,25DW16,25DW,Hogeschool Utrecht,Amersfoort,2021,voltijd,hbo,ad,NL,realisatie,754.0,420.0,253.0,225.0,276.0,416.0,279.0,59.0,
4239,25DW16,25DW,Hogeschool Utrecht,Amersfoort,2022,voltijd,hbo,ad,NL,realisatie,1025.0,608.0,305.0,328.0,392.0,601.0,305.0,119.0,
4240,25DW16,25DW,Hogeschool Utrecht,Amersfoort,2023,voltijd,hbo,ad,NL,realisatie,1386.0,760.0,369.0,395.0,622.0,745.0,470.0,171.0,
4241,25DW16,25DW,Hogeschool Utrecht,Amersfoort,2024,voltijd,hbo,ad,NL,realisatie,1724.0,904.0,427.0,490.0,807.0,876.0,587.0,261.0,
4242,25DW16,25DW,Hogeschool Utrecht,Amersfoort,2020,voltijd,hbo,ad,niet-EER,realisatie,0.0,0.0,0.0,0.0,0.0,0.0,0.0,0.0,
4243,25DW16,25DW,Hogeschool Utrecht,Amersfoort,2021,voltijd,hbo,ad,niet-EER,realisatie,0.0,0.0,0.0,0.0,0.0,0.0,0.0,0.0,
4244,25DW16,25DW,Hogeschool Utrecht,Amersfoort,2022,voltijd,hbo,ad,niet-EER,realisatie,0.0,0.0,0.0,0.0,0.0,0.0,0.0,0.0,
4245,25DW16,25DW,Hogeschool Utrecht,Amersfoort,2023,voltijd,hbo,ad,niet-EER,realisatie,8.0,0.0,0.0,0.0,0.0,0.0,0.0,0.0,
4246,25DW16,25DW,Hogeschool Utrecht,Amersfoort,2024,voltijd,hbo,ad,niet-EER,realisatie,17.0,11.0,9.0,0.0,0.0,11.0,0.0,0.0,
4247,25DW16,25DW,Hogeschool Utrecht,Amersfoort,2017,voltijd,hbo,ba,EER,realisatie,0.0,0.0,0.0,0.0,0.0,0.0,0.0,0.0,
4248,25DW16,25DW,Hogeschool Utrecht,Amersfoort,2018,voltijd,hbo,ba,EER,realisatie,0.0,0.0,0.0,0.0,0.0,0.0,0.0,0.0,
4249,25DW16,25DW,Hogeschool Utrecht,Amersfoort,2019,voltijd,hbo,ba,EER,realisatie,0.0,0.0,0.0,0.0,0.0,0.0,0.0,0.0,
4250,25DW16,25DW,Hogeschool Utrecht,Amersfoort,2020,voltijd,hbo,ba,EER,realisatie,0.0,0.0,0.0,0.0,0.0,0.0,0.0,0.0,
4251,25DW16,25DW,Hogeschool Utrecht,Amersfoort,2021,voltijd,hbo,ba,EER,realisatie,0.0,0.0,0.0,0.0,0.0,0.0,0.0,0.0,
4252,25DW16,25DW,Hogeschool Utrecht,Amersfoort,2022,voltijd,hbo,ba,EER,realisatie,0.0,0.0,0.0,0.0,0.0,0.0,0.0,0.0,
4253,25DW16,25DW,Hogeschool Utrecht,Amersfoort,2023,voltijd,hbo,ba,EER,realisatie,6.0,0.0,0.0,0.0,0.0,0.0,0.0,0.0,
4254,25DW16,25DW,Hogeschool Utrecht,Amersfoort,2024,voltijd,hbo,ba,EER,realisatie,0.0,0.0,0.0,0.0,0.0,0.0,0.0,0.0,
4255,25DW16,25DW,Hogeschool Utrecht,Amersfoort,2017,voltijd,hbo,ba,NL,realisatie,1640.0,358.0,310.0,259.0,1071.0,318.0,257.0,1065.0,
4256,25DW16,25DW,Hogeschool Utrecht,Amersfoort,2018,voltijd,hbo,ba,NL,realisatie,1551.0,341.0,299.0,275.0,977.0,304.0,279.0,968.0,
4257,25DW16,25DW,Hogeschool Utrecht,Amersfoort,2019,voltijd,hbo,ba,NL,realisatie,1455.0,329.0,291.0,253.0,911.0,299.0,253.0,903.0,
4258,25DW16,25DW,Hogeschool Utrecht,Amersfoort,2020,voltijd,hbo,ba,NL,realisatie,1445.0,340.0,298.0,285.0,862.0,305.0,290.0,850.0,
4259,25DW16,25DW,Hogeschool Utrecht,Amersfoort,2021,voltijd,hbo,ba,NL,realisatie,1453.0,325.0,294.0,281.0,878.0,302.0,284.0,867.0,
4260,25DW16,25DW,Hogeschool Utrecht,Amersfoort,2022,voltijd,hbo,ba,NL,realisatie,1403.0,260.0,227.0,271.0,905.0,232.0,276.0,895.0,
4261,25DW16,25DW,Hogeschool Utrecht,Amersfoort,2023,voltijd,hbo,ba,NL,realisatie,1375.0,339.0,271.0,233.0,871.0,286.0,225.0,864.0,
4262,25DW16,25DW,Hogeschool Utrecht,Amersfoort,2024,voltijd,hbo,ba,NL,realisatie,1400.0,367.0,316.0,239.0,845.0,330.0,242.0,828.0,
4263,25DW16,25DW,Hogeschool Utrecht,Amersfoort,2017,voltijd,hbo,ba,niet-EER,realisatie,0.0,0.0,0.0,0.0,0.0,0.0,0.0,0.0,
4264,25DW16,25DW,Hogeschool Utrecht,Amersfoort,2018,voltijd,hbo,ba,niet-EER,realisatie,0.0,0.0,0.0,0.0,0.0,0.0,0.0,0.0,
4265,25DW16,25DW,Hogeschool Utrecht,Amersfoort,2019,voltijd,hbo,ba,niet-EER,realisatie,0.0,0.0,0.0,0.0,0.0,0.0,0.0,0.0,
4266,25DW16,25DW,Hogeschool Utrecht,Amersfoort,2020,voltijd,hbo,ba,niet-EER,realisatie,0.0,0.0,0.0,0.0,0.0,0.0,0.0,0.0,
4267,25DW16,25DW,Hogeschool Utrecht,Amersfoort,2021,voltijd,hbo,ba,niet-EER,realisatie,0.0,0.0,0.0,0.0,0.0,0.0,0.0,0.0,
4268,25DW16,25DW,Hogeschool Utrecht,Amersfoort,2022,voltijd,hbo,ba,niet-EER,realisatie,0.0,0.0,0.0,0.0,0.0,0.0,0.0,0.0,
4269,25DW16,25DW,Hogeschool Utrecht,Amersfoort,2023,voltijd,hbo,ba,niet-EER,realisatie,0.0,0.0,0.0,0.0,0.0,0.0,0.0,0.0,
4270,25DW16,25DW,Hogeschool Utrecht,Amersfoort,2024,voltijd,hbo,ba,niet-EER,realisatie,0.0,0.0,0.0,0.0,0.0,0.0,0.0,0.0,
4271,25DW20,25DW,Hogeschool Utrecht,Amsterdam,2017,deeltijd,hbo,ma,EER,realisatie,0.0,0.0,0.0,0.0,0.0,0.0,0.0,0.0,Noord-Holland
4272,25DW20,25DW,Hogeschool Utrecht,Amsterdam,2018,deeltijd,hbo,ma,EER,realisatie,0.0,0.0,0.0,0.0,0.0,0.0,0.0,0.0,Noord-Holland
4273,25DW20,25DW,Hogeschool Utrecht,Amsterdam,2021,deeltijd,hbo,ma,EER,realisatie,0.0,0.0,0.0,0.0,0.0,0.0,0.0,0.0,Noord-Holland
4274,25DW20,25DW,Hogeschool Utrecht,Amsterdam,2022,deeltijd,hbo,ma,EER,realisatie,0.0,0.0,0.0,0.0,0.0,0.0,0.0,0.0,Noord-Holland
4275,25DW20,25DW,Hogeschool Utrecht,Amsterdam,2017,deeltijd,hbo,ma,NL,realisatie,167.0,41.0,0.0,0.0,162.0,37.0,73.0,57.0,Noord-Holland
4276,25DW20,25DW,Hogeschool Utrecht,Amsterdam,2018,deeltijd,hbo,ma,NL,realisatie,109.0,60.0,0.0,0.0,108.0,57.0,29.0,23.0,Noord-Holland
4277,25DW20,25DW,Hogeschool Utrecht,Amsterdam,2019,deeltijd,hbo,ma,NL,realisatie,117.0,51.0,0.0,0.0,117.0,44.0,53.0,20.0,Noord-Holland
4278,25DW20,25DW,Hogeschool Utrecht,Amsterdam,2020,deeltijd,hbo,ma,NL,realisatie,90.0,30.0,0.0,0.0,90.0,29.0,37.0,24.0,Noord-Holland
4279,25DW20,25DW,Hogeschool Utrecht,Amsterdam,2021,deeltijd,hbo,ma,NL,realisatie,89.0,54.0,0.0,0.0,89.0,52.0,25.0,12.0,Noord-Holland
4280,25DW20,25DW,Hogeschool Utrecht,Amsterdam,2022,deeltijd,hbo,ma,NL,realisatie,73.0,23.0,0.0,0.0,73.0,20.0,48.0,0.0,Noord-Holland
4281,25DW20,25DW,Hogeschool Utrecht,Amsterdam,2023,deeltijd,hbo,ma,NL,realisatie,53.0,20.0,0.0,0.0,53.0,20.0,17.0,16.0,Noord-Holland
4282,25DW20,25DW,Hogeschool Utrecht,Amsterdam,2024,deeltijd,hbo,ma,NL,realisatie,54.0,26.0,0.0,0.0,54.0,22.0,19.0,13.0,Noord-Holland
4283,25DW24,25DW,Hogeschool Utrecht,'s-Gravenhage,2017,deeltijd,hbo,ma,EER,realisatie,0.0,0.0,0.0,0.0,0.0,0.0,0.0,0.0,Zuid-Holland
4284,25DW24,25DW,Hogeschool Utrecht,'s-Gravenhage,2018,deeltijd,hbo,ma,EER,realisatie,0.0,0.0,0.0,0.0,0.0,0.0,0.0,0.0,Zuid-Holland
4285,25DW24,25DW,Hogeschool Utrecht,'s-Gravenhage,2019,deeltijd,hbo,ma,EER,realisatie,0.0,0.0,0.0,0.0,0.0,0.0,0.0,0.0,Zuid-Holland
4286,25DW24,25DW,Hogeschool Utrecht,'s-Gravenhage,2022,deeltijd,hbo,ma,EER,realisatie,0.0,0.0,0.0,0.0,0.0,0.0,0.0,0.0,Zuid-Holland
4287,25DW24,25DW,Hogeschool Utrecht,'s-Gravenhage,2023,deeltijd,hbo,ma,EER,realisatie,0.0,0.0,0.0,0.0,0.0,0.0,0.0,0.0,Zuid-Holland
4288,25DW24,25DW,Hogeschool Utrecht,'s-Gravenhage,2024,deeltijd,hbo,ma,EER,realisatie,0.0,0.0,0.0,0.0,0.0,0.0,0.0,0.0,Zuid-Holland
4289,25DW24,25DW,Hogeschool Utrecht,'s-Gravenhage,2017,deeltijd,hbo,ma,NL,realisatie,212.0,108.0,7.0,7.0,198.0,95.0,72.0,45.0,Zuid-Holland
4290,25DW24,25DW,Hogeschool Utrecht,'s-Gravenhage,2018,deeltijd,hbo,ma,NL,realisatie,209.0,99.0,0.0,6.0,201.0,91.0,84.0,34.0,Zuid-Holland
4291,25DW24,25DW,Hogeschool Utrecht,'s-Gravenhage,2019,deeltijd,hbo,ma,NL,realisatie,131.0,21.0,0.0,0.0,129.0,19.0,79.0,33.0,Zuid-Holland
4292,25DW24,25DW,Hogeschool Utrecht,'s-Gravenhage,2020,deeltijd,hbo,ma,NL,realisatie,60.0,23.0,0.0,0.0,60.0,21.0,19.0,20.0,Zuid-Holland
4293,25DW24,25DW,Hogeschool Utrecht,'s-Gravenhage,2021,deeltijd,hbo,ma,NL,realisatie,56.0,31.0,0.0,0.0,55.0,31.0,19.0,6.0,Zuid-Holland
4294,25DW24,25DW,Hogeschool Utrecht,'s-Gravenhage,2022,deeltijd,hbo,ma,NL,realisatie,59.0,27.0,0.0,0.0,57.0,25.0,30.0,0.0,Zuid-Holland
4295,25DW24,25DW,Hogeschool Utrecht,'s-Gravenhage,2023,deeltijd,hbo,ma,NL,realisatie,52.0,26.0,0.0,0.0,52.0,25.0,20.0,7.0,Zuid-Holland
4296,25DW24,25DW,Hogeschool Utrecht,'s-Gravenhage,2024,deeltijd,hbo,ma,NL,realisatie,53.0,25.0,0.0,0.0,51.0,24.0,23.0,6.0,Zuid-Holland
4297,25DW28,25DW,Hogeschool Utrecht,Rotterdam,2017,deeltijd,hbo,ma,EER,realisatie,0.0,0.0,0.0,0.0,0.0,0.0,0.0,0.0,Zuid-Holland
4298,25DW28,25DW,Hogeschool Utrecht,Rotterdam,2018,deeltijd,hbo,ma,EER,realisatie,0.0,0.0,0.0,0.0,0.0,0.0,0.0,0.0,Zuid-Holland
4299,25DW28,25DW,Hogeschool Utrecht,Rotterdam,2019,deeltijd,hbo,ma,EER,realisatie,0.0,0.0,0.0,0.0,0.0,0.0,0.0,0.0,Zuid-Holland
4300,25DW28,25DW,Hogeschool Utrecht,Rotterdam,2020,deeltijd,hbo,ma,EER,realisatie,0.0,0.0,0.0,0.0,0.0,0.0,0.0,0.0,Zuid-Holland
4301,25DW28,25DW,Hogeschool Utrecht,Rotterdam,2021,deeltijd,hbo,ma,EER,realisatie,0.0,0.0,0.0,0.0,0.0,0.0,0.0,0.0,Zuid-Holland
4302,25DW28,25DW,Hogeschool Utrecht,Rotterdam,2022,deeltijd,hbo,ma,EER,realisatie,0.0,0.0,0.0,0.0,0.0,0.0,0.0,0.0,Zuid-Holland
4303,25DW28,25DW,Hogeschool Utrecht,Rotterdam,2023,deeltijd,hbo,ma,EER,realisatie,0.0,0.0,0.0,0.0,0.0,0.0,0.0,0.0,Zuid-Holland
4304,25DW28,25DW,Hogeschool Utrecht,Rotterdam,2017,deeltijd,hbo,ma,NL,realisatie,261.0,89.0,0.0,7.0,252.0,79.0,131.0,51.0,Zuid-Holland
4305,25DW28,25DW,Hogeschool Utrecht,Rotterdam,2018,deeltijd,hbo,ma,NL,realisatie,193.0,92.0,6.0,0.0,187.0,85.0,74.0,34.0,Zuid-Holland
4306,25DW28,25DW,Hogeschool Utrecht,Rotterdam,2019,deeltijd,hbo,ma,NL,realisatie,147.0,54.0,0.0,0.0,142.0,47.0,77.0,23.0,Zuid-Holland
4307,25DW28,25DW,Hogeschool Utrecht,Rotterdam,2020,deeltijd,hbo,ma,NL,realisatie,91.0,31.0,0.0,0.0,91.0,29.0,42.0,20.0,Zuid-Holland
4308,25DW28,25DW,Hogeschool Utrecht,Rotterdam,2021,deeltijd,hbo,ma,NL,realisatie,99.0,66.0,0.0,0.0,98.0,62.0,26.0,11.0,Zuid-Holland
4309,25DW28,25DW,Hogeschool Utrecht,Rotterdam,2022,deeltijd,hbo,ma,NL,realisatie,88.0,23.0,0.0,0.0,86.0,20.0,54.0,14.0,Zuid-Holland
4310,25DW28,25DW,Hogeschool Utrecht,Rotterdam,2023,deeltijd,hbo,ma,NL,realisatie,65.0,20.0,0.0,0.0,64.0,19.0,18.0,28.0,Zuid-Holland
4311,25DW28,25DW,Hogeschool Utrecht,Rotterdam,2024,deeltijd,hbo,ma,NL,realisatie,40.0,8.0,0.0,0.0,39.0,8.0,18.0,14.0,Zuid-Holland
4312,25DW28,25DW,Hogeschool Utrecht,Rotterdam,2017,voltijd,hbo,ma,NL,realisatie,0.0,0.0,0.0,0.0,0.0,0.0,0.0,0.0,Zuid-Holland
4313,25JX00,25JX,Zuyd Hogeschool,Heerlen,2021,deeltijd,hbo,ad,EER,realisatie,0.0,0.0,0.0,0.0,0.0,0.0,0.0,0.0,
4314,25JX00,25JX,Zuyd Hogeschool,Heerlen,2022,deeltijd,hbo,ad,EER,realisatie,0.0,0.0,0.0,0.0,0.0,0.0,0.0,0.0,
4315,25JX00,25JX,Zuyd Hogeschool,Heerlen,2023,deeltijd,hbo,ad,EER,realisatie,0.0,0.0,0.0,0.0,0.0,0.0,0.0,0.0,
4316,25JX00,25JX,Zuyd Hogeschool,Heerlen,2024,deeltijd,hbo,ad,EER,realisatie,0.0,0.0,0.0,0.0,0.0,0.0,0.0,0.0,
4317,25JX00,25JX,Zuyd Hogeschool,Heerlen,2017,deeltijd,hbo,ad,NL,realisatie,10.0,10.0,6.0,0.0,0.0,10.0,0.0,0.0,
4318,25JX00,25JX,Zuyd Hogeschool,Heerlen,2018,deeltijd,hbo,ad,NL,realisatie,0.0,0.0,0.0,0.0,0.0,0.0,0.0,0.0,
4319,25JX00,25JX,Zuyd Hogeschool,Heerlen,2019,deeltijd,hbo,ad,NL,realisatie,10.0,10.0,6.0,0.0,0.0,10.0,0.0,0.0,
4320,25JX00,25JX,Zuyd Hogeschool,Heerlen,2020,deeltijd,hbo,ad,NL,realisatie,18.0,11.0,6.0,8.0,0.0,11.0,7.0,0.0,
4321,25JX00,25JX,Zuyd Hogeschool,Heerlen,2021,deeltijd,hbo,ad,NL,realisatie,20.0,10.0,8.0,0.0,7.0,10.0,9.0,0.0,
4322,25JX00,25JX,Zuyd Hogeschool,Heerlen,2022,deeltijd,hbo,ad,NL,realisatie,48.0,37.0,25.0,10.0,13.0,37.0,8.0,0.0,
4323,25JX00,25JX,Zuyd Hogeschool,Heerlen,2023,deeltijd,hbo,ad,NL,realisatie,83.0,45.0,25.0,24.0,34.0,41.0,32.0,10.0,
4324,25JX00,25JX,Zuyd Hogeschool,Heerlen,2024,deeltijd,hbo,ad,NL,realisatie,78.0,35.0,13.0,24.0,41.0,32.0,29.0,17.0,
4325,25JX00,25JX,Zuyd Hogeschool,Heerlen,2017,deeltijd,hbo,ba,EER,realisatie,0.0,0.0,0.0,0.0,0.0,0.0,0.0,0.0,
4326,25JX00,25JX,Zuyd Hogeschool,Heerlen,2018,deeltijd,hbo,ba,EER,realisatie,0.0,0.0,0.0,0.0,0.0,0.0,0.0,0.0,
4327,25JX00,25JX,Zuyd Hogeschool,Heerlen,2019,deeltijd,hbo,ba,EER,realisatie,0.0,0.0,0.0,0.0,0.0,0.0,0.0,0.0,
4328,25JX00,25JX,Zuyd Hogeschool,Heerlen,2020,deeltijd,hbo,ba,EER,realisatie,0.0,0.0,0.0,0.0,0.0,0.0,0.0,0.0,
4329,25JX00,25JX,Zuyd Hogeschool,Heerlen,2021,deeltijd,hbo,ba,EER,realisatie,8.0,0.0,0.0,0.0,0.0,0.0,0.0,0.0,
4330,25JX00,25JX,Zuyd Hogeschool,Heerlen,2022,deeltijd,hbo,ba,EER,realisatie,7.0,0.0,0.0,0.0,0.0,0.0,0.0,0.0,
4331,25JX00,25JX,Zuyd Hogeschool,Heerlen,2023,deeltijd,hbo,ba,EER,realisatie,8.0,0.0,0.0,0.0,0.0,0.0,0.0,0.0,
4332,25JX00,25JX,Zuyd Hogeschool,Heerlen,2024,deeltijd,hbo,ba,EER,realisatie,10.0,6.0,0.0,0.0,0.0,0.0,0.0,0.0,
4333,25JX00,25JX,Zuyd Hogeschool,Heerlen,2017,deeltijd,hbo,ba,NL,realisatie,224.0,139.0,94.0,62.0,68.0,97.0,64.0,63.0,
4334,25JX00,25JX,Zuyd Hogeschool,Heerlen,2018,deeltijd,hbo,ba,NL,realisatie,356.0,189.0,130.0,86.0,140.0,133.0,86.0,137.0,
4335,25JX00,25JX,Zuyd Hogeschool,Heerlen,2019,deeltijd,hbo,ba,NL,realisatie,393.0,132.0,89.0,110.0,194.0,92.0,111.0,190.0,
4336,25JX00,25JX,Zuyd Hogeschool,Heerlen,2020,deeltijd,hbo,ba,NL,realisatie,388.0,118.0,78.0,81.0,229.0,78.0,86.0,224.0,
4337,25JX00,25JX,Zuyd Hogeschool,Heerlen,2021,deeltijd,hbo,ba,NL,realisatie,401.0,121.0,79.0,77.0,245.0,84.0,76.0,241.0,
4338,25JX00,25JX,Zuyd Hogeschool,Heerlen,2022,deeltijd,hbo,ba,NL,realisatie,410.0,130.0,84.0,72.0,254.0,90.0,79.0,241.0,
4339,25JX00,25JX,Zuyd Hogeschool,Heerlen,2023,deeltijd,hbo,ba,NL,realisatie,397.0,130.0,83.0,77.0,237.0,88.0,80.0,229.0,
4340,25JX00,25JX,Zuyd Hogeschool,Heerlen,2024,deeltijd,hbo,ba,NL,realisatie,370.0,106.0,51.0,92.0,227.0,55.0,94.0,221.0,
4341,25JX00,25JX,Zuyd Hogeschool,Heerlen,2024,deeltijd,hbo,ba,niet-EER,realisatie,0.0,0.0,0.0,0.0,0.0,0.0,0.0,0.0,
4342,25JX00,25JX,Zuyd Hogeschool,Heerlen,2019,deeltijd,hbo,ma,EER,realisatie,0.0,0.0,0.0,0.0,0.0,0.0,0.0,0.0,
4343,25JX00,25JX,Zuyd Hogeschool,Heerlen,2020,deeltijd,hbo,ma,EER,realisatie,0.0,0.0,0.0,0.0,0.0,0.0,0.0,0.0,
4344,25JX00,25JX,Zuyd Hogeschool,Heerlen,2021,deeltijd,hbo,ma,EER,realisatie,0.0,0.0,0.0,0.0,0.0,0.0,0.0,0.0,
4345,25JX00,25JX,Zuyd Hogeschool,Heerlen,2022,deeltijd,hbo,ma,EER,realisatie,0.0,0.0,0.0,0.0,0.0,0.0,0.0,0.0,
4346,25JX00,25JX,Zuyd Hogeschool,Heerlen,2023,deeltijd,hbo,ma,EER,realisatie,0.0,0.0,0.0,0.0,0.0,0.0,0.0,0.0,
4347,25JX00,25JX,Zuyd Hogeschool,Heerlen,2024,deeltijd,hbo,ma,EER,realisatie,0.0,0.0,0.0,0.0,0.0,0.0,0.0,0.0,
4348,25JX00,25JX,Zuyd Hogeschool,Heerlen,2019,deeltijd,hbo,ma,NL,realisatie,15.0,15.0,0.0,0.0,15.0,15.0,0.0,0.0,
4349,25JX00,25JX,Zuyd Hogeschool,Heerlen,2020,deeltijd,hbo,ma,NL,realisatie,22.0,10.0,0.0,0.0,22.0,10.0,12.0,0.0,
4350,25JX00,25JX,Zuyd Hogeschool,Heerlen,2021,deeltijd,hbo,ma,NL,realisatie,25.0,15.0,0.0,0.0,23.0,15.0,9.0,0.0,
4351,25JX00,25JX,Zuyd Hogeschool,Heerlen,2022,deeltijd,hbo,ma,NL,realisatie,33.0,18.0,0.0,0.0,31.0,17.0,14.0,0.0,
4352,25JX00,25JX,Zuyd Hogeschool,Heerlen,2023,deeltijd,hbo,ma,NL,realisatie,24.0,10.0,0.0,0.0,22.0,10.0,13.0,0.0,
4353,25JX00,25JX,Zuyd Hogeschool,Heerlen,2024,deeltijd,hbo,ma,NL,realisatie,25.0,14.0,0.0,0.0,22.0,14.0,8.0,0.0,
4354,25JX00,25JX,Zuyd Hogeschool,Heerlen,2018,voltijd,hbo,ad,EER,realisatie,0.0,0.0,0.0,0.0,0.0,0.0,0.0,0.0,
4355,25JX00,25JX,Zuyd Hogeschool,Heerlen,2019,voltijd,hbo,ad,EER,realisatie,0.0,0.0,0.0,0.0,0.0,0.0,0.0,0.0,
4356,25JX00,25JX,Zuyd Hogeschool,Heerlen,2020,voltijd,hbo,ad,EER,realisatie,0.0,0.0,0.0,0.0,0.0,0.0,0.0,0.0,
4357,25JX00,25JX,Zuyd Hogeschool,Heerlen,2021,voltijd,hbo,ad,EER,realisatie,0.0,0.0,0.0,0.0,0.0,0.0,0.0,0.0,
4358,25JX00,25JX,Zuyd Hogeschool,Heerlen,2022,voltijd,hbo,ad,EER,realisatie,0.0,0.0,0.0,0.0,0.0,0.0,0.0,0.0,
4359,25JX00,25JX,Zuyd Hogeschool,Heerlen,2023,voltijd,hbo,ad,EER,realisatie,0.0,0.0,0.0,0.0,0.0,0.0,0.0,0.0,
4360,25JX00,25JX,Zuyd Hogeschool,Heerlen,2024,voltijd,hbo,ad,EER,realisatie,0.0,0.0,0.0,0.0,0.0,0.0,0.0,0.0,
4361,25JX00,25JX,Zuyd Hogeschool,Heerlen,2017,voltijd,hbo,ad,NL,realisatie,166.0,140.0,66.0,57.0,43.0,139.0,26.0,0.0,
4362,25JX00,25JX,Zuyd Hogeschool,Heerlen,2018,voltijd,hbo,ad,NL,realisatie,226.0,135.0,66.0,86.0,74.0,135.0,86.0,0.0,
4363,25JX00,25JX,Zuyd Hogeschool,Heerlen,2019,voltijd,hbo,ad,NL,realisatie,223.0,105.0,52.0,88.0,83.0,101.0,93.0,29.0,
4364,25JX00,25JX,Zuyd Hogeschool,Heerlen,2020,voltijd,hbo,ad,NL,realisatie,272.0,137.0,94.0,65.0,113.0,136.0,86.0,50.0,
4365,25JX00,25JX,Zuyd Hogeschool,Heerlen,2021,voltijd,hbo,ad,NL,realisatie,240.0,101.0,75.0,85.0,80.0,101.0,101.0,38.0,
4366,25JX00,25JX,Zuyd Hogeschool,Heerlen,2022,voltijd,hbo,ad,NL,realisatie,240.0,112.0,67.0,77.0,96.0,104.0,84.0,52.0,
4367,25JX00,25JX,Zuyd Hogeschool,Heerlen,2023,voltijd,hbo,ad,NL,realisatie,257.0,104.0,57.0,78.0,122.0,100.0,95.0,62.0,
4368,25JX00,25JX,Zuyd Hogeschool,Heerlen,2024,voltijd,hbo,ad,NL,realisatie,267.0,113.0,67.0,67.0,133.0,112.0,84.0,71.0,
4369,25JX00,25JX,Zuyd Hogeschool,Heerlen,2018,voltijd,hbo,ad,niet-EER,realisatie,0.0,0.0,0.0,0.0,0.0,0.0,0.0,0.0,
4370,25JX00,25JX,Zuyd Hogeschool,Heerlen,2019,voltijd,hbo,ad,niet-EER,realisatie,0.0,0.0,0.0,0.0,0.0,0.0,0.0,0.0,
4371,25JX00,25JX,Zuyd Hogeschool,Heerlen,2020,voltijd,hbo,ad,niet-EER,realisatie,0.0,0.0,0.0,0.0,0.0,0.0,0.0,0.0,
4372,25JX00,25JX,Zuyd Hogeschool,Heerlen,2021,voltijd,hbo,ad,niet-EER,realisatie,0.0,0.0,0.0,0.0,0.0,0.0,0.0,0.0,
4373,25JX00,25JX,Zuyd Hogeschool,Heerlen,2022,voltijd,hbo,ad,niet-EER,realisatie,0.0,0.0,0.0,0.0,0.0,0.0,0.0,0.0,
4374,25JX00,25JX,Zuyd Hogeschool,Heerlen,2023,voltijd,hbo,ad,niet-EER,realisatie,0.0,0.0,0.0,0.0,0.0,0.0,0.0,0.0,
4375,25JX00,25JX,Zuyd Hogeschool,Heerlen,2017,voltijd,hbo,ba,EER,realisatie,544.0,224.0,216.0,144.0,184.0,217.0,143.0,184.0,
4376,25JX00,25JX,Zuyd Hogeschool,Heerlen,2018,voltijd,hbo,ba,EER,realisatie,499.0,172.0,162.0,172.0,165.0,163.0,172.0,164.0,
4377,25JX00,25JX,Zuyd Hogeschool,Heerlen,2019,voltijd,hbo,ba,EER,realisatie,466.0,162.0,158.0,132.0,176.0,158.0,132.0,176.0,
4378,25JX00,25JX,Zuyd Hogeschool,Heerlen,2020,voltijd,hbo,ba,EER,realisatie,440.0,149.0,145.0,142.0,153.0,146.0,141.0,153.0,
4379,25JX00,25JX,Zuyd Hogeschool,Heerlen,2021,voltijd,hbo,ba,EER,realisatie,391.0,143.0,130.0,117.0,144.0,134.0,116.0,141.0,
4380,25JX00,25JX,Zuyd Hogeschool,Heerlen,2022,voltijd,hbo,ba,EER,realisatie,369.0,135.0,132.0,106.0,131.0,132.0,110.0,127.0,
4381,25JX00,25JX,Zuyd Hogeschool,Heerlen,2023,voltijd,hbo,ba,EER,realisatie,342.0,126.0,121.0,113.0,108.0,123.0,111.0,108.0,
4382,25JX00,25JX,Zuyd Hogeschool,Heerlen,2024,voltijd,hbo,ba,EER,realisatie,347.0,142.0,136.0,108.0,103.0,136.0,110.0,101.0,
4383,25JX00,25JX,Zuyd Hogeschool,Heerlen,2017,voltijd,hbo,ba,NL,realisatie,4520.0,1151.0,1012.0,935.0,2573.0,1058.0,939.0,2523.0,
4384,25JX00,25JX,Zuyd Hogeschool,Heerlen,2018,voltijd,hbo,ba,NL,realisatie,4460.0,1211.0,1064.0,892.0,2504.0,1120.0,911.0,2429.0,
4385,25JX00,25JX,Zuyd Hogeschool,Heerlen,2019,voltijd,hbo,ba,NL,realisatie,4477.0,1115.0,958.0,997.0,2522.0,1023.0,1017.0,2437.0,
4386,25JX00,25JX,Zuyd Hogeschool,Heerlen,2020,voltijd,hbo,ba,NL,realisatie,4654.0,1202.0,1052.0,906.0,2696.0,1108.0,959.0,2587.0,
4387,25JX00,25JX,Zuyd Hogeschool,Heerlen,2021,voltijd,hbo,ba,NL,realisatie,4485.0,978.0,828.0,951.0,2706.0,890.0,994.0,2601.0,
4388,25JX00,25JX,Zuyd Hogeschool,Heerlen,2022,voltijd,hbo,ba,NL,realisatie,4154.0,978.0,843.0,709.0,2602.0,922.0,742.0,2490.0,
4389,25JX00,25JX,Zuyd Hogeschool,Heerlen,2023,voltijd,hbo,ba,NL,realisatie,3862.0,879.0,742.0,758.0,2362.0,808.0,813.0,2241.0,
4390,25JX00,25JX,Zuyd Hogeschool,Heerlen,2024,voltijd,hbo,ba,NL,realisatie,3719.0,914.0,780.0,698.0,2241.0,838.0,740.0,2141.0,
4391,25JX00,25JX,Zuyd Hogeschool,Heerlen,2017,voltijd,hbo,ba,niet-EER,realisatie,8.0,0.0,0.0,0.0,0.0,0.0,0.0,0.0,
4392,25JX00,25JX,Zuyd Hogeschool,Heerlen,2018,voltijd,hbo,ba,niet-EER,realisatie,10.0,6.0,6.0,0.0,0.0,6.0,0.0,0.0,
4393,25JX00,25JX,Zuyd Hogeschool,Heerlen,2019,voltijd,hbo,ba,niet-EER,realisatie,10.0,0.0,0.0,0.0,0.0,0.0,0.0,0.0,
4394,25JX00,25JX,Zuyd Hogeschool,Heerlen,2020,voltijd,hbo,ba,niet-EER,realisatie,9.0,0.0,0.0,0.0,6.0,0.0,0.0,6.0,
4395,25JX00,25JX,Zuyd Hogeschool,Heerlen,2021,voltijd,hbo,ba,niet-EER,realisatie,11.0,0.0,0.0,0.0,6.0,0.0,0.0,6.0,
4396,25JX00,25JX,Zuyd Hogeschool,Heerlen,2022,voltijd,hbo,ba,niet-EER,realisatie,8.0,0.0,0.0,0.0,0.0,0.0,0.0,0.0,
4397,25JX00,25JX,Zuyd Hogeschool,Heerlen,2023,voltijd,hbo,ba,niet-EER,realisatie,11.0,0.0,0.0,0.0,7.0,0.0,0.0,7.0,
4398,25JX00,25JX,Zuyd Hogeschool,Heerlen,2024,voltijd,hbo,ba,niet-EER,realisatie,23.0,11.0,7.0,6.0,10.0,8.0,6.0,9.0,
4399,25JX00,25JX,Zuyd Hogeschool,Heerlen,2018,voltijd,hbo,ma,EER,realisatie,0.0,0.0,0.0,0.0,0.0,0.0,0.0,0.0,
4400,25JX00,25JX,Zuyd Hogeschool,Heerlen,2019,voltijd,hbo,ma,EER,realisatie,0.0,0.0,0.0,0.0,0.0,0.0,0.0,0.0,
4401,25JX00,25JX,Zuyd Hogeschool,Heerlen,2020,voltijd,hbo,ma,EER,realisatie,0.0,0.0,0.0,0.0,0.0,0.0,0.0,0.0,
4402,25JX00,25JX,Zuyd Hogeschool,Heerlen,2021,voltijd,hbo,ma,EER,realisatie,0.0,0.0,0.0,0.0,0.0,0.0,0.0,0.0,
4403,25JX00,25JX,Zuyd Hogeschool,Heerlen,2022,voltijd,hbo,ma,EER,realisatie,0.0,0.0,0.0,0.0,0.0,0.0,0.0,0.0,
4404,25JX00,25JX,Zuyd Hogeschool,Heerlen,2023,voltijd,hbo,ma,EER,realisatie,0.0,0.0,0.0,0.0,0.0,0.0,0.0,0.0,
4405,25JX00,25JX,Zuyd Hogeschool,Heerlen,2024,voltijd,hbo,ma,EER,realisatie,0.0,0.0,0.0,0.0,0.0,0.0,0.0,0.0,
4406,25JX00,25JX,Zuyd Hogeschool,Heerlen,2017,voltijd,hbo,ma,NL,realisatie,45.0,26.0,0.0,0.0,42.0,25.0,14.0,6.0,
4407,25JX00,25JX,Zuyd Hogeschool,Heerlen,2018,voltijd,hbo,ma,NL,realisatie,54.0,27.0,0.0,0.0,50.0,26.0,22.0,6.0,
4408,25JX00,25JX,Zuyd Hogeschool,Heerlen,2019,voltijd,hbo,ma,NL,realisatie,63.0,38.0,0.0,0.0,58.0,38.0,24.0,0.0,
4409,25JX00,25JX,Zuyd Hogeschool,Heerlen,2020,voltijd,hbo,ma,NL,realisatie,65.0,35.0,0.0,0.0,60.0,33.0,24.0,8.0,
4410,25JX00,25JX,Zuyd Hogeschool,Heerlen,2021,voltijd,hbo,ma,NL,realisatie,62.0,31.0,0.0,0.0,60.0,31.0,24.0,7.0,
4411,25JX00,25JX,Zuyd Hogeschool,Heerlen,2022,voltijd,hbo,ma,NL,realisatie,63.0,31.0,0.0,0.0,58.0,30.0,29.0,0.0,
4412,25JX00,25JX,Zuyd Hogeschool,Heerlen,2023,voltijd,hbo,ma,NL,realisatie,72.0,34.0,0.0,0.0,67.0,33.0,29.0,10.0,
4413,25JX00,25JX,Zuyd Hogeschool,Heerlen,2024,voltijd,hbo,ma,NL,realisatie,71.0,32.0,0.0,0.0,67.0,32.0,31.0,8.0,
4414,25JX00,25JX,Zuyd Hogeschool,Heerlen,2017,voltijd,hbo,ma,niet-EER,realisatie,0.0,0.0,0.0,0.0,0.0,0.0,0.0,0.0,
4415,25JX00,25JX,Zuyd Hogeschool,Heerlen,2020,voltijd,hbo,ma,niet-EER,realisatie,0.0,0.0,0.0,0.0,0.0,0.0,0.0,0.0,
4416,25JX00,25JX,Zuyd Hogeschool,Heerlen,2021,voltijd,hbo,ma,niet-EER,realisatie,0.0,0.0,0.0,0.0,0.0,0.0,0.0,0.0,
4417,25JX07,25JX,Zuyd Hogeschool,Sittard-Geleen,2017,deeltijd,hbo,ba,EER,realisatie,10.0,0.0,0.0,0.0,6.0,0.0,0.0,6.0,Limburg
4418,25JX07,25JX,Zuyd Hogeschool,Sittard-Geleen,2018,deeltijd,hbo,ba,EER,realisatie,8.0,0.0,0.0,0.0,7.0,0.0,0.0,7.0,Limburg
4419,25JX07,25JX,Zuyd Hogeschool,Sittard-Geleen,2019,deeltijd,hbo,ba,EER,realisatie,0.0,0.0,0.0,0.0,0.0,0.0,0.0,0.0,Limburg
4420,25JX07,25JX,Zuyd Hogeschool,Sittard-Geleen,2020,deeltijd,hbo,ba,EER,realisatie,0.0,0.0,0.0,0.0,0.0,0.0,0.0,0.0,Limburg
4421,25JX07,25JX,Zuyd Hogeschool,Sittard-Geleen,2021,deeltijd,hbo,ba,EER,realisatie,0.0,0.0,0.0,0.0,0.0,0.0,0.0,0.0,Limburg
4422,25JX07,25JX,Zuyd Hogeschool,Sittard-Geleen,2022,deeltijd,hbo,ba,EER,realisatie,0.0,0.0,0.0,0.0,0.0,0.0,0.0,0.0,Limburg
4423,25JX07,25JX,Zuyd Hogeschool,Sittard-Geleen,2023,deeltijd,hbo,ba,EER,realisatie,0.0,0.0,0.0,0.0,0.0,0.0,0.0,0.0,Limburg
4424,25JX07,25JX,Zuyd Hogeschool,Sittard-Geleen,2024,deeltijd,hbo,ba,EER,realisatie,0.0,0.0,0.0,0.0,0.0,0.0,0.0,0.0,Limburg
4425,25JX07,25JX,Zuyd Hogeschool,Sittard-Geleen,2017,deeltijd,hbo,ba,NL,realisatie,267.0,126.0,62.0,26.0,179.0,65.0,26.0,176.0,Limburg
4426,25JX07,25JX,Zuyd Hogeschool,Sittard-Geleen,2018,deeltijd,hbo,ba,NL,realisatie,243.0,91.0,40.0,38.0,165.0,43.0,40.0,160.0,Limburg
4427,25JX07,25JX,Zuyd Hogeschool,Sittard-Geleen,2019,deeltijd,hbo,ba,NL,realisatie,198.0,72.0,36.0,34.0,128.0,37.0,35.0,126.0,Limburg
4428,25JX07,25JX,Zuyd Hogeschool,Sittard-Geleen,2020,deeltijd,hbo,ba,NL,realisatie,229.0,102.0,56.0,38.0,135.0,57.0,42.0,130.0,Limburg
4429,25JX07,25JX,Zuyd Hogeschool,Sittard-Geleen,2021,deeltijd,hbo,ba,NL,realisatie,205.0,68.0,46.0,43.0,116.0,47.0,45.0,113.0,Limburg
4430,25JX07,25JX,Zuyd Hogeschool,Sittard-Geleen,2022,deeltijd,hbo,ba,NL,realisatie,231.0,88.0,51.0,39.0,141.0,53.0,40.0,138.0,Limburg
4431,25JX07,25JX,Zuyd Hogeschool,Sittard-Geleen,2023,deeltijd,hbo,ba,NL,realisatie,250.0,92.0,65.0,47.0,138.0,65.0,50.0,135.0,Limburg
4432,25JX07,25JX,Zuyd Hogeschool,Sittard-Geleen,2024,deeltijd,hbo,ba,NL,realisatie,290.0,116.0,72.0,67.0,151.0,76.0,66.0,148.0,Limburg
4433,25JX07,25JX,Zuyd Hogeschool,Sittard-Geleen,2023,deeltijd,hbo,ba,niet-EER,realisatie,0.0,0.0,0.0,0.0,0.0,0.0,0.0,0.0,Limburg
4434,25JX07,25JX,Zuyd Hogeschool,Sittard-Geleen,2019,voltijd,hbo,ad,EER,realisatie,0.0,0.0,0.0,0.0,0.0,0.0,0.0,0.0,Limburg
4435,25JX07,25JX,Zuyd Hogeschool,Sittard-Geleen,2020,voltijd,hbo,ad,EER,realisatie,0.0,0.0,0.0,0.0,0.0,0.0,0.0,0.0,Limburg
4436,25JX07,25JX,Zuyd Hogeschool,Sittard-Geleen,2021,voltijd,hbo,ad,EER,realisatie,0.0,0.0,0.0,0.0,0.0,0.0,0.0,0.0,Limburg
4437,25JX07,25JX,Zuyd Hogeschool,Sittard-Geleen,2022,voltijd,hbo,ad,EER,realisatie,0.0,0.0,0.0,0.0,0.0,0.0,0.0,0.0,Limburg
4438,25JX07,25JX,Zuyd Hogeschool,Sittard-Geleen,2024,voltijd,hbo,ad,EER,realisatie,0.0,0.0,0.0,0.0,0.0,0.0,0.0,0.0,Limburg
4439,25JX07,25JX,Zuyd Hogeschool,Sittard-Geleen,2017,voltijd,hbo,ad,NL,realisatie,41.0,14.0,0.0,10.0,31.0,12.0,18.0,11.0,Limburg
4440,25JX07,25JX,Zuyd Hogeschool,Sittard-Geleen,2018,voltijd,hbo,ad,NL,realisatie,66.0,48.0,31.0,6.0,29.0,47.0,8.0,11.0,Limburg
4441,25JX07,25JX,Zuyd Hogeschool,Sittard-Geleen,2019,voltijd,hbo,ad,NL,realisatie,118.0,67.0,37.0,43.0,38.0,66.0,45.0,7.0,Limburg
4442,25JX07,25JX,Zuyd Hogeschool,Sittard-Geleen,2020,voltijd,hbo,ad,NL,realisatie,138.0,64.0,42.0,42.0,54.0,64.0,54.0,20.0,Limburg
4443,25JX07,25JX,Zuyd Hogeschool,Sittard-Geleen,2021,voltijd,hbo,ad,NL,realisatie,140.0,56.0,38.0,37.0,65.0,55.0,49.0,36.0,Limburg
4444,25JX07,25JX,Zuyd Hogeschool,Sittard-Geleen,2022,voltijd,hbo,ad,NL,realisatie,152.0,61.0,35.0,49.0,68.0,61.0,52.0,39.0,Limburg
4445,25JX07,25JX,Zuyd Hogeschool,Sittard-Geleen,2023,voltijd,hbo,ad,NL,realisatie,158.0,74.0,41.0,38.0,79.0,73.0,46.0,39.0,Limburg
4446,25JX07,25JX,Zuyd Hogeschool,Sittard-Geleen,2024,voltijd,hbo,ad,NL,realisatie,168.0,67.0,32.0,48.0,88.0,66.0,61.0,41.0,Limburg
4447,25JX07,25JX,Zuyd Hogeschool,Sittard-Geleen,2019,voltijd,hbo,ad,niet-EER,realisatie,0.0,0.0,0.0,0.0,0.0,0.0,0.0,0.0,Limburg
4448,25JX07,25JX,Zuyd Hogeschool,Sittard-Geleen,2020,voltijd,hbo,ad,niet-EER,realisatie,0.0,0.0,0.0,0.0,0.0,0.0,0.0,0.0,Limburg
4449,25JX07,25JX,Zuyd Hogeschool,Sittard-Geleen,2017,voltijd,hbo,ba,EER,realisatie,26.0,9.0,7.0,0.0,14.0,9.0,0.0,13.0,Limburg
4450,25JX07,25JX,Zuyd Hogeschool,Sittard-Geleen,2018,voltijd,hbo,ba,EER,realisatie,27.0,0.0,0.0,8.0,16.0,0.0,10.0,13.0,Limburg
4451,25JX07,25JX,Zuyd Hogeschool,Sittard-Geleen,2019,voltijd,hbo,ba,EER,realisatie,28.0,8.0,7.0,0.0,19.0,7.0,0.0,18.0,Limburg
4452,25JX07,25JX,Zuyd Hogeschool,Sittard-Geleen,2020,voltijd,hbo,ba,EER,realisatie,35.0,12.0,12.0,0.0,18.0,12.0,0.0,18.0,Limburg
4453,25JX07,25JX,Zuyd Hogeschool,Sittard-Geleen,2021,voltijd,hbo,ba,EER,realisatie,33.0,0.0,0.0,11.0,17.0,0.0,11.0,17.0,Limburg
4454,25JX07,25JX,Zuyd Hogeschool,Sittard-Geleen,2022,voltijd,hbo,ba,EER,realisatie,30.0,9.0,9.0,0.0,17.0,9.0,0.0,17.0,Limburg
4455,25JX07,25JX,Zuyd Hogeschool,Sittard-Geleen,2023,voltijd,hbo,ba,EER,realisatie,33.0,12.0,11.0,0.0,18.0,11.0,0.0,18.0,Limburg
4456,25JX07,25JX,Zuyd Hogeschool,Sittard-Geleen,2024,voltijd,hbo,ba,EER,realisatie,41.0,15.0,14.0,9.0,18.0,14.0,9.0,18.0,Limburg
4457,25JX07,25JX,Zuyd Hogeschool,Sittard-Geleen,2017,voltijd,hbo,ba,NL,realisatie,3230.0,791.0,692.0,573.0,1965.0,722.0,568.0,1940.0,Limburg
4458,25JX07,25JX,Zuyd Hogeschool,Sittard-Geleen,2018,voltijd,hbo,ba,NL,realisatie,3123.0,825.0,701.0,612.0,1810.0,739.0,620.0,1764.0,Limburg
4459,25JX07,25JX,Zuyd Hogeschool,Sittard-Geleen,2019,voltijd,hbo,ba,NL,realisatie,3099.0,828.0,723.0,615.0,1761.0,749.0,639.0,1711.0,Limburg
4460,25JX07,25JX,Zuyd Hogeschool,Sittard-Geleen,2020,voltijd,hbo,ba,NL,realisatie,3289.0,946.0,825.0,660.0,1804.0,863.0,672.0,1754.0,Limburg
4461,25JX07,25JX,Zuyd Hogeschool,Sittard-Geleen,2021,voltijd,hbo,ba,NL,realisatie,3227.0,783.0,696.0,718.0,1813.0,725.0,739.0,1763.0,Limburg
4462,25JX07,25JX,Zuyd Hogeschool,Sittard-Geleen,2022,voltijd,hbo,ba,NL,realisatie,3172.0,697.0,618.0,619.0,1935.0,641.0,634.0,1897.0,Limburg
4463,25JX07,25JX,Zuyd Hogeschool,Sittard-Geleen,2023,voltijd,hbo,ba,NL,realisatie,3120.0,736.0,611.0,625.0,1884.0,657.0,624.0,1839.0,Limburg
4464,25JX07,25JX,Zuyd Hogeschool,Sittard-Geleen,2024,voltijd,hbo,ba,NL,realisatie,3006.0,691.0,606.0,538.0,1862.0,638.0,567.0,1801.0,Limburg
4465,25JX07,25JX,Zuyd Hogeschool,Sittard-Geleen,2017,voltijd,hbo,ba,niet-EER,realisatie,0.0,0.0,0.0,0.0,0.0,0.0,0.0,0.0,Limburg
4466,25JX07,25JX,Zuyd Hogeschool,Sittard-Geleen,2018,voltijd,hbo,ba,niet-EER,realisatie,0.0,0.0,0.0,0.0,0.0,0.0,0.0,0.0,Limburg
4467,25JX07,25JX,Zuyd Hogeschool,Sittard-Geleen,2019,voltijd,hbo,ba,niet-EER,realisatie,0.0,0.0,0.0,0.0,0.0,0.0,0.0,0.0,Limburg
4468,25JX07,25JX,Zuyd Hogeschool,Sittard-Geleen,2020,voltijd,hbo,ba,niet-EER,realisatie,6.0,0.0,0.0,0.0,0.0,0.0,0.0,0.0,Limburg
4469,25JX07,25JX,Zuyd Hogeschool,Sittard-Geleen,2021,voltijd,hbo,ba,niet-EER,realisatie,0.0,0.0,0.0,0.0,0.0,0.0,0.0,0.0,Limburg
4470,25JX07,25JX,Zuyd Hogeschool,Sittard-Geleen,2022,voltijd,hbo,ba,niet-EER,realisatie,0.0,0.0,0.0,0.0,0.0,0.0,0.0,0.0,Limburg
4471,25JX07,25JX,Zuyd Hogeschool,Sittard-Geleen,2023,voltijd,hbo,ba,niet-EER,realisatie,10.0,0.0,0.0,0.0,0.0,0.0,0.0,0.0,Limburg
4472,25JX07,25JX,Zuyd Hogeschool,Sittard-Geleen,2024,voltijd,hbo,ba,niet-EER,realisatie,9.0,0.0,0.0,0.0,6.0,0.0,0.0,6.0,Limburg
4473,25JX13,25JX,Zuyd Hogeschool,Maastricht,2017,deeltijd,hbo,ba,EER,realisatie,22.0,8.0,0.0,10.0,7.0,6.0,10.0,6.0,Limburg
4474,25JX13,25JX,Zuyd Hogeschool,Maastricht,2018,deeltijd,hbo,ba,EER,realisatie,25.0,9.0,7.0,6.0,12.0,8.0,7.0,10.0,Limburg
4475,25JX13,25JX,Zuyd Hogeschool,Maastricht,2019,deeltijd,hbo,ba,EER,realisatie,25.0,9.0,9.0,7.0,9.0,9.0,8.0,8.0,Limburg
4476,25JX13,25JX,Zuyd Hogeschool,Maastricht,2020,deeltijd,hbo,ba,EER,realisatie,28.0,10.0,10.0,9.0,9.0,10.0,9.0,9.0,Limburg
4477,25JX13,25JX,Zuyd Hogeschool,Maastricht,2021,deeltijd,hbo,ba,EER,realisatie,25.0,0.0,0.0,10.0,11.0,0.0,10.0,10.0,Limburg
4478,25JX13,25JX,Zuyd Hogeschool,Maastricht,2022,deeltijd,hbo,ba,EER,realisatie,22.0,7.0,7.0,0.0,11.0,7.0,0.0,10.0,Limburg
4479,25JX13,25JX,Zuyd Hogeschool,Maastricht,2023,deeltijd,hbo,ba,EER,realisatie,18.0,7.0,7.0,6.0,0.0,7.0,6.0,0.0,Limburg
4480,25JX13,25JX,Zuyd Hogeschool,Maastricht,2024,deeltijd,hbo,ba,EER,realisatie,18.0,7.0,7.0,6.0,0.0,7.0,6.0,0.0,Limburg
4481,25JX13,25JX,Zuyd Hogeschool,Maastricht,2017,deeltijd,hbo,ba,NL,realisatie,11.0,7.0,0.0,0.0,11.0,0.0,0.0,8.0,Limburg
4482,25JX13,25JX,Zuyd Hogeschool,Maastricht,2018,deeltijd,hbo,ba,NL,realisatie,11.0,0.0,0.0,0.0,10.0,0.0,0.0,0.0,Limburg
4483,25JX13,25JX,Zuyd Hogeschool,Maastricht,2019,deeltijd,hbo,ba,NL,realisatie,10.0,0.0,0.0,0.0,9.0,0.0,0.0,8.0,Limburg
4484,25JX13,25JX,Zuyd Hogeschool,Maastricht,2020,deeltijd,hbo,ba,NL,realisatie,0.0,0.0,0.0,0.0,0.0,0.0,0.0,0.0,Limburg
4485,25JX13,25JX,Zuyd Hogeschool,Maastricht,2021,deeltijd,hbo,ba,NL,realisatie,9.0,0.0,0.0,0.0,8.0,0.0,0.0,6.0,Limburg
4486,25JX13,25JX,Zuyd Hogeschool,Maastricht,2022,deeltijd,hbo,ba,NL,realisatie,13.0,6.0,0.0,0.0,11.0,0.0,0.0,7.0,Limburg
4487,25JX13,25JX,Zuyd Hogeschool,Maastricht,2023,deeltijd,hbo,ba,NL,realisatie,15.0,0.0,0.0,0.0,14.0,0.0,0.0,12.0,Limburg
4488,25JX13,25JX,Zuyd Hogeschool,Maastricht,2024,deeltijd,hbo,ba,NL,realisatie,12.0,0.0,0.0,0.0,11.0,0.0,0.0,7.0,Limburg
4489,25JX13,25JX,Zuyd Hogeschool,Maastricht,2021,deeltijd,hbo,ba,niet-EER,realisatie,0.0,0.0,0.0,0.0,0.0,0.0,0.0,0.0,Limburg
4490,25JX13,25JX,Zuyd Hogeschool,Maastricht,2024,deeltijd,hbo,ba,niet-EER,realisatie,0.0,0.0,0.0,0.0,0.0,0.0,0.0,0.0,Limburg
4491,25JX13,25JX,Zuyd Hogeschool,Maastricht,2017,deeltijd,hbo,ma,EER,realisatie,0.0,0.0,0.0,0.0,0.0,0.0,0.0,0.0,Limburg
4492,25JX13,25JX,Zuyd Hogeschool,Maastricht,2018,deeltijd,hbo,ma,EER,realisatie,0.0,0.0,0.0,0.0,0.0,0.0,0.0,0.0,Limburg
4493,25JX13,25JX,Zuyd Hogeschool,Maastricht,2019,deeltijd,hbo,ma,EER,realisatie,0.0,0.0,0.0,0.0,0.0,0.0,0.0,0.0,Limburg
4494,25JX13,25JX,Zuyd Hogeschool,Maastricht,2023,deeltijd,hbo,ma,EER,realisatie,0.0,0.0,0.0,0.0,0.0,0.0,0.0,0.0,Limburg
4495,25JX13,25JX,Zuyd Hogeschool,Maastricht,2024,deeltijd,hbo,ma,EER,realisatie,0.0,0.0,0.0,0.0,0.0,0.0,0.0,0.0,Limburg
4496,25JX13,25JX,Zuyd Hogeschool,Maastricht,2017,deeltijd,hbo,ma,NL,realisatie,26.0,9.0,0.0,0.0,26.0,8.0,6.0,12.0,Limburg
4497,25JX13,25JX,Zuyd Hogeschool,Maastricht,2018,deeltijd,hbo,ma,NL,realisatie,28.0,8.0,0.0,0.0,28.0,7.0,0.0,17.0,Limburg
4498,25JX13,25JX,Zuyd Hogeschool,Maastricht,2019,deeltijd,hbo,ma,NL,realisatie,30.0,8.0,0.0,0.0,29.0,8.0,6.0,16.0,Limburg
4499,25JX13,25JX,Zuyd Hogeschool,Maastricht,2023,deeltijd,hbo,ma,NL,realisatie,25.0,25.0,0.0,0.0,18.0,25.0,0.0,0.0,Limburg
4500,25JX13,25JX,Zuyd Hogeschool,Maastricht,2024,deeltijd,hbo,ma,NL,realisatie,37.0,16.0,0.0,6.0,30.0,16.0,21.0,0.0,Limburg
4501,25JX13,25JX,Zuyd Hogeschool,Maastricht,2017,voltijd,hbo,ba,EER,realisatie,497.0,174.0,149.0,101.0,247.0,167.0,94.0,236.0,Limburg
4502,25JX13,25JX,Zuyd Hogeschool,Maastricht,2018,voltijd,hbo,ba,EER,realisatie,495.0,155.0,136.0,132.0,227.0,150.0,141.0,204.0,Limburg
4503,25JX13,25JX,Zuyd Hogeschool,Maastricht,2019,voltijd,hbo,ba,EER,realisatie,551.0,209.0,181.0,119.0,251.0,199.0,113.0,239.0,Limburg
4504,25JX13,25JX,Zuyd Hogeschool,Maastricht,2020,voltijd,hbo,ba,EER,realisatie,581.0,184.0,169.0,153.0,259.0,175.0,166.0,240.0,Limburg
4505,25JX13,25JX,Zuyd Hogeschool,Maastricht,2021,voltijd,hbo,ba,EER,realisatie,607.0,195.0,182.0,146.0,279.0,188.0,147.0,272.0,Limburg
4506,25JX13,25JX,Zuyd Hogeschool,Maastricht,2022,voltijd,hbo,ba,EER,realisatie,620.0,192.0,172.0,133.0,315.0,189.0,127.0,304.0,Limburg
4507,25JX13,25JX,Zuyd Hogeschool,Maastricht,2023,voltijd,hbo,ba,EER,realisatie,617.0,186.0,158.0,154.0,305.0,174.0,154.0,289.0,Limburg
4508,25JX13,25JX,Zuyd Hogeschool,Maastricht,2024,voltijd,hbo,ba,EER,realisatie,648.0,223.0,193.0,143.0,312.0,216.0,137.0,295.0,Limburg
4509,25JX13,25JX,Zuyd Hogeschool,Maastricht,2017,voltijd,hbo,ba,NL,realisatie,4097.0,1148.0,955.0,829.0,2313.0,992.0,850.0,2255.0,Limburg
4510,25JX13,25JX,Zuyd Hogeschool,Maastricht,2018,voltijd,hbo,ba,NL,realisatie,4067.0,1044.0,895.0,830.0,2342.0,928.0,847.0,2292.0,Limburg
4511,25JX13,25JX,Zuyd Hogeschool,Maastricht,2019,voltijd,hbo,ba,NL,realisatie,3963.0,893.0,749.0,811.0,2403.0,782.0,824.0,2357.0,Limburg
4512,25JX13,25JX,Zuyd Hogeschool,Maastricht,2020,voltijd,hbo,ba,NL,realisatie,4014.0,1022.0,833.0,786.0,2395.0,888.0,792.0,2334.0,Limburg
4513,25JX13,25JX,Zuyd Hogeschool,Maastricht,2021,voltijd,hbo,ba,NL,realisatie,3991.0,962.0,794.0,872.0,2325.0,837.0,896.0,2258.0,Limburg
4514,25JX13,25JX,Zuyd Hogeschool,Maastricht,2022,voltijd,hbo,ba,NL,realisatie,3800.0,893.0,745.0,763.0,2292.0,799.0,768.0,2233.0,Limburg
4515,25JX13,25JX,Zuyd Hogeschool,Maastricht,2023,voltijd,hbo,ba,NL,realisatie,3788.0,937.0,766.0,751.0,2271.0,817.0,765.0,2206.0,Limburg
4516,25JX13,25JX,Zuyd Hogeschool,Maastricht,2024,voltijd,hbo,ba,NL,realisatie,3856.0,932.0,782.0,773.0,2301.0,825.0,798.0,2233.0,Limburg
4517,25JX13,25JX,Zuyd Hogeschool,Maastricht,2017,voltijd,hbo,ba,niet-EER,realisatie,124.0,49.0,46.0,30.0,48.0,47.0,31.0,46.0,Limburg
4518,25JX13,25JX,Zuyd Hogeschool,Maastricht,2018,voltijd,hbo,ba,niet-EER,realisatie,135.0,50.0,43.0,37.0,55.0,47.0,35.0,53.0,Limburg
4519,25JX13,25JX,Zuyd Hogeschool,Maastricht,2019,voltijd,hbo,ba,niet-EER,realisatie,125.0,33.0,28.0,32.0,65.0,30.0,34.0,61.0,Limburg
4520,25JX13,25JX,Zuyd Hogeschool,Maastricht,2020,voltijd,hbo,ba,niet-EER,realisatie,114.0,36.0,34.0,19.0,61.0,35.0,21.0,58.0,Limburg
4521,25JX13,25JX,Zuyd Hogeschool,Maastricht,2021,voltijd,hbo,ba,niet-EER,realisatie,117.0,42.0,39.0,33.0,45.0,42.0,32.0,43.0,Limburg
4522,25JX13,25JX,Zuyd Hogeschool,Maastricht,2022,voltijd,hbo,ba,niet-EER,realisatie,129.0,45.0,42.0,30.0,57.0,45.0,31.0,53.0,Limburg
4523,25JX13,25JX,Zuyd Hogeschool,Maastricht,2023,voltijd,hbo,ba,niet-EER,realisatie,135.0,39.0,35.0,40.0,60.0,38.0,40.0,57.0,Limburg
4524,25JX13,25JX,Zuyd Hogeschool,Maastricht,2024,voltijd,hbo,ba,niet-EER,realisatie,148.0,60.0,47.0,39.0,62.0,57.0,34.0,57.0,Limburg
4525,25JX13,25JX,Zuyd Hogeschool,Maastricht,2017,voltijd,hbo,ma,EER,realisatie,134.0,62.0,30.0,43.0,61.0,59.0,59.0,16.0,Limburg
4526,25JX13,25JX,Zuyd Hogeschool,Maastricht,2018,voltijd,hbo,ma,EER,realisatie,139.0,68.0,43.0,33.0,63.0,66.0,52.0,21.0,Limburg
4527,25JX13,25JX,Zuyd Hogeschool,Maastricht,2019,voltijd,hbo,ma,EER,realisatie,130.0,50.0,27.0,41.0,62.0,50.0,57.0,23.0,Limburg
4528,25JX13,25JX,Zuyd Hogeschool,Maastricht,2020,voltijd,hbo,ma,EER,realisatie,136.0,58.0,36.0,34.0,66.0,54.0,47.0,35.0,Limburg
4529,25JX13,25JX,Zuyd Hogeschool,Maastricht,2021,voltijd,hbo,ma,EER,realisatie,134.0,63.0,43.0,37.0,54.0,61.0,50.0,23.0,Limburg
4530,25JX13,25JX,Zuyd Hogeschool,Maastricht,2022,voltijd,hbo,ma,EER,realisatie,130.0,59.0,40.0,42.0,48.0,58.0,56.0,16.0,Limburg
4531,25JX13,25JX,Zuyd Hogeschool,Maastricht,2023,voltijd,hbo,ma,EER,realisatie,146.0,73.0,43.0,43.0,60.0,70.0,54.0,22.0,Limburg
4532,25JX13,25JX,Zuyd Hogeschool,Maastricht,2024,voltijd,hbo,ma,EER,realisatie,154.0,71.0,47.0,47.0,60.0,69.0,65.0,20.0,Limburg
4533,25JX13,25JX,Zuyd Hogeschool,Maastricht,2017,voltijd,hbo,ma,NL,realisatie,24.0,8.0,0.0,0.0,21.0,8.0,13.0,0.0,Limburg
4534,25JX13,25JX,Zuyd Hogeschool,Maastricht,2018,voltijd,hbo,ma,NL,realisatie,29.0,19.0,0.0,0.0,27.0,19.0,7.0,0.0,Limburg
4535,25JX13,25JX,Zuyd Hogeschool,Maastricht,2019,voltijd,hbo,ma,NL,realisatie,32.0,13.0,0.0,0.0,28.0,12.0,16.0,0.0,Limburg
4536,25JX13,25JX,Zuyd Hogeschool,Maastricht,2020,voltijd,hbo,ma,NL,realisatie,72.0,49.0,0.0,0.0,67.0,23.0,17.0,32.0,Limburg
4537,25JX13,25JX,Zuyd Hogeschool,Maastricht,2021,voltijd,hbo,ma,NL,realisatie,75.0,32.0,0.0,0.0,68.0,29.0,19.0,27.0,Limburg
4538,25JX13,25JX,Zuyd Hogeschool,Maastricht,2022,voltijd,hbo,ma,NL,realisatie,82.0,32.0,0.0,6.0,75.0,30.0,23.0,29.0,Limburg
4539,25JX13,25JX,Zuyd Hogeschool,Maastricht,2023,voltijd,hbo,ma,NL,realisatie,74.0,24.0,0.0,0.0,70.0,23.0,23.0,28.0,Limburg
4540,25JX13,25JX,Zuyd Hogeschool,Maastricht,2024,voltijd,hbo,ma,NL,realisatie,66.0,17.0,0.0,0.0,60.0,16.0,18.0,32.0,Limburg
4541,25JX13,25JX,Zuyd Hogeschool,Maastricht,2017,voltijd,hbo,ma,niet-EER,realisatie,42.0,23.0,16.0,12.0,14.0,23.0,16.0,0.0,Limburg
4542,25JX13,25JX,Zuyd Hogeschool,Maastricht,2018,voltijd,hbo,ma,niet-EER,realisatie,50.0,27.0,15.0,19.0,16.0,27.0,21.0,0.0,Limburg
4543,25JX13,25JX,Zuyd Hogeschool,Maastricht,2019,voltijd,hbo,ma,niet-EER,realisatie,54.0,25.0,15.0,17.0,22.0,25.0,24.0,0.0,Limburg
4544,25JX13,25JX,Zuyd Hogeschool,Maastricht,2020,voltijd,hbo,ma,niet-EER,realisatie,49.0,22.0,14.0,15.0,20.0,22.0,20.0,7.0,Limburg
4545,25JX13,25JX,Zuyd Hogeschool,Maastricht,2021,voltijd,hbo,ma,niet-EER,realisatie,45.0,16.0,9.0,13.0,23.0,16.0,19.0,10.0,Limburg
4546,25JX13,25JX,Zuyd Hogeschool,Maastricht,2022,voltijd,hbo,ma,niet-EER,realisatie,33.0,15.0,9.0,11.0,13.0,15.0,15.0,0.0,Limburg
4547,25JX13,25JX,Zuyd Hogeschool,Maastricht,2023,voltijd,hbo,ma,niet-EER,realisatie,36.0,16.0,9.0,10.0,17.0,16.0,15.0,0.0,Limburg
4548,25JX13,25JX,Zuyd Hogeschool,Maastricht,2024,voltijd,hbo,ma,niet-EER,realisatie,36.0,18.0,10.0,12.0,14.0,17.0,16.0,0.0,Limburg
4549,25KB00,25KB,Hogeschool van Arnhem en Nijmegen,Arnhem,2017,deeltijd,hbo,ad,EER,realisatie,0.0,0.0,0.0,0.0,0.0,0.0,0.0,0.0,
4550,25KB00,25KB,Hogeschool van Arnhem en Nijmegen,Arnhem,2018,deeltijd,hbo,ad,EER,realisatie,0.0,0.0,0.0,0.0,0.0,0.0,0.0,0.0,
4551,25KB00,25KB,Hogeschool van Arnhem en Nijmegen,Arnhem,2019,deeltijd,hbo,ad,EER,realisatie,0.0,0.0,0.0,0.0,0.0,0.0,0.0,0.0,
4552,25KB00,25KB,Hogeschool van Arnhem en Nijmegen,Arnhem,2020,deeltijd,hbo,ad,EER,realisatie,0.0,0.0,0.0,0.0,0.0,0.0,0.0,0.0,
4553,25KB00,25KB,Hogeschool van Arnhem en Nijmegen,Arnhem,2021,deeltijd,hbo,ad,EER,realisatie,0.0,0.0,0.0,0.0,0.0,0.0,0.0,0.0,
4554,25KB00,25KB,Hogeschool van Arnhem en Nijmegen,Arnhem,2022,deeltijd,hbo,ad,EER,realisatie,6.0,0.0,0.0,0.0,0.0,0.0,0.0,0.0,
4555,25KB00,25KB,Hogeschool van Arnhem en Nijmegen,Arnhem,2023,deeltijd,hbo,ad,EER,realisatie,0.0,0.0,0.0,0.0,0.0,0.0,0.0,0.0,
4556,25KB00,25KB,Hogeschool van Arnhem en Nijmegen,Arnhem,2024,deeltijd,hbo,ad,EER,realisatie,0.0,0.0,0.0,0.0,0.0,0.0,0.0,0.0,
4557,25KB00,25KB,Hogeschool van Arnhem en Nijmegen,Arnhem,2017,deeltijd,hbo,ad,NL,realisatie,194.0,157.0,102.0,37.0,55.0,153.0,33.0,8.0,
4558,25KB00,25KB,Hogeschool van Arnhem en Nijmegen,Arnhem,2018,deeltijd,hbo,ad,NL,realisatie,274.0,180.0,101.0,83.0,90.0,178.0,82.0,14.0,
4559,25KB00,25KB,Hogeschool van Arnhem en Nijmegen,Arnhem,2019,deeltijd,hbo,ad,NL,realisatie,393.0,264.0,134.0,106.0,153.0,245.0,108.0,40.0,
4560,25KB00,25KB,Hogeschool van Arnhem en Nijmegen,Arnhem,2020,deeltijd,hbo,ad,NL,realisatie,493.0,279.0,143.0,125.0,225.0,266.0,164.0,63.0,
4561,25KB00,25KB,Hogeschool van Arnhem en Nijmegen,Arnhem,2021,deeltijd,hbo,ad,NL,realisatie,523.0,259.0,149.0,129.0,245.0,246.0,188.0,89.0,
4562,25KB00,25KB,Hogeschool van Arnhem en Nijmegen,Arnhem,2022,deeltijd,hbo,ad,NL,realisatie,514.0,259.0,141.0,136.0,237.0,246.0,169.0,99.0,
4563,25KB00,25KB,Hogeschool van Arnhem en Nijmegen,Arnhem,2023,deeltijd,hbo,ad,NL,realisatie,519.0,252.0,129.0,126.0,264.0,237.0,164.0,118.0,
4564,25KB00,25KB,Hogeschool van Arnhem en Nijmegen,Arnhem,2024,deeltijd,hbo,ad,NL,realisatie,489.0,240.0,123.0,116.0,250.0,223.0,154.0,112.0,
4565,25KB00,25KB,Hogeschool van Arnhem en Nijmegen,Arnhem,2018,deeltijd,hbo,ad,niet-EER,realisatie,0.0,0.0,0.0,0.0,0.0,0.0,0.0,0.0,
4566,25KB00,25KB,Hogeschool van Arnhem en Nijmegen,Arnhem,2019,deeltijd,hbo,ad,niet-EER,realisatie,0.0,0.0,0.0,0.0,0.0,0.0,0.0,0.0,
4567,25KB00,25KB,Hogeschool van Arnhem en Nijmegen,Arnhem,2020,deeltijd,hbo,ad,niet-EER,realisatie,0.0,0.0,0.0,0.0,0.0,0.0,0.0,0.0,
4568,25KB00,25KB,Hogeschool van Arnhem en Nijmegen,Arnhem,2021,deeltijd,hbo,ad,niet-EER,realisatie,0.0,0.0,0.0,0.0,0.0,0.0,0.0,0.0,
4569,25KB00,25KB,Hogeschool van Arnhem en Nijmegen,Arnhem,2022,deeltijd,hbo,ad,niet-EER,realisatie,0.0,0.0,0.0,0.0,0.0,0.0,0.0,0.0,
4570,25KB00,25KB,Hogeschool van Arnhem en Nijmegen,Arnhem,2023,deeltijd,hbo,ad,niet-EER,realisatie,0.0,0.0,0.0,0.0,0.0,0.0,0.0,0.0,
4571,25KB00,25KB,Hogeschool van Arnhem en Nijmegen,Arnhem,2024,deeltijd,hbo,ad,niet-EER,realisatie,0.0,0.0,0.0,0.0,0.0,0.0,0.0,0.0,
4572,25KB00,25KB,Hogeschool van Arnhem en Nijmegen,Arnhem,2017,deeltijd,hbo,ba,EER,realisatie,7.0,0.0,0.0,0.0,6.0,0.0,0.0,6.0,
4573,25KB00,25KB,Hogeschool van Arnhem en Nijmegen,Arnhem,2018,deeltijd,hbo,ba,EER,realisatie,8.0,0.0,0.0,0.0,0.0,0.0,0.0,0.0,
4574,25KB00,25KB,Hogeschool van Arnhem en Nijmegen,Arnhem,2019,deeltijd,hbo,ba,EER,realisatie,12.0,7.0,0.0,0.0,8.0,0.0,0.0,8.0,
4575,25KB00,25KB,Hogeschool van Arnhem en Nijmegen,Arnhem,2020,deeltijd,hbo,ba,EER,realisatie,10.0,0.0,0.0,0.0,7.0,0.0,0.0,7.0,
4576,25KB00,25KB,Hogeschool van Arnhem en Nijmegen,Arnhem,2021,deeltijd,hbo,ba,EER,realisatie,0.0,0.0,0.0,0.0,0.0,0.0,0.0,0.0,
4577,25KB00,25KB,Hogeschool van Arnhem en Nijmegen,Arnhem,2022,deeltijd,hbo,ba,EER,realisatie,0.0,0.0,0.0,0.0,0.0,0.0,0.0,0.0,
4578,25KB00,25KB,Hogeschool van Arnhem en Nijmegen,Arnhem,2023,deeltijd,hbo,ba,EER,realisatie,6.0,0.0,0.0,0.0,0.0,0.0,0.0,0.0,
4579,25KB00,25KB,Hogeschool van Arnhem en Nijmegen,Arnhem,2024,deeltijd,hbo,ba,EER,realisatie,9.0,0.0,0.0,0.0,0.0,0.0,0.0,0.0,
4580,25KB00,25KB,Hogeschool van Arnhem en Nijmegen,Arnhem,2017,deeltijd,hbo,ba,NL,realisatie,1334.0,371.0,168.0,175.0,991.0,195.0,193.0,946.0,
4581,25KB00,25KB,Hogeschool van Arnhem en Nijmegen,Arnhem,2018,deeltijd,hbo,ba,NL,realisatie,1308.0,396.0,176.0,178.0,954.0,215.0,194.0,899.0,
4582,25KB00,25KB,Hogeschool van Arnhem en Nijmegen,Arnhem,2019,deeltijd,hbo,ba,NL,realisatie,1327.0,444.0,214.0,170.0,943.0,258.0,196.0,873.0,
4583,25KB00,25KB,Hogeschool van Arnhem en Nijmegen,Arnhem,2020,deeltijd,hbo,ba,NL,realisatie,1316.0,374.0,170.0,190.0,956.0,219.0,232.0,865.0,
4584,25KB00,25KB,Hogeschool van Arnhem en Nijmegen,Arnhem,2021,deeltijd,hbo,ba,NL,realisatie,1441.0,450.0,201.0,188.0,1052.0,263.0,234.0,944.0,
4585,25KB00,25KB,Hogeschool van Arnhem en Nijmegen,Arnhem,2022,deeltijd,hbo,ba,NL,realisatie,1436.0,429.0,179.0,184.0,1073.0,231.0,243.0,962.0,
4586,25KB00,25KB,Hogeschool van Arnhem en Nijmegen,Arnhem,2023,deeltijd,hbo,ba,NL,realisatie,1341.0,414.0,167.0,167.0,1007.0,221.0,207.0,913.0,
4587,25KB00,25KB,Hogeschool van Arnhem en Nijmegen,Arnhem,2024,deeltijd,hbo,ba,NL,realisatie,1392.0,497.0,201.0,157.0,1034.0,270.0,207.0,915.0,
4588,25KB00,25KB,Hogeschool van Arnhem en Nijmegen,Arnhem,2017,deeltijd,hbo,ba,niet-EER,realisatie,0.0,0.0,0.0,0.0,0.0,0.0,0.0,0.0,
4589,25KB00,25KB,Hogeschool van Arnhem en Nijmegen,Arnhem,2018,deeltijd,hbo,ba,niet-EER,realisatie,0.0,0.0,0.0,0.0,0.0,0.0,0.0,0.0,
4590,25KB00,25KB,Hogeschool van Arnhem en Nijmegen,Arnhem,2019,deeltijd,hbo,ba,niet-EER,realisatie,0.0,0.0,0.0,0.0,0.0,0.0,0.0,0.0,
4591,25KB00,25KB,Hogeschool van Arnhem en Nijmegen,Arnhem,2020,deeltijd,hbo,ba,niet-EER,realisatie,0.0,0.0,0.0,0.0,0.0,0.0,0.0,0.0,
4592,25KB00,25KB,Hogeschool van Arnhem en Nijmegen,Arnhem,2021,deeltijd,hbo,ba,niet-EER,realisatie,0.0,0.0,0.0,0.0,0.0,0.0,0.0,0.0,
4593,25KB00,25KB,Hogeschool van Arnhem en Nijmegen,Arnhem,2022,deeltijd,hbo,ba,niet-EER,realisatie,0.0,0.0,0.0,0.0,0.0,0.0,0.0,0.0,
4594,25KB00,25KB,Hogeschool van Arnhem en Nijmegen,Arnhem,2023,deeltijd,hbo,ba,niet-EER,realisatie,8.0,7.0,0.0,0.0,0.0,6.0,0.0,0.0,
4595,25KB00,25KB,Hogeschool van Arnhem en Nijmegen,Arnhem,2024,deeltijd,hbo,ba,niet-EER,realisatie,0.0,0.0,0.0,0.0,0.0,0.0,0.0,0.0,
4596,25KB00,25KB,Hogeschool van Arnhem en Nijmegen,Arnhem,2017,deeltijd,hbo,ma,EER,realisatie,0.0,0.0,0.0,0.0,0.0,0.0,0.0,0.0,
4597,25KB00,25KB,Hogeschool van Arnhem en Nijmegen,Arnhem,2018,deeltijd,hbo,ma,EER,realisatie,0.0,0.0,0.0,0.0,0.0,0.0,0.0,0.0,
4598,25KB00,25KB,Hogeschool van Arnhem en Nijmegen,Arnhem,2019,deeltijd,hbo,ma,EER,realisatie,0.0,0.0,0.0,0.0,0.0,0.0,0.0,0.0,
4599,25KB00,25KB,Hogeschool van Arnhem en Nijmegen,Arnhem,2020,deeltijd,hbo,ma,EER,realisatie,0.0,0.0,0.0,0.0,0.0,0.0,0.0,0.0,
4600,25KB00,25KB,Hogeschool van Arnhem en Nijmegen,Arnhem,2021,deeltijd,hbo,ma,EER,realisatie,9.0,6.0,0.0,0.0,0.0,6.0,0.0,0.0,
4601,25KB00,25KB,Hogeschool van Arnhem en Nijmegen,Arnhem,2022,deeltijd,hbo,ma,EER,realisatie,11.0,0.0,0.0,0.0,8.0,0.0,0.0,0.0,
4602,25KB00,25KB,Hogeschool van Arnhem en Nijmegen,Arnhem,2023,deeltijd,hbo,ma,EER,realisatie,10.0,0.0,0.0,0.0,7.0,0.0,0.0,0.0,
4603,25KB00,25KB,Hogeschool van Arnhem en Nijmegen,Arnhem,2024,deeltijd,hbo,ma,EER,realisatie,13.0,0.0,0.0,0.0,10.0,0.0,0.0,9.0,
4604,25KB00,25KB,Hogeschool van Arnhem en Nijmegen,Arnhem,2017,deeltijd,hbo,ma,NL,realisatie,50.0,50.0,0.0,0.0,45.0,49.0,0.0,0.0,
4605,25KB00,25KB,Hogeschool van Arnhem en Nijmegen,Arnhem,2018,deeltijd,hbo,ma,NL,realisatie,57.0,27.0,0.0,0.0,52.0,27.0,30.0,0.0,
4606,25KB00,25KB,Hogeschool van Arnhem en Nijmegen,Arnhem,2019,deeltijd,hbo,ma,NL,realisatie,59.0,20.0,0.0,0.0,58.0,20.0,19.0,20.0,
4607,25KB00,25KB,Hogeschool van Arnhem en Nijmegen,Arnhem,2020,deeltijd,hbo,ma,NL,realisatie,80.0,41.0,0.0,0.0,78.0,39.0,15.0,26.0,
4608,25KB00,25KB,Hogeschool van Arnhem en Nijmegen,Arnhem,2021,deeltijd,hbo,ma,NL,realisatie,162.0,63.0,0.0,0.0,158.0,62.0,49.0,51.0,
4609,25KB00,25KB,Hogeschool van Arnhem en Nijmegen,Arnhem,2022,deeltijd,hbo,ma,NL,realisatie,158.0,63.0,0.0,0.0,155.0,61.0,47.0,50.0,
4610,25KB00,25KB,Hogeschool van Arnhem en Nijmegen,Arnhem,2023,deeltijd,hbo,ma,NL,realisatie,203.0,99.0,0.0,0.0,198.0,91.0,48.0,64.0,
4611,25KB00,25KB,Hogeschool van Arnhem en Nijmegen,Arnhem,2024,deeltijd,hbo,ma,NL,realisatie,209.0,90.0,0.0,0.0,204.0,88.0,68.0,53.0,
4612,25KB00,25KB,Hogeschool van Arnhem en Nijmegen,Arnhem,2018,deeltijd,hbo,ma,niet-EER,realisatie,0.0,0.0,0.0,0.0,0.0,0.0,0.0,0.0,
4613,25KB00,25KB,Hogeschool van Arnhem en Nijmegen,Arnhem,2019,deeltijd,hbo,ma,niet-EER,realisatie,0.0,0.0,0.0,0.0,0.0,0.0,0.0,0.0,
4614,25KB00,25KB,Hogeschool van Arnhem en Nijmegen,Arnhem,2020,deeltijd,hbo,ma,niet-EER,realisatie,0.0,0.0,0.0,0.0,0.0,0.0,0.0,0.0,
4615,25KB00,25KB,Hogeschool van Arnhem en Nijmegen,Arnhem,2021,deeltijd,hbo,ma,niet-EER,realisatie,0.0,0.0,0.0,0.0,0.0,0.0,0.0,0.0,
4616,25KB00,25KB,Hogeschool van Arnhem en Nijmegen,Arnhem,2022,deeltijd,hbo,ma,niet-EER,realisatie,0.0,0.0,0.0,0.0,0.0,0.0,0.0,0.0,
4617,25KB00,25KB,Hogeschool van Arnhem en Nijmegen,Arnhem,2023,deeltijd,hbo,ma,niet-EER,realisatie,6.0,0.0,0.0,0.0,0.0,0.0,0.0,0.0,
4618,25KB00,25KB,Hogeschool van Arnhem en Nijmegen,Arnhem,2024,deeltijd,hbo,ma,niet-EER,realisatie,7.0,0.0,0.0,0.0,0.0,0.0,0.0,0.0,
4619,25KB00,25KB,Hogeschool van Arnhem en Nijmegen,Arnhem,2019,voltijd,hbo,ad,EER,realisatie,0.0,0.0,0.0,0.0,0.0,0.0,0.0,0.0,
4620,25KB00,25KB,Hogeschool van Arnhem en Nijmegen,Arnhem,2020,voltijd,hbo,ad,EER,realisatie,0.0,0.0,0.0,0.0,0.0,0.0,0.0,0.0,
4621,25KB00,25KB,Hogeschool van Arnhem en Nijmegen,Arnhem,2021,voltijd,hbo,ad,EER,realisatie,0.0,0.0,0.0,0.0,0.0,0.0,0.0,0.0,
4622,25KB00,25KB,Hogeschool van Arnhem en Nijmegen,Arnhem,2022,voltijd,hbo,ad,EER,realisatie,0.0,0.0,0.0,0.0,0.0,0.0,0.0,0.0,
4623,25KB00,25KB,Hogeschool van Arnhem en Nijmegen,Arnhem,2023,voltijd,hbo,ad,EER,realisatie,0.0,0.0,0.0,0.0,0.0,0.0,0.0,0.0,
4624,25KB00,25KB,Hogeschool van Arnhem en Nijmegen,Arnhem,2024,voltijd,hbo,ad,EER,realisatie,0.0,0.0,0.0,0.0,0.0,0.0,0.0,0.0,
4625,25KB00,25KB,Hogeschool van Arnhem en Nijmegen,Arnhem,2017,voltijd,hbo,ad,NL,realisatie,43.0,31.0,16.0,8.0,19.0,31.0,0.0,9.0,
4626,25KB00,25KB,Hogeschool van Arnhem en Nijmegen,Arnhem,2018,voltijd,hbo,ad,NL,realisatie,102.0,88.0,41.0,24.0,37.0,88.0,10.0,0.0,
4627,25KB00,25KB,Hogeschool van Arnhem en Nijmegen,Arnhem,2019,voltijd,hbo,ad,NL,realisatie,145.0,96.0,48.0,49.0,48.0,90.0,47.0,8.0,
4628,25KB00,25KB,Hogeschool van Arnhem en Nijmegen,Arnhem,2020,voltijd,hbo,ad,NL,realisatie,205.0,120.0,69.0,49.0,87.0,117.0,59.0,29.0,
4629,25KB00,25KB,Hogeschool van Arnhem en Nijmegen,Arnhem,2021,voltijd,hbo,ad,NL,realisatie,217.0,108.0,49.0,62.0,106.0,101.0,70.0,46.0,
4630,25KB00,25KB,Hogeschool van Arnhem en Nijmegen,Arnhem,2022,voltijd,hbo,ad,NL,realisatie,204.0,102.0,47.0,53.0,104.0,92.0,62.0,50.0,
4631,25KB00,25KB,Hogeschool van Arnhem en Nijmegen,Arnhem,2023,voltijd,hbo,ad,NL,realisatie,230.0,141.0,55.0,43.0,132.0,122.0,56.0,52.0,
4632,25KB00,25KB,Hogeschool van Arnhem en Nijmegen,Arnhem,2024,voltijd,hbo,ad,NL,realisatie,264.0,155.0,56.0,65.0,143.0,151.0,69.0,44.0,
4633,25KB00,25KB,Hogeschool van Arnhem en Nijmegen,Arnhem,2017,voltijd,hbo,ba,EER,realisatie,322.0,90.0,84.0,82.0,156.0,87.0,81.0,154.0,
4634,25KB00,25KB,Hogeschool van Arnhem en Nijmegen,Arnhem,2018,voltijd,hbo,ba,EER,realisatie,340.0,108.0,96.0,73.0,171.0,101.0,71.0,168.0,
4635,25KB00,25KB,Hogeschool van Arnhem en Nijmegen,Arnhem,2019,voltijd,hbo,ba,EER,realisatie,363.0,112.0,103.0,75.0,185.0,110.0,76.0,177.0,
4636,25KB00,25KB,Hogeschool van Arnhem en Nijmegen,Arnhem,2020,voltijd,hbo,ba,EER,realisatie,370.0,102.0,94.0,86.0,190.0,97.0,89.0,184.0,
4637,25KB00,25KB,Hogeschool van Arnhem en Nijmegen,Arnhem,2021,voltijd,hbo,ba,EER,realisatie,369.0,97.0,95.0,76.0,198.0,97.0,77.0,195.0,
4638,25KB00,25KB,Hogeschool van Arnhem en Nijmegen,Arnhem,2022,voltijd,hbo,ba,EER,realisatie,422.0,158.0,152.0,69.0,201.0,152.0,71.0,199.0,
4639,25KB00,25KB,Hogeschool van Arnhem en Nijmegen,Arnhem,2023,voltijd,hbo,ba,EER,realisatie,453.0,138.0,131.0,118.0,204.0,136.0,114.0,203.0,
4640,25KB00,25KB,Hogeschool van Arnhem en Nijmegen,Arnhem,2024,voltijd,hbo,ba,EER,realisatie,637.0,198.0,181.0,137.0,319.0,190.0,145.0,302.0,
4641,25KB00,25KB,Hogeschool van Arnhem en Nijmegen,Arnhem,2017,voltijd,hbo,ba,NL,realisatie,8768.0,2175.0,1879.0,1650.0,5239.0,1935.0,1661.0,5172.0,
4642,25KB00,25KB,Hogeschool van Arnhem en Nijmegen,Arnhem,2018,voltijd,hbo,ba,NL,realisatie,7984.0,1926.0,1696.0,1458.0,4830.0,1751.0,1471.0,4762.0,
4643,25KB00,25KB,Hogeschool van Arnhem en Nijmegen,Arnhem,2019,voltijd,hbo,ba,NL,realisatie,7647.0,1745.0,1504.0,1458.0,4685.0,1568.0,1471.0,4608.0,
4644,25KB00,25KB,Hogeschool van Arnhem en Nijmegen,Arnhem,2020,voltijd,hbo,ba,NL,realisatie,7524.0,1819.0,1597.0,1313.0,4614.0,1635.0,1341.0,4548.0,
4645,25KB00,25KB,Hogeschool van Arnhem en Nijmegen,Arnhem,2021,voltijd,hbo,ba,NL,realisatie,7269.0,1617.0,1421.0,1411.0,4437.0,1470.0,1423.0,4376.0,
4646,25KB00,25KB,Hogeschool van Arnhem en Nijmegen,Arnhem,2022,voltijd,hbo,ba,NL,realisatie,6794.0,1475.0,1266.0,1189.0,4339.0,1339.0,1202.0,4253.0,
4647,25KB00,25KB,Hogeschool van Arnhem en Nijmegen,Arnhem,2023,voltijd,hbo,ba,NL,realisatie,6172.0,1305.0,1117.0,1012.0,4043.0,1171.0,1051.0,3950.0,
4648,25KB00,25KB,Hogeschool van Arnhem en Nijmegen,Arnhem,2024,voltijd,hbo,ba,NL,realisatie,6117.0,1392.0,1175.0,998.0,3944.0,1229.0,1034.0,3854.0,
4649,25KB00,25KB,Hogeschool van Arnhem en Nijmegen,Arnhem,2017,voltijd,hbo,ba,niet-EER,realisatie,505.0,188.0,179.0,114.0,212.0,180.0,117.0,208.0,
4650,25KB00,25KB,Hogeschool van Arnhem en Nijmegen,Arnhem,2018,voltijd,hbo,ba,niet-EER,realisatie,530.0,162.0,157.0,141.0,232.0,157.0,142.0,231.0,
4651,25KB00,25KB,Hogeschool van Arnhem en Nijmegen,Arnhem,2019,voltijd,hbo,ba,niet-EER,realisatie,518.0,135.0,127.0,122.0,269.0,130.0,120.0,268.0,
4652,25KB00,25KB,Hogeschool van Arnhem en Nijmegen,Arnhem,2020,voltijd,hbo,ba,niet-EER,realisatie,490.0,104.0,95.0,115.0,280.0,96.0,116.0,278.0,
4653,25KB00,25KB,Hogeschool van Arnhem en Nijmegen,Arnhem,2021,voltijd,hbo,ba,niet-EER,realisatie,463.0,113.0,104.0,78.0,281.0,107.0,78.0,278.0,
4654,25KB00,25KB,Hogeschool van Arnhem en Nijmegen,Arnhem,2022,voltijd,hbo,ba,niet-EER,realisatie,529.0,206.0,197.0,87.0,245.0,198.0,89.0,242.0,
4655,25KB00,25KB,Hogeschool van Arnhem en Nijmegen,Arnhem,2023,voltijd,hbo,ba,niet-EER,realisatie,584.0,217.0,206.0,129.0,249.0,208.0,129.0,247.0,
4656,25KB00,25KB,Hogeschool van Arnhem en Nijmegen,Arnhem,2024,voltijd,hbo,ba,niet-EER,realisatie,668.0,228.0,217.0,166.0,285.0,221.0,164.0,283.0,
4657,25KB00,25KB,Hogeschool van Arnhem en Nijmegen,Arnhem,2017,voltijd,hbo,ma,EER,realisatie,11.0,11.0,7.0,0.0,0.0,11.0,0.0,0.0,
4658,25KB00,25KB,Hogeschool van Arnhem en Nijmegen,Arnhem,2018,voltijd,hbo,ma,EER,realisatie,14.0,9.0,9.0,0.0,0.0,9.0,0.0,0.0,
4659,25KB00,25KB,Hogeschool van Arnhem en Nijmegen,Arnhem,2019,voltijd,hbo,ma,EER,realisatie,19.0,12.0,10.0,7.0,0.0,12.0,7.0,0.0,
4660,25KB00,25KB,Hogeschool van Arnhem en Nijmegen,Arnhem,2020,voltijd,hbo,ma,EER,realisatie,29.0,16.0,12.0,10.0,7.0,16.0,12.0,0.0,
4661,25KB00,25KB,Hogeschool van Arnhem en Nijmegen,Arnhem,2021,voltijd,hbo,ma,EER,realisatie,35.0,18.0,15.0,10.0,10.0,18.0,14.0,0.0,
4662,25KB00,25KB,Hogeschool van Arnhem en Nijmegen,Arnhem,2022,voltijd,hbo,ma,EER,realisatie,35.0,13.0,9.0,15.0,11.0,11.0,16.0,8.0,
4663,25KB00,25KB,Hogeschool van Arnhem en Nijmegen,Arnhem,2023,voltijd,hbo,ma,EER,realisatie,24.0,0.0,0.0,7.0,13.0,0.0,9.0,10.0,
4664,25KB00,25KB,Hogeschool van Arnhem en Nijmegen,Arnhem,2024,voltijd,hbo,ma,EER,realisatie,23.0,13.0,9.0,0.0,12.0,12.0,0.0,8.0,
4665,25KB00,25KB,Hogeschool van Arnhem en Nijmegen,Arnhem,2017,voltijd,hbo,ma,NL,realisatie,7.0,7.0,0.0,0.0,7.0,7.0,0.0,0.0,
4666,25KB00,25KB,Hogeschool van Arnhem en Nijmegen,Arnhem,2018,voltijd,hbo,ma,NL,realisatie,16.0,12.0,0.0,0.0,15.0,12.0,0.0,0.0,
4667,25KB00,25KB,Hogeschool van Arnhem en Nijmegen,Arnhem,2019,voltijd,hbo,ma,NL,realisatie,54.0,43.0,0.0,0.0,52.0,40.0,11.0,0.0,
4668,25KB00,25KB,Hogeschool van Arnhem en Nijmegen,Arnhem,2020,voltijd,hbo,ma,NL,realisatie,80.0,62.0,0.0,0.0,75.0,62.0,11.0,7.0,
4669,25KB00,25KB,Hogeschool van Arnhem en Nijmegen,Arnhem,2021,voltijd,hbo,ma,NL,realisatie,130.0,83.0,0.0,0.0,125.0,81.0,37.0,12.0,
4670,25KB00,25KB,Hogeschool van Arnhem en Nijmegen,Arnhem,2022,voltijd,hbo,ma,NL,realisatie,118.0,66.0,0.0,0.0,116.0,66.0,32.0,20.0,
4671,25KB00,25KB,Hogeschool van Arnhem en Nijmegen,Arnhem,2023,voltijd,hbo,ma,NL,realisatie,110.0,69.0,0.0,0.0,109.0,68.0,21.0,21.0,
4672,25KB00,25KB,Hogeschool van Arnhem en Nijmegen,Arnhem,2024,voltijd,hbo,ma,NL,realisatie,95.0,59.0,0.0,0.0,94.0,59.0,21.0,15.0,
4673,25KB00,25KB,Hogeschool van Arnhem en Nijmegen,Arnhem,2017,voltijd,hbo,ma,niet-EER,realisatie,94.0,94.0,92.0,0.0,0.0,94.0,0.0,0.0,
4674,25KB00,25KB,Hogeschool van Arnhem en Nijmegen,Arnhem,2018,voltijd,hbo,ma,niet-EER,realisatie,114.0,74.0,74.0,40.0,0.0,74.0,40.0,0.0,
4675,25KB00,25KB,Hogeschool van Arnhem en Nijmegen,Arnhem,2019,voltijd,hbo,ma,niet-EER,realisatie,155.0,71.0,67.0,73.0,15.0,68.0,73.0,14.0,
4676,25KB00,25KB,Hogeschool van Arnhem en Nijmegen,Arnhem,2020,voltijd,hbo,ma,niet-EER,realisatie,148.0,43.0,43.0,66.0,39.0,43.0,67.0,38.0,
4677,25KB00,25KB,Hogeschool van Arnhem en Nijmegen,Arnhem,2021,voltijd,hbo,ma,niet-EER,realisatie,135.0,65.0,60.0,34.0,41.0,64.0,34.0,37.0,
4678,25KB00,25KB,Hogeschool van Arnhem en Nijmegen,Arnhem,2022,voltijd,hbo,ma,niet-EER,realisatie,113.0,46.0,42.0,52.0,19.0,45.0,53.0,15.0,
4679,25KB00,25KB,Hogeschool van Arnhem en Nijmegen,Arnhem,2023,voltijd,hbo,ma,niet-EER,realisatie,88.0,32.0,31.0,32.0,25.0,31.0,35.0,22.0,
4680,25KB00,25KB,Hogeschool van Arnhem en Nijmegen,Arnhem,2024,voltijd,hbo,ma,niet-EER,realisatie,65.0,27.0,25.0,22.0,18.0,27.0,21.0,17.0,
4681,25KB01,25KB,Hogeschool van Arnhem en Nijmegen,Nijmegen,2018,deeltijd,hbo,ad,EER,realisatie,0.0,0.0,0.0,0.0,0.0,0.0,0.0,0.0,Gelderland
4682,25KB01,25KB,Hogeschool van Arnhem en Nijmegen,Nijmegen,2019,deeltijd,hbo,ad,EER,realisatie,0.0,0.0,0.0,0.0,0.0,0.0,0.0,0.0,Gelderland
4683,25KB01,25KB,Hogeschool van Arnhem en Nijmegen,Nijmegen,2021,deeltijd,hbo,ad,EER,realisatie,0.0,0.0,0.0,0.0,0.0,0.0,0.0,0.0,Gelderland
4684,25KB01,25KB,Hogeschool van Arnhem en Nijmegen,Nijmegen,2022,deeltijd,hbo,ad,EER,realisatie,0.0,0.0,0.0,0.0,0.0,0.0,0.0,0.0,Gelderland
4685,25KB01,25KB,Hogeschool van Arnhem en Nijmegen,Nijmegen,2024,deeltijd,hbo,ad,EER,realisatie,0.0,0.0,0.0,0.0,0.0,0.0,0.0,0.0,Gelderland
4686,25KB01,25KB,Hogeschool van Arnhem en Nijmegen,Nijmegen,2017,deeltijd,hbo,ad,NL,realisatie,32.0,21.0,9.0,8.0,15.0,19.0,11.0,0.0,Gelderland
4687,25KB01,25KB,Hogeschool van Arnhem en Nijmegen,Nijmegen,2018,deeltijd,hbo,ad,NL,realisatie,99.0,91.0,36.0,18.0,45.0,90.0,9.0,0.0,Gelderland
4688,25KB01,25KB,Hogeschool van Arnhem en Nijmegen,Nijmegen,2019,deeltijd,hbo,ad,NL,realisatie,168.0,129.0,59.0,37.0,72.0,127.0,38.0,0.0,Gelderland
4689,25KB01,25KB,Hogeschool van Arnhem en Nijmegen,Nijmegen,2020,deeltijd,hbo,ad,NL,realisatie,235.0,165.0,76.0,60.0,99.0,159.0,67.0,9.0,Gelderland
4690,25KB01,25KB,Hogeschool van Arnhem en Nijmegen,Nijmegen,2021,deeltijd,hbo,ad,NL,realisatie,336.0,224.0,101.0,79.0,156.0,217.0,94.0,25.0,Gelderland
4691,25KB01,25KB,Hogeschool van Arnhem en Nijmegen,Nijmegen,2022,deeltijd,hbo,ad,NL,realisatie,431.0,273.0,141.0,104.0,186.0,257.0,133.0,41.0,Gelderland
4692,25KB01,25KB,Hogeschool van Arnhem en Nijmegen,Nijmegen,2023,deeltijd,hbo,ad,NL,realisatie,540.0,329.0,175.0,128.0,237.0,309.0,169.0,62.0,Gelderland
4693,25KB01,25KB,Hogeschool van Arnhem en Nijmegen,Nijmegen,2024,deeltijd,hbo,ad,NL,realisatie,618.0,337.0,141.0,183.0,294.0,316.0,217.0,85.0,Gelderland
4694,25KB01,25KB,Hogeschool van Arnhem en Nijmegen,Nijmegen,2020,deeltijd,hbo,ad,niet-EER,realisatie,0.0,0.0,0.0,0.0,0.0,0.0,0.0,0.0,Gelderland
4695,25KB01,25KB,Hogeschool van Arnhem en Nijmegen,Nijmegen,2021,deeltijd,hbo,ad,niet-EER,realisatie,0.0,0.0,0.0,0.0,0.0,0.0,0.0,0.0,Gelderland
4696,25KB01,25KB,Hogeschool van Arnhem en Nijmegen,Nijmegen,2022,deeltijd,hbo,ad,niet-EER,realisatie,0.0,0.0,0.0,0.0,0.0,0.0,0.0,0.0,Gelderland
4697,25KB01,25KB,Hogeschool van Arnhem en Nijmegen,Nijmegen,2023,deeltijd,hbo,ad,niet-EER,realisatie,0.0,0.0,0.0,0.0,0.0,0.0,0.0,0.0,Gelderland
4698,25KB01,25KB,Hogeschool van Arnhem en Nijmegen,Nijmegen,2024,deeltijd,hbo,ad,niet-EER,realisatie,0.0,0.0,0.0,0.0,0.0,0.0,0.0,0.0,Gelderland
4699,25KB01,25KB,Hogeschool van Arnhem en Nijmegen,Nijmegen,2017,deeltijd,hbo,ba,EER,realisatie,215.0,14.0,0.0,6.0,204.0,6.0,6.0,203.0,Gelderland
4700,25KB01,25KB,Hogeschool van Arnhem en Nijmegen,Nijmegen,2018,deeltijd,hbo,ba,EER,realisatie,133.0,16.0,6.0,0.0,122.0,6.0,7.0,120.0,Gelderland
4701,25KB01,25KB,Hogeschool van Arnhem en Nijmegen,Nijmegen,2019,deeltijd,hbo,ba,EER,realisatie,60.0,7.0,0.0,6.0,51.0,0.0,6.0,51.0,Gelderland
4702,25KB01,25KB,Hogeschool van Arnhem en Nijmegen,Nijmegen,2020,deeltijd,hbo,ba,EER,realisatie,44.0,9.0,6.0,0.0,36.0,7.0,0.0,35.0,Gelderland
4703,25KB01,25KB,Hogeschool van Arnhem en Nijmegen,Nijmegen,2021,deeltijd,hbo,ba,EER,realisatie,42.0,12.0,6.0,6.0,30.0,6.0,7.0,29.0,Gelderland
4704,25KB01,25KB,Hogeschool van Arnhem en Nijmegen,Nijmegen,2022,deeltijd,hbo,ba,EER,realisatie,33.0,6.0,0.0,0.0,25.0,0.0,0.0,24.0,Gelderland
4705,25KB01,25KB,Hogeschool van Arnhem en Nijmegen,Nijmegen,2023,deeltijd,hbo,ba,EER,realisatie,30.0,9.0,0.0,0.0,22.0,8.0,0.0,18.0,Gelderland
4706,25KB01,25KB,Hogeschool van Arnhem en Nijmegen,Nijmegen,2024,deeltijd,hbo,ba,EER,realisatie,29.0,6.0,0.0,0.0,23.0,0.0,7.0,20.0,Gelderland
4707,25KB01,25KB,Hogeschool van Arnhem en Nijmegen,Nijmegen,2017,deeltijd,hbo,ba,NL,realisatie,2310.0,877.0,345.0,393.0,1572.0,414.0,471.0,1425.0,Gelderland
4708,25KB01,25KB,Hogeschool van Arnhem en Nijmegen,Nijmegen,2018,deeltijd,hbo,ba,NL,realisatie,2467.0,977.0,413.0,342.0,1712.0,469.0,407.0,1591.0,Gelderland
4709,25KB01,25KB,Hogeschool van Arnhem en Nijmegen,Nijmegen,2019,deeltijd,hbo,ba,NL,realisatie,2479.0,908.0,370.0,423.0,1686.0,450.0,461.0,1568.0,Gelderland
4710,25KB01,25KB,Hogeschool van Arnhem en Nijmegen,Nijmegen,2020,deeltijd,hbo,ba,NL,realisatie,2612.0,967.0,361.0,377.0,1874.0,431.0,444.0,1737.0,Gelderland
4711,25KB01,25KB,Hogeschool van Arnhem en Nijmegen,Nijmegen,2021,deeltijd,hbo,ba,NL,realisatie,2523.0,874.0,342.0,355.0,1826.0,422.0,406.0,1695.0,Gelderland
4712,25KB01,25KB,Hogeschool van Arnhem en Nijmegen,Nijmegen,2022,deeltijd,hbo,ba,NL,realisatie,2375.0,727.0,315.0,339.0,1721.0,382.0,404.0,1589.0,Gelderland
4713,25KB01,25KB,Hogeschool van Arnhem en Nijmegen,Nijmegen,2023,deeltijd,hbo,ba,NL,realisatie,2243.0,779.0,318.0,312.0,1613.0,376.0,379.0,1488.0,Gelderland
4714,25KB01,25KB,Hogeschool van Arnhem en Nijmegen,Nijmegen,2024,deeltijd,hbo,ba,NL,realisatie,2100.0,690.0,258.0,296.0,1546.0,315.0,354.0,1431.0,Gelderland
4715,25KB01,25KB,Hogeschool van Arnhem en Nijmegen,Nijmegen,2017,deeltijd,hbo,ba,niet-EER,realisatie,14.0,0.0,0.0,0.0,8.0,0.0,0.0,8.0,Gelderland
4716,25KB01,25KB,Hogeschool van Arnhem en Nijmegen,Nijmegen,2018,deeltijd,hbo,ba,niet-EER,realisatie,13.0,0.0,0.0,0.0,6.0,0.0,0.0,0.0,Gelderland
4717,25KB01,25KB,Hogeschool van Arnhem en Nijmegen,Nijmegen,2019,deeltijd,hbo,ba,niet-EER,realisatie,12.0,0.0,0.0,0.0,0.0,0.0,0.0,0.0,Gelderland
4718,25KB01,25KB,Hogeschool van Arnhem en Nijmegen,Nijmegen,2020,deeltijd,hbo,ba,niet-EER,realisatie,6.0,0.0,0.0,0.0,0.0,0.0,0.0,0.0,Gelderland
4719,25KB01,25KB,Hogeschool van Arnhem en Nijmegen,Nijmegen,2021,deeltijd,hbo,ba,niet-EER,realisatie,11.0,0.0,0.0,0.0,7.0,0.0,0.0,7.0,Gelderland
4720,25KB01,25KB,Hogeschool van Arnhem en Nijmegen,Nijmegen,2022,deeltijd,hbo,ba,niet-EER,realisatie,19.0,9.0,7.0,0.0,10.0,7.0,0.0,9.0,Gelderland
4721,25KB01,25KB,Hogeschool van Arnhem en Nijmegen,Nijmegen,2023,deeltijd,hbo,ba,niet-EER,realisatie,16.0,0.0,0.0,6.0,7.0,0.0,6.0,7.0,Gelderland
4722,25KB01,25KB,Hogeschool van Arnhem en Nijmegen,Nijmegen,2024,deeltijd,hbo,ba,niet-EER,realisatie,16.0,0.0,0.0,0.0,13.0,0.0,0.0,13.0,Gelderland
4723,25KB01,25KB,Hogeschool van Arnhem en Nijmegen,Nijmegen,2017,deeltijd,hbo,ma,EER,realisatie,0.0,0.0,0.0,0.0,0.0,0.0,0.0,0.0,Gelderland
4724,25KB01,25KB,Hogeschool van Arnhem en Nijmegen,Nijmegen,2018,deeltijd,hbo,ma,EER,realisatie,8.0,0.0,0.0,0.0,0.0,0.0,0.0,0.0,Gelderland
4725,25KB01,25KB,Hogeschool van Arnhem en Nijmegen,Nijmegen,2019,deeltijd,hbo,ma,EER,realisatie,16.0,12.0,0.0,0.0,10.0,12.0,0.0,0.0,Gelderland
4726,25KB01,25KB,Hogeschool van Arnhem en Nijmegen,Nijmegen,2020,deeltijd,hbo,ma,EER,realisatie,18.0,7.0,0.0,0.0,12.0,6.0,11.0,0.0,Gelderland
4727,25KB01,25KB,Hogeschool van Arnhem en Nijmegen,Nijmegen,2021,deeltijd,hbo,ma,EER,realisatie,17.0,9.0,7.0,0.0,8.0,9.0,0.0,0.0,Gelderland
4728,25KB01,25KB,Hogeschool van Arnhem en Nijmegen,Nijmegen,2022,deeltijd,hbo,ma,EER,realisatie,18.0,9.0,0.0,6.0,8.0,8.0,7.0,0.0,Gelderland
4729,25KB01,25KB,Hogeschool van Arnhem en Nijmegen,Nijmegen,2023,deeltijd,hbo,ma,EER,realisatie,15.0,0.0,0.0,0.0,9.0,0.0,7.0,0.0,Gelderland
4730,25KB01,25KB,Hogeschool van Arnhem en Nijmegen,Nijmegen,2024,deeltijd,hbo,ma,EER,realisatie,18.0,9.0,0.0,0.0,13.0,9.0,0.0,8.0,Gelderland
4731,25KB01,25KB,Hogeschool van Arnhem en Nijmegen,Nijmegen,2017,deeltijd,hbo,ma,NL,realisatie,180.0,62.0,0.0,0.0,178.0,53.0,36.0,91.0,Gelderland
4732,25KB01,25KB,Hogeschool van Arnhem en Nijmegen,Nijmegen,2018,deeltijd,hbo,ma,NL,realisatie,239.0,127.0,0.0,0.0,234.0,122.0,44.0,73.0,Gelderland
4733,25KB01,25KB,Hogeschool van Arnhem en Nijmegen,Nijmegen,2019,deeltijd,hbo,ma,NL,realisatie,321.0,186.0,10.0,0.0,307.0,173.0,83.0,65.0,Gelderland
4734,25KB01,25KB,Hogeschool van Arnhem en Nijmegen,Nijmegen,2020,deeltijd,hbo,ma,NL,realisatie,376.0,163.0,0.0,6.0,366.0,161.0,136.0,79.0,Gelderland
4735,25KB01,25KB,Hogeschool van Arnhem en Nijmegen,Nijmegen,2021,deeltijd,hbo,ma,NL,realisatie,350.0,159.0,0.0,6.0,340.0,153.0,122.0,75.0,Gelderland
4736,25KB01,25KB,Hogeschool van Arnhem en Nijmegen,Nijmegen,2022,deeltijd,hbo,ma,NL,realisatie,324.0,138.0,0.0,0.0,318.0,133.0,126.0,65.0,Gelderland
4737,25KB01,25KB,Hogeschool van Arnhem en Nijmegen,Nijmegen,2023,deeltijd,hbo,ma,NL,realisatie,272.0,105.0,0.0,0.0,270.0,97.0,100.0,75.0,Gelderland
4738,25KB01,25KB,Hogeschool van Arnhem en Nijmegen,Nijmegen,2024,deeltijd,hbo,ma,NL,realisatie,233.0,82.0,0.0,0.0,231.0,78.0,76.0,79.0,Gelderland
4739,25KB01,25KB,Hogeschool van Arnhem en Nijmegen,Nijmegen,2018,deeltijd,hbo,ma,niet-EER,realisatie,0.0,0.0,0.0,0.0,0.0,0.0,0.0,0.0,Gelderland
4740,25KB01,25KB,Hogeschool van Arnhem en Nijmegen,Nijmegen,2022,deeltijd,hbo,ma,niet-EER,realisatie,0.0,0.0,0.0,0.0,0.0,0.0,0.0,0.0,Gelderland
4741,25KB01,25KB,Hogeschool van Arnhem en Nijmegen,Nijmegen,2023,deeltijd,hbo,ma,niet-EER,realisatie,0.0,0.0,0.0,0.0,0.0,0.0,0.0,0.0,Gelderland
4742,25KB01,25KB,Hogeschool van Arnhem en Nijmegen,Nijmegen,2024,voltijd,hbo,ad,EER,realisatie,0.0,0.0,0.0,0.0,0.0,0.0,0.0,0.0,Gelderland
4743,25KB01,25KB,Hogeschool van Arnhem en Nijmegen,Nijmegen,2017,voltijd,hbo,ad,NL,realisatie,0.0,0.0,0.0,0.0,0.0,0.0,0.0,0.0,Gelderland
4744,25KB01,25KB,Hogeschool van Arnhem en Nijmegen,Nijmegen,2018,voltijd,hbo,ad,NL,realisatie,0.0,0.0,0.0,0.0,0.0,0.0,0.0,0.0,Gelderland
4745,25KB01,25KB,Hogeschool van Arnhem en Nijmegen,Nijmegen,2019,voltijd,hbo,ad,NL,realisatie,0.0,0.0,0.0,0.0,0.0,0.0,0.0,0.0,Gelderland
4746,25KB01,25KB,Hogeschool van Arnhem en Nijmegen,Nijmegen,2020,voltijd,hbo,ad,NL,realisatie,39.0,37.0,16.0,7.0,16.0,37.0,0.0,0.0,Gelderland
4747,25KB01,25KB,Hogeschool van Arnhem en Nijmegen,Nijmegen,2021,voltijd,hbo,ad,NL,realisatie,86.0,59.0,28.0,15.0,43.0,57.0,28.0,0.0,Gelderland
4748,25KB01,25KB,Hogeschool van Arnhem en Nijmegen,Nijmegen,2022,voltijd,hbo,ad,NL,realisatie,118.0,73.0,44.0,26.0,48.0,68.0,39.0,11.0,Gelderland
4749,25KB01,25KB,Hogeschool van Arnhem en Nijmegen,Nijmegen,2023,voltijd,hbo,ad,NL,realisatie,148.0,89.0,33.0,43.0,72.0,80.0,49.0,19.0,Gelderland
4750,25KB01,25KB,Hogeschool van Arnhem en Nijmegen,Nijmegen,2024,voltijd,hbo,ad,NL,realisatie,213.0,138.0,34.0,52.0,127.0,117.0,64.0,32.0,Gelderland
4751,25KB01,25KB,Hogeschool van Arnhem en Nijmegen,Nijmegen,2019,voltijd,hbo,ad,niet-EER,realisatie,0.0,0.0,0.0,0.0,0.0,0.0,0.0,0.0,Gelderland
4752,25KB01,25KB,Hogeschool van Arnhem en Nijmegen,Nijmegen,2022,voltijd,hbo,ad,niet-EER,realisatie,0.0,0.0,0.0,0.0,0.0,0.0,0.0,0.0,Gelderland
4753,25KB01,25KB,Hogeschool van Arnhem en Nijmegen,Nijmegen,2023,voltijd,hbo,ad,niet-EER,realisatie,0.0,0.0,0.0,0.0,0.0,0.0,0.0,0.0,Gelderland
4754,25KB01,25KB,Hogeschool van Arnhem en Nijmegen,Nijmegen,2024,voltijd,hbo,ad,niet-EER,realisatie,0.0,0.0,0.0,0.0,0.0,0.0,0.0,0.0,Gelderland
4755,25KB01,25KB,Hogeschool van Arnhem en Nijmegen,Nijmegen,2017,voltijd,hbo,ba,EER,realisatie,534.0,88.0,83.0,154.0,297.0,87.0,150.0,297.0,Gelderland
4756,25KB01,25KB,Hogeschool van Arnhem en Nijmegen,Nijmegen,2018,voltijd,hbo,ba,EER,realisatie,454.0,68.0,59.0,63.0,332.0,63.0,63.0,328.0,Gelderland
4757,25KB01,25KB,Hogeschool van Arnhem en Nijmegen,Nijmegen,2019,voltijd,hbo,ba,EER,realisatie,381.0,83.0,75.0,44.0,262.0,79.0,44.0,258.0,Gelderland
4758,25KB01,25KB,Hogeschool van Arnhem en Nijmegen,Nijmegen,2020,voltijd,hbo,ba,EER,realisatie,331.0,108.0,94.0,67.0,170.0,98.0,69.0,164.0,Gelderland
4759,25KB01,25KB,Hogeschool van Arnhem en Nijmegen,Nijmegen,2021,voltijd,hbo,ba,EER,realisatie,343.0,127.0,113.0,75.0,155.0,121.0,74.0,148.0,Gelderland
4760,25KB01,25KB,Hogeschool van Arnhem en Nijmegen,Nijmegen,2022,voltijd,hbo,ba,EER,realisatie,411.0,161.0,146.0,96.0,169.0,156.0,95.0,160.0,Gelderland
4761,25KB01,25KB,Hogeschool van Arnhem en Nijmegen,Nijmegen,2023,voltijd,hbo,ba,EER,realisatie,435.0,150.0,132.0,125.0,178.0,144.0,122.0,169.0,Gelderland
4762,25KB01,25KB,Hogeschool van Arnhem en Nijmegen,Nijmegen,2024,voltijd,hbo,ba,EER,realisatie,359.0,123.0,115.0,76.0,168.0,120.0,74.0,165.0,Gelderland
4763,25KB01,25KB,Hogeschool van Arnhem en Nijmegen,Nijmegen,2017,voltijd,hbo,ba,NL,realisatie,19317.0,4980.0,4270.0,3743.0,11304.0,4426.0,3861.0,11030.0,Gelderland
4764,25KB01,25KB,Hogeschool van Arnhem en Nijmegen,Nijmegen,2018,voltijd,hbo,ba,NL,realisatie,20277.0,5422.0,4634.0,3946.0,11697.0,4828.0,3979.0,11470.0,Gelderland
4765,25KB01,25KB,Hogeschool van Arnhem en Nijmegen,Nijmegen,2019,voltijd,hbo,ba,NL,realisatie,20515.0,5287.0,4537.0,4117.0,11861.0,4744.0,4172.0,11599.0,Gelderland
4766,25KB01,25KB,Hogeschool van Arnhem en Nijmegen,Nijmegen,2020,voltijd,hbo,ba,NL,realisatie,21793.0,5974.0,5236.0,4316.0,12241.0,5420.0,4413.0,11960.0,Gelderland
4767,25KB01,25KB,Hogeschool van Arnhem en Nijmegen,Nijmegen,2021,voltijd,hbo,ba,NL,realisatie,21863.0,5282.0,4634.0,4794.0,12435.0,4844.0,4861.0,12158.0,Gelderland
4768,25KB01,25KB,Hogeschool van Arnhem en Nijmegen,Nijmegen,2022,voltijd,hbo,ba,NL,realisatie,21521.0,5095.0,4409.0,4204.0,12908.0,4649.0,4252.0,12620.0,Gelderland
4769,25KB01,25KB,Hogeschool van Arnhem en Nijmegen,Nijmegen,2023,voltijd,hbo,ba,NL,realisatie,20535.0,4945.0,4203.0,3809.0,12523.0,4476.0,3862.0,12197.0,Gelderland
4770,25KB01,25KB,Hogeschool van Arnhem en Nijmegen,Nijmegen,2024,voltijd,hbo,ba,NL,realisatie,19716.0,5007.0,4253.0,3621.0,11842.0,4475.0,3727.0,11514.0,Gelderland
4771,25KB01,25KB,Hogeschool van Arnhem en Nijmegen,Nijmegen,2017,voltijd,hbo,ba,niet-EER,realisatie,95.0,38.0,36.0,18.0,41.0,38.0,18.0,39.0,Gelderland
4772,25KB01,25KB,Hogeschool van Arnhem en Nijmegen,Nijmegen,2018,voltijd,hbo,ba,niet-EER,realisatie,79.0,25.0,22.0,23.0,34.0,23.0,24.0,32.0,Gelderland
4773,25KB01,25KB,Hogeschool van Arnhem en Nijmegen,Nijmegen,2019,voltijd,hbo,ba,niet-EER,realisatie,95.0,36.0,32.0,20.0,43.0,34.0,18.0,43.0,Gelderland
4774,25KB01,25KB,Hogeschool van Arnhem en Nijmegen,Nijmegen,2020,voltijd,hbo,ba,niet-EER,realisatie,109.0,38.0,37.0,23.0,49.0,38.0,24.0,47.0,Gelderland
4775,25KB01,25KB,Hogeschool van Arnhem en Nijmegen,Nijmegen,2021,voltijd,hbo,ba,niet-EER,realisatie,126.0,44.0,41.0,30.0,55.0,42.0,31.0,53.0,Gelderland
4776,25KB01,25KB,Hogeschool van Arnhem en Nijmegen,Nijmegen,2022,voltijd,hbo,ba,niet-EER,realisatie,155.0,56.0,55.0,39.0,61.0,56.0,39.0,60.0,Gelderland
4777,25KB01,25KB,Hogeschool van Arnhem en Nijmegen,Nijmegen,2023,voltijd,hbo,ba,niet-EER,realisatie,180.0,71.0,65.0,39.0,76.0,67.0,39.0,74.0,Gelderland
4778,25KB01,25KB,Hogeschool van Arnhem en Nijmegen,Nijmegen,2024,voltijd,hbo,ba,niet-EER,realisatie,170.0,59.0,57.0,33.0,80.0,59.0,34.0,77.0,Gelderland
4779,25KB01,25KB,Hogeschool van Arnhem en Nijmegen,Nijmegen,2017,voltijd,hbo,ma,EER,realisatie,0.0,0.0,0.0,0.0,0.0,0.0,0.0,0.0,Gelderland
4780,25KB01,25KB,Hogeschool van Arnhem en Nijmegen,Nijmegen,2018,voltijd,hbo,ma,EER,realisatie,8.0,7.0,0.0,0.0,0.0,6.0,0.0,0.0,Gelderland
4781,25KB01,25KB,Hogeschool van Arnhem en Nijmegen,Nijmegen,2019,voltijd,hbo,ma,EER,realisatie,12.0,6.0,0.0,0.0,0.0,6.0,0.0,0.0,Gelderland
4782,25KB01,25KB,Hogeschool van Arnhem en Nijmegen,Nijmegen,2020,voltijd,hbo,ma,EER,realisatie,15.0,0.0,0.0,0.0,8.0,0.0,6.0,6.0,Gelderland
4783,25KB01,25KB,Hogeschool van Arnhem en Nijmegen,Nijmegen,2021,voltijd,hbo,ma,EER,realisatie,10.0,0.0,0.0,0.0,7.0,0.0,0.0,6.0,Gelderland
4784,25KB01,25KB,Hogeschool van Arnhem en Nijmegen,Nijmegen,2022,voltijd,hbo,ma,EER,realisatie,6.0,0.0,0.0,0.0,0.0,0.0,0.0,0.0,Gelderland
4785,25KB01,25KB,Hogeschool van Arnhem en Nijmegen,Nijmegen,2023,voltijd,hbo,ma,EER,realisatie,0.0,0.0,0.0,0.0,0.0,0.0,0.0,0.0,Gelderland
4786,25KB01,25KB,Hogeschool van Arnhem en Nijmegen,Nijmegen,2024,voltijd,hbo,ma,EER,realisatie,8.0,0.0,0.0,0.0,0.0,0.0,0.0,0.0,Gelderland
4787,25KB01,25KB,Hogeschool van Arnhem en Nijmegen,Nijmegen,2017,voltijd,hbo,ma,NL,realisatie,422.0,190.0,13.0,22.0,387.0,178.0,119.0,125.0,Gelderland
4788,25KB01,25KB,Hogeschool van Arnhem en Nijmegen,Nijmegen,2018,voltijd,hbo,ma,NL,realisatie,520.0,205.0,13.0,14.0,493.0,192.0,163.0,165.0,Gelderland
4789,25KB01,25KB,Hogeschool van Arnhem en Nijmegen,Nijmegen,2019,voltijd,hbo,ma,NL,realisatie,573.0,223.0,15.0,15.0,543.0,211.0,166.0,196.0,Gelderland
4790,25KB01,25KB,Hogeschool van Arnhem en Nijmegen,Nijmegen,2020,voltijd,hbo,ma,NL,realisatie,628.0,228.0,8.0,15.0,605.0,213.0,193.0,222.0,Gelderland
4791,25KB01,25KB,Hogeschool van Arnhem en Nijmegen,Nijmegen,2021,voltijd,hbo,ma,NL,realisatie,593.0,196.0,9.0,9.0,575.0,183.0,168.0,242.0,Gelderland
4792,25KB01,25KB,Hogeschool van Arnhem en Nijmegen,Nijmegen,2022,voltijd,hbo,ma,NL,realisatie,575.0,201.0,13.0,10.0,552.0,195.0,164.0,216.0,Gelderland
4793,25KB01,25KB,Hogeschool van Arnhem en Nijmegen,Nijmegen,2023,voltijd,hbo,ma,NL,realisatie,564.0,185.0,17.0,14.0,533.0,177.0,183.0,204.0,Gelderland
4794,25KB01,25KB,Hogeschool van Arnhem en Nijmegen,Nijmegen,2024,voltijd,hbo,ma,NL,realisatie,549.0,187.0,8.0,19.0,522.0,177.0,169.0,203.0,Gelderland
4795,25KB01,25KB,Hogeschool van Arnhem en Nijmegen,Nijmegen,2017,voltijd,hbo,ma,niet-EER,realisatie,0.0,0.0,0.0,0.0,0.0,0.0,0.0,0.0,Gelderland
4796,25KB01,25KB,Hogeschool van Arnhem en Nijmegen,Nijmegen,2018,voltijd,hbo,ma,niet-EER,realisatie,0.0,0.0,0.0,0.0,0.0,0.0,0.0,0.0,Gelderland
4797,25KB01,25KB,Hogeschool van Arnhem en Nijmegen,Nijmegen,2019,voltijd,hbo,ma,niet-EER,realisatie,0.0,0.0,0.0,0.0,0.0,0.0,0.0,0.0,Gelderland
4798,25KB01,25KB,Hogeschool van Arnhem en Nijmegen,Nijmegen,2020,voltijd,hbo,ma,niet-EER,realisatie,0.0,0.0,0.0,0.0,0.0,0.0,0.0,0.0,Gelderland
4799,25KB01,25KB,Hogeschool van Arnhem en Nijmegen,Nijmegen,2021,voltijd,hbo,ma,niet-EER,realisatie,0.0,0.0,0.0,0.0,0.0,0.0,0.0,0.0,Gelderland
4800,25KB01,25KB,Hogeschool van Arnhem en Nijmegen,Nijmegen,2022,voltijd,hbo,ma,niet-EER,realisatie,6.0,0.0,0.0,0.0,0.0,0.0,0.0,0.0,Gelderland
4801,25KB01,25KB,Hogeschool van Arnhem en Nijmegen,Nijmegen,2023,voltijd,hbo,ma,niet-EER,realisatie,7.0,0.0,0.0,0.0,0.0,0.0,0.0,0.0,Gelderland
4802,25KB01,25KB,Hogeschool van Arnhem en Nijmegen,Nijmegen,2024,voltijd,hbo,ma,niet-EER,realisatie,6.0,0.0,0.0,0.0,0.0,0.0,0.0,0.0,Gelderland
4803,27NF01,27NF,ArtEZ,Arnhem,2017,deeltijd,hbo,ba,EER,realisatie,0.0,0.0,0.0,0.0,0.0,0.0,0.0,0.0,
4804,27NF01,27NF,ArtEZ,Arnhem,2018,deeltijd,hbo,ba,EER,realisatie,0.0,0.0,0.0,0.0,0.0,0.0,0.0,0.0,
4805,27NF01,27NF,ArtEZ,Arnhem,2019,deeltijd,hbo,ba,EER,realisatie,0.0,0.0,0.0,0.0,0.0,0.0,0.0,0.0,
4806,27NF01,27NF,ArtEZ,Arnhem,2020,deeltijd,hbo,ba,EER,realisatie,0.0,0.0,0.0,0.0,0.0,0.0,0.0,0.0,
4807,27NF01,27NF,ArtEZ,Arnhem,2021,deeltijd,hbo,ba,EER,realisatie,0.0,0.0,0.0,0.0,0.0,0.0,0.0,0.0,
4808,27NF01,27NF,ArtEZ,Arnhem,2022,deeltijd,hbo,ba,EER,realisatie,0.0,0.0,0.0,0.0,0.0,0.0,0.0,0.0,
4809,27NF01,27NF,ArtEZ,Arnhem,2023,deeltijd,hbo,ba,EER,realisatie,0.0,0.0,0.0,0.0,0.0,0.0,0.0,0.0,
4810,27NF01,27NF,ArtEZ,Arnhem,2024,deeltijd,hbo,ba,EER,realisatie,0.0,0.0,0.0,0.0,0.0,0.0,0.0,0.0,
4811,27NF01,27NF,ArtEZ,Arnhem,2017,deeltijd,hbo,ba,NL,realisatie,72.0,30.0,0.0,0.0,64.0,7.0,6.0,59.0,
4812,27NF01,27NF,ArtEZ,Arnhem,2018,deeltijd,hbo,ba,NL,realisatie,75.0,24.0,0.0,0.0,66.0,7.0,6.0,62.0,
4813,27NF01,27NF,ArtEZ,Arnhem,2019,deeltijd,hbo,ba,NL,realisatie,86.0,34.0,0.0,0.0,78.0,7.0,8.0,71.0,
4814,27NF01,27NF,ArtEZ,Arnhem,2020,deeltijd,hbo,ba,NL,realisatie,82.0,26.0,0.0,6.0,72.0,9.0,8.0,65.0,
4815,27NF01,27NF,ArtEZ,Arnhem,2021,deeltijd,hbo,ba,NL,realisatie,93.0,30.0,6.0,6.0,81.0,10.0,11.0,72.0,
4816,27NF01,27NF,ArtEZ,Arnhem,2022,deeltijd,hbo,ba,NL,realisatie,86.0,31.0,0.0,8.0,76.0,0.0,10.0,72.0,
4817,27NF01,27NF,ArtEZ,Arnhem,2023,deeltijd,hbo,ba,NL,realisatie,97.0,35.0,0.0,0.0,92.0,9.0,0.0,84.0,
4818,27NF01,27NF,ArtEZ,Arnhem,2024,deeltijd,hbo,ba,NL,realisatie,98.0,37.0,0.0,7.0,88.0,7.0,11.0,80.0,
4819,27NF01,27NF,ArtEZ,Arnhem,2019,deeltijd,hbo,ba,niet-EER,realisatie,0.0,0.0,0.0,0.0,0.0,0.0,0.0,0.0,
4820,27NF01,27NF,ArtEZ,Arnhem,2020,deeltijd,hbo,ba,niet-EER,realisatie,0.0,0.0,0.0,0.0,0.0,0.0,0.0,0.0,
4821,27NF01,27NF,ArtEZ,Arnhem,2017,deeltijd,hbo,ma,NL,realisatie,67.0,19.0,0.0,0.0,63.0,16.0,16.0,35.0,
4822,27NF01,27NF,ArtEZ,Arnhem,2018,deeltijd,hbo,ma,NL,realisatie,71.0,17.0,0.0,0.0,70.0,12.0,12.0,47.0,
4823,27NF01,27NF,ArtEZ,Arnhem,2019,deeltijd,hbo,ma,NL,realisatie,78.0,22.0,0.0,0.0,76.0,15.0,14.0,49.0,
4824,27NF01,27NF,ArtEZ,Arnhem,2020,deeltijd,hbo,ma,NL,realisatie,80.0,16.0,0.0,0.0,79.0,16.0,14.0,50.0,
4825,27NF01,27NF,ArtEZ,Arnhem,2021,deeltijd,hbo,ma,NL,realisatie,78.0,15.0,0.0,0.0,76.0,12.0,13.0,53.0,
4826,27NF01,27NF,ArtEZ,Arnhem,2022,deeltijd,hbo,ma,NL,realisatie,82.0,21.0,0.0,0.0,80.0,15.0,10.0,57.0,
4827,27NF01,27NF,ArtEZ,Arnhem,2023,deeltijd,hbo,ma,NL,realisatie,84.0,17.0,0.0,0.0,83.0,16.0,11.0,57.0,
4828,27NF01,27NF,ArtEZ,Arnhem,2024,deeltijd,hbo,ma,NL,realisatie,91.0,19.0,0.0,0.0,90.0,18.0,14.0,59.0,
4829,27NF01,27NF,ArtEZ,Arnhem,2020,deeltijd,hbo,ma,niet-EER,realisatie,0.0,0.0,0.0,0.0,0.0,0.0,0.0,0.0,
4830,27NF01,27NF,ArtEZ,Arnhem,2021,deeltijd,hbo,ma,niet-EER,realisatie,0.0,0.0,0.0,0.0,0.0,0.0,0.0,0.0,
4831,27NF01,27NF,ArtEZ,Arnhem,2022,deeltijd,hbo,ma,niet-EER,realisatie,0.0,0.0,0.0,0.0,0.0,0.0,0.0,0.0,
4832,27NF01,27NF,ArtEZ,Arnhem,2023,deeltijd,hbo,ma,niet-EER,realisatie,0.0,0.0,0.0,0.0,0.0,0.0,0.0,0.0,
4833,27NF01,27NF,ArtEZ,Arnhem,2024,deeltijd,hbo,ma,niet-EER,realisatie,0.0,0.0,0.0,0.0,0.0,0.0,0.0,0.0,
4834,27NF01,27NF,ArtEZ,Arnhem,2017,voltijd,hbo,ba,EER,realisatie,178.0,58.0,57.0,38.0,83.0,58.0,38.0,82.0,
4835,27NF01,27NF,ArtEZ,Arnhem,2018,voltijd,hbo,ba,EER,realisatie,198.0,71.0,71.0,48.0,79.0,71.0,48.0,79.0,
4836,27NF01,27NF,ArtEZ,Arnhem,2019,voltijd,hbo,ba,EER,realisatie,198.0,57.0,54.0,60.0,84.0,54.0,60.0,84.0,
4837,27NF01,27NF,ArtEZ,Arnhem,2020,voltijd,hbo,ba,EER,realisatie,222.0,71.0,67.0,47.0,108.0,67.0,47.0,108.0,
4838,27NF01,27NF,ArtEZ,Arnhem,2021,voltijd,hbo,ba,EER,realisatie,252.0,83.0,81.0,66.0,105.0,81.0,66.0,105.0,
4839,27NF01,27NF,ArtEZ,Arnhem,2022,voltijd,hbo,ba,EER,realisatie,270.0,95.0,89.0,73.0,108.0,94.0,71.0,105.0,
4840,27NF01,27NF,ArtEZ,Arnhem,2023,voltijd,hbo,ba,EER,realisatie,288.0,87.0,84.0,76.0,128.0,85.0,79.0,124.0,
4841,27NF01,27NF,ArtEZ,Arnhem,2024,voltijd,hbo,ba,EER,realisatie,299.0,74.0,72.0,73.0,154.0,73.0,73.0,153.0,
4842,27NF01,27NF,ArtEZ,Arnhem,2017,voltijd,hbo,ba,NL,realisatie,888.0,244.0,203.0,175.0,510.0,216.0,176.0,496.0,
4843,27NF01,27NF,ArtEZ,Arnhem,2018,voltijd,hbo,ba,NL,realisatie,868.0,239.0,194.0,178.0,496.0,208.0,185.0,475.0,
4844,27NF01,27NF,ArtEZ,Arnhem,2019,voltijd,hbo,ba,NL,realisatie,853.0,225.0,193.0,177.0,483.0,206.0,185.0,462.0,
4845,27NF01,27NF,ArtEZ,Arnhem,2020,voltijd,hbo,ba,NL,realisatie,884.0,203.0,178.0,180.0,526.0,186.0,189.0,509.0,
4846,27NF01,27NF,ArtEZ,Arnhem,2021,voltijd,hbo,ba,NL,realisatie,852.0,194.0,164.0,188.0,500.0,176.0,191.0,485.0,
4847,27NF01,27NF,ArtEZ,Arnhem,2022,voltijd,hbo,ba,NL,realisatie,813.0,176.0,148.0,164.0,501.0,158.0,173.0,482.0,
4848,27NF01,27NF,ArtEZ,Arnhem,2023,voltijd,hbo,ba,NL,realisatie,775.0,191.0,148.0,157.0,470.0,167.0,157.0,451.0,
4849,27NF01,27NF,ArtEZ,Arnhem,2024,voltijd,hbo,ba,NL,realisatie,758.0,196.0,161.0,138.0,459.0,173.0,150.0,435.0,
4850,27NF01,27NF,ArtEZ,Arnhem,2017,voltijd,hbo,ba,niet-EER,realisatie,54.0,38.0,38.0,11.0,0.0,38.0,11.0,0.0,
4851,27NF01,27NF,ArtEZ,Arnhem,2018,voltijd,hbo,ba,niet-EER,realisatie,67.0,32.0,32.0,24.0,11.0,32.0,24.0,11.0,
4852,27NF01,27NF,ArtEZ,Arnhem,2019,voltijd,hbo,ba,niet-EER,realisatie,77.0,28.0,28.0,22.0,27.0,28.0,22.0,27.0,
4853,27NF01,27NF,ArtEZ,Arnhem,2020,voltijd,hbo,ba,niet-EER,realisatie,84.0,21.0,18.0,24.0,42.0,18.0,25.0,41.0,
4854,27NF01,27NF,ArtEZ,Arnhem,2021,voltijd,hbo,ba,niet-EER,realisatie,93.0,39.0,36.0,12.0,45.0,36.0,12.0,45.0,
4855,27NF01,27NF,ArtEZ,Arnhem,2022,voltijd,hbo,ba,niet-EER,realisatie,95.0,30.0,29.0,32.0,34.0,29.0,32.0,34.0,
4856,27NF01,27NF,ArtEZ,Arnhem,2023,voltijd,hbo,ba,niet-EER,realisatie,116.0,54.0,50.0,21.0,45.0,51.0,20.0,45.0,
4857,27NF01,27NF,ArtEZ,Arnhem,2024,voltijd,hbo,ba,niet-EER,realisatie,135.0,50.0,49.0,38.0,48.0,49.0,38.0,48.0,
4858,27NF01,27NF,ArtEZ,Arnhem,2017,voltijd,hbo,ma,EER,realisatie,71.0,45.0,29.0,18.0,24.0,45.0,21.0,0.0,
4859,27NF01,27NF,ArtEZ,Arnhem,2018,voltijd,hbo,ma,EER,realisatie,85.0,39.0,32.0,28.0,25.0,37.0,43.0,0.0,
4860,27NF01,27NF,ArtEZ,Arnhem,2019,voltijd,hbo,ma,EER,realisatie,81.0,34.0,24.0,28.0,29.0,31.0,33.0,17.0,
4861,27NF01,27NF,ArtEZ,Arnhem,2020,voltijd,hbo,ma,EER,realisatie,89.0,48.0,38.0,22.0,29.0,47.0,27.0,15.0,
4862,27NF01,27NF,ArtEZ,Arnhem,2021,voltijd,hbo,ma,EER,realisatie,100.0,47.0,37.0,35.0,28.0,47.0,43.0,10.0,
4863,27NF01,27NF,ArtEZ,Arnhem,2022,voltijd,hbo,ma,EER,realisatie,105.0,52.0,43.0,34.0,28.0,51.0,42.0,12.0,
4864,27NF01,27NF,ArtEZ,Arnhem,2023,voltijd,hbo,ma,EER,realisatie,97.0,39.0,32.0,42.0,23.0,38.0,48.0,11.0,
4865,27NF01,27NF,ArtEZ,Arnhem,2024,voltijd,hbo,ma,EER,realisatie,104.0,56.0,43.0,33.0,28.0,56.0,35.0,13.0,
4866,27NF01,27NF,ArtEZ,Arnhem,2017,voltijd,hbo,ma,NL,realisatie,35.0,16.0,0.0,0.0,32.0,16.0,15.0,0.0,
4867,27NF01,27NF,ArtEZ,Arnhem,2018,voltijd,hbo,ma,NL,realisatie,40.0,25.0,0.0,0.0,37.0,24.0,15.0,0.0,
4868,27NF01,27NF,ArtEZ,Arnhem,2019,voltijd,hbo,ma,NL,realisatie,42.0,18.0,0.0,0.0,38.0,18.0,23.0,0.0,
4869,27NF01,27NF,ArtEZ,Arnhem,2020,voltijd,hbo,ma,NL,realisatie,42.0,22.0,0.0,0.0,40.0,22.0,15.0,0.0,
4870,27NF01,27NF,ArtEZ,Arnhem,2021,voltijd,hbo,ma,NL,realisatie,35.0,15.0,0.0,0.0,32.0,15.0,20.0,0.0,
4871,27NF01,27NF,ArtEZ,Arnhem,2022,voltijd,hbo,ma,NL,realisatie,24.0,7.0,0.0,0.0,21.0,7.0,14.0,0.0,
4872,27NF01,27NF,ArtEZ,Arnhem,2023,voltijd,hbo,ma,NL,realisatie,19.0,8.0,0.0,0.0,16.0,7.0,7.0,0.0,
4873,27NF01,27NF,ArtEZ,Arnhem,2024,voltijd,hbo,ma,NL,realisatie,24.0,15.0,0.0,0.0,22.0,14.0,6.0,0.0,
4874,27NF01,27NF,ArtEZ,Arnhem,2017,voltijd,hbo,ma,niet-EER,realisatie,34.0,19.0,19.0,12.0,0.0,19.0,14.0,0.0,
4875,27NF01,27NF,ArtEZ,Arnhem,2018,voltijd,hbo,ma,niet-EER,realisatie,50.0,31.0,31.0,19.0,0.0,31.0,19.0,0.0,
4876,27NF01,27NF,ArtEZ,Arnhem,2019,voltijd,hbo,ma,niet-EER,realisatie,63.0,31.0,27.0,28.0,8.0,31.0,27.0,0.0,
4877,27NF01,27NF,ArtEZ,Arnhem,2020,voltijd,hbo,ma,niet-EER,realisatie,66.0,34.0,32.0,28.0,6.0,33.0,31.0,0.0,
4878,27NF01,27NF,ArtEZ,Arnhem,2021,voltijd,hbo,ma,niet-EER,realisatie,40.0,15.0,11.0,25.0,0.0,14.0,24.0,0.0,
4879,27NF01,27NF,ArtEZ,Arnhem,2022,voltijd,hbo,ma,niet-EER,realisatie,31.0,17.0,16.0,10.0,0.0,17.0,12.0,0.0,
4880,27NF01,27NF,ArtEZ,Arnhem,2023,voltijd,hbo,ma,niet-EER,realisatie,30.0,13.0,10.0,16.0,0.0,13.0,16.0,0.0,
4881,27NF01,27NF,ArtEZ,Arnhem,2024,voltijd,hbo,ma,niet-EER,realisatie,37.0,22.0,20.0,11.0,6.0,22.0,13.0,0.0,
4882,27NF02,27NF,ArtEZ,Enschede,2017,deeltijd,hbo,ma,EER,realisatie,0.0,0.0,0.0,0.0,0.0,0.0,0.0,0.0,Overijssel
4883,27NF02,27NF,ArtEZ,Enschede,2018,deeltijd,hbo,ma,EER,realisatie,0.0,0.0,0.0,0.0,0.0,0.0,0.0,0.0,Overijssel
4884,27NF02,27NF,ArtEZ,Enschede,2019,deeltijd,hbo,ma,EER,realisatie,0.0,0.0,0.0,0.0,0.0,0.0,0.0,0.0,Overijssel
4885,27NF02,27NF,ArtEZ,Enschede,2020,deeltijd,hbo,ma,EER,realisatie,0.0,0.0,0.0,0.0,0.0,0.0,0.0,0.0,Overijssel
4886,27NF02,27NF,ArtEZ,Enschede,2021,deeltijd,hbo,ma,EER,realisatie,0.0,0.0,0.0,0.0,0.0,0.0,0.0,0.0,Overijssel
4887,27NF02,27NF,ArtEZ,Enschede,2022,deeltijd,hbo,ma,EER,realisatie,0.0,0.0,0.0,0.0,0.0,0.0,0.0,0.0,Overijssel
4888,27NF02,27NF,ArtEZ,Enschede,2023,deeltijd,hbo,ma,EER,realisatie,0.0,0.0,0.0,0.0,0.0,0.0,0.0,0.0,Overijssel
4889,27NF02,27NF,ArtEZ,Enschede,2024,deeltijd,hbo,ma,EER,realisatie,0.0,0.0,0.0,0.0,0.0,0.0,0.0,0.0,Overijssel
4890,27NF02,27NF,ArtEZ,Enschede,2017,deeltijd,hbo,ma,NL,realisatie,0.0,0.0,0.0,0.0,0.0,0.0,0.0,0.0,Overijssel
4891,27NF02,27NF,ArtEZ,Enschede,2018,deeltijd,hbo,ma,NL,realisatie,0.0,0.0,0.0,0.0,0.0,0.0,0.0,0.0,Overijssel
4892,27NF02,27NF,ArtEZ,Enschede,2019,deeltijd,hbo,ma,NL,realisatie,0.0,0.0,0.0,0.0,0.0,0.0,0.0,0.0,Overijssel
4893,27NF02,27NF,ArtEZ,Enschede,2020,deeltijd,hbo,ma,NL,realisatie,6.0,0.0,0.0,0.0,6.0,0.0,0.0,0.0,Overijssel
4894,27NF02,27NF,ArtEZ,Enschede,2021,deeltijd,hbo,ma,NL,realisatie,8.0,0.0,0.0,0.0,8.0,0.0,0.0,0.0,Overijssel
4895,27NF02,27NF,ArtEZ,Enschede,2022,deeltijd,hbo,ma,NL,realisatie,6.0,0.0,0.0,0.0,6.0,0.0,0.0,0.0,Overijssel
4896,27NF02,27NF,ArtEZ,Enschede,2023,deeltijd,hbo,ma,NL,realisatie,6.0,0.0,0.0,0.0,6.0,0.0,0.0,0.0,Overijssel
4897,27NF02,27NF,ArtEZ,Enschede,2024,deeltijd,hbo,ma,NL,realisatie,6.0,0.0,0.0,0.0,6.0,0.0,0.0,0.0,Overijssel
4898,27NF02,27NF,ArtEZ,Enschede,2020,deeltijd,hbo,ma,niet-EER,realisatie,0.0,0.0,0.0,0.0,0.0,0.0,0.0,0.0,Overijssel
4899,27NF02,27NF,ArtEZ,Enschede,2021,deeltijd,hbo,ma,niet-EER,realisatie,0.0,0.0,0.0,0.0,0.0,0.0,0.0,0.0,Overijssel
4900,27NF02,27NF,ArtEZ,Enschede,2022,deeltijd,hbo,ma,niet-EER,realisatie,0.0,0.0,0.0,0.0,0.0,0.0,0.0,0.0,Overijssel
4901,27NF02,27NF,ArtEZ,Enschede,2023,deeltijd,hbo,ma,niet-EER,realisatie,0.0,0.0,0.0,0.0,0.0,0.0,0.0,0.0,Overijssel
4902,27NF02,27NF,ArtEZ,Enschede,2017,voltijd,hbo,ba,EER,realisatie,93.0,24.0,24.0,10.0,59.0,24.0,11.0,58.0,Overijssel
4903,27NF02,27NF,ArtEZ,Enschede,2018,voltijd,hbo,ba,EER,realisatie,89.0,31.0,29.0,24.0,36.0,29.0,24.0,36.0,Overijssel
4904,27NF02,27NF,ArtEZ,Enschede,2019,voltijd,hbo,ba,EER,realisatie,86.0,22.0,19.0,25.0,42.0,19.0,25.0,42.0,Overijssel
4905,27NF02,27NF,ArtEZ,Enschede,2020,voltijd,hbo,ba,EER,realisatie,93.0,26.0,22.0,18.0,53.0,24.0,17.0,52.0,Overijssel
4906,27NF02,27NF,ArtEZ,Enschede,2021,voltijd,hbo,ba,EER,realisatie,107.0,35.0,35.0,18.0,54.0,35.0,20.0,52.0,Overijssel
4907,27NF02,27NF,ArtEZ,Enschede,2022,voltijd,hbo,ba,EER,realisatie,94.0,24.0,24.0,21.0,49.0,24.0,21.0,49.0,Overijssel
4908,27NF02,27NF,ArtEZ,Enschede,2023,voltijd,hbo,ba,EER,realisatie,128.0,55.0,52.0,23.0,53.0,54.0,21.0,53.0,Overijssel
4909,27NF02,27NF,ArtEZ,Enschede,2024,voltijd,hbo,ba,EER,realisatie,106.0,19.0,18.0,40.0,48.0,19.0,41.0,46.0,Overijssel
4910,27NF02,27NF,ArtEZ,Enschede,2017,voltijd,hbo,ba,NL,realisatie,485.0,107.0,89.0,108.0,288.0,94.0,106.0,285.0,Overijssel
4911,27NF02,27NF,ArtEZ,Enschede,2018,voltijd,hbo,ba,NL,realisatie,510.0,116.0,103.0,88.0,319.0,106.0,91.0,313.0,Overijssel
4912,27NF02,27NF,ArtEZ,Enschede,2019,voltijd,hbo,ba,NL,realisatie,513.0,118.0,99.0,107.0,307.0,102.0,107.0,304.0,Overijssel
4913,27NF02,27NF,ArtEZ,Enschede,2020,voltijd,hbo,ba,NL,realisatie,510.0,128.0,101.0,108.0,301.0,108.0,108.0,294.0,Overijssel
4914,27NF02,27NF,ArtEZ,Enschede,2021,voltijd,hbo,ba,NL,realisatie,535.0,120.0,103.0,101.0,331.0,110.0,106.0,319.0,Overijssel
4915,27NF02,27NF,ArtEZ,Enschede,2022,voltijd,hbo,ba,NL,realisatie,540.0,108.0,81.0,104.0,355.0,86.0,108.0,346.0,Overijssel
4916,27NF02,27NF,ArtEZ,Enschede,2023,voltijd,hbo,ba,NL,realisatie,541.0,115.0,98.0,84.0,359.0,103.0,90.0,348.0,Overijssel
4917,27NF02,27NF,ArtEZ,Enschede,2024,voltijd,hbo,ba,NL,realisatie,525.0,112.0,84.0,99.0,342.0,92.0,101.0,332.0,Overijssel
4918,27NF02,27NF,ArtEZ,Enschede,2017,voltijd,hbo,ba,niet-EER,realisatie,9.0,6.0,6.0,0.0,0.0,6.0,0.0,0.0,Overijssel
4919,27NF02,27NF,ArtEZ,Enschede,2018,voltijd,hbo,ba,niet-EER,realisatie,13.0,10.0,10.0,0.0,0.0,10.0,0.0,0.0,Overijssel
4920,27NF02,27NF,ArtEZ,Enschede,2019,voltijd,hbo,ba,niet-EER,realisatie,20.0,10.0,10.0,8.0,0.0,10.0,8.0,0.0,Overijssel
4921,27NF02,27NF,ArtEZ,Enschede,2020,voltijd,hbo,ba,niet-EER,realisatie,25.0,0.0,0.0,11.0,9.0,0.0,11.0,9.0,Overijssel
4922,27NF02,27NF,ArtEZ,Enschede,2021,voltijd,hbo,ba,niet-EER,realisatie,35.0,13.0,12.0,0.0,18.0,12.0,0.0,18.0,Overijssel
4923,27NF02,27NF,ArtEZ,Enschede,2022,voltijd,hbo,ba,niet-EER,realisatie,30.0,9.0,9.0,7.0,14.0,9.0,7.0,14.0,Overijssel
4924,27NF02,27NF,ArtEZ,Enschede,2023,voltijd,hbo,ba,niet-EER,realisatie,34.0,16.0,14.0,6.0,14.0,15.0,0.0,14.0,Overijssel
4925,27NF02,27NF,ArtEZ,Enschede,2024,voltijd,hbo,ba,niet-EER,realisatie,30.0,0.0,0.0,12.0,14.0,0.0,13.0,13.0,Overijssel
4926,27NF02,27NF,ArtEZ,Enschede,2017,voltijd,hbo,ma,EER,realisatie,0.0,0.0,0.0,0.0,0.0,0.0,0.0,0.0,Overijssel
4927,27NF02,27NF,ArtEZ,Enschede,2018,voltijd,hbo,ma,EER,realisatie,0.0,0.0,0.0,0.0,0.0,0.0,0.0,0.0,Overijssel
4928,27NF02,27NF,ArtEZ,Enschede,2019,voltijd,hbo,ma,EER,realisatie,7.0,0.0,0.0,0.0,0.0,0.0,0.0,0.0,Overijssel
4929,27NF02,27NF,ArtEZ,Enschede,2020,voltijd,hbo,ma,EER,realisatie,7.0,0.0,0.0,0.0,0.0,0.0,0.0,0.0,Overijssel
4930,27NF02,27NF,ArtEZ,Enschede,2021,voltijd,hbo,ma,EER,realisatie,0.0,0.0,0.0,0.0,0.0,0.0,0.0,0.0,Overijssel
4931,27NF02,27NF,ArtEZ,Enschede,2022,voltijd,hbo,ma,EER,realisatie,0.0,0.0,0.0,0.0,0.0,0.0,0.0,0.0,Overijssel
4932,27NF02,27NF,ArtEZ,Enschede,2023,voltijd,hbo,ma,EER,realisatie,0.0,0.0,0.0,0.0,0.0,0.0,0.0,0.0,Overijssel
4933,27NF02,27NF,ArtEZ,Enschede,2024,voltijd,hbo,ma,EER,realisatie,0.0,0.0,0.0,0.0,0.0,0.0,0.0,0.0,Overijssel
4934,27NF02,27NF,ArtEZ,Enschede,2017,voltijd,hbo,ma,NL,realisatie,0.0,0.0,0.0,0.0,0.0,0.0,0.0,0.0,Overijssel
4935,27NF02,27NF,ArtEZ,Enschede,2018,voltijd,hbo,ma,NL,realisatie,8.0,0.0,0.0,0.0,7.0,0.0,0.0,0.0,Overijssel
4936,27NF02,27NF,ArtEZ,Enschede,2019,voltijd,hbo,ma,NL,realisatie,8.0,0.0,0.0,0.0,8.0,0.0,0.0,0.0,Overijssel
4937,27NF02,27NF,ArtEZ,Enschede,2020,voltijd,hbo,ma,NL,realisatie,6.0,0.0,0.0,0.0,6.0,0.0,0.0,0.0,Overijssel
4938,27NF02,27NF,ArtEZ,Enschede,2021,voltijd,hbo,ma,NL,realisatie,0.0,0.0,0.0,0.0,0.0,0.0,0.0,0.0,Overijssel
4939,27NF02,27NF,ArtEZ,Enschede,2022,voltijd,hbo,ma,NL,realisatie,0.0,0.0,0.0,0.0,0.0,0.0,0.0,0.0,Overijssel
4940,27NF02,27NF,ArtEZ,Enschede,2023,voltijd,hbo,ma,NL,realisatie,0.0,0.0,0.0,0.0,0.0,0.0,0.0,0.0,Overijssel
4941,27NF02,27NF,ArtEZ,Enschede,2024,voltijd,hbo,ma,NL,realisatie,0.0,0.0,0.0,0.0,0.0,0.0,0.0,0.0,Overijssel
4942,27NF02,27NF,ArtEZ,Enschede,2017,voltijd,hbo,ma,niet-EER,realisatie,0.0,0.0,0.0,0.0,0.0,0.0,0.0,0.0,Overijssel
4943,27NF02,27NF,ArtEZ,Enschede,2018,voltijd,hbo,ma,niet-EER,realisatie,0.0,0.0,0.0,0.0,0.0,0.0,0.0,0.0,Overijssel
4944,27NF02,27NF,ArtEZ,Enschede,2019,voltijd,hbo,ma,niet-EER,realisatie,0.0,0.0,0.0,0.0,0.0,0.0,0.0,0.0,Overijssel
4945,27NF02,27NF,ArtEZ,Enschede,2020,voltijd,hbo,ma,niet-EER,realisatie,0.0,0.0,0.0,0.0,0.0,0.0,0.0,0.0,Overijssel
4946,27NF02,27NF,ArtEZ,Enschede,2021,voltijd,hbo,ma,niet-EER,realisatie,0.0,0.0,0.0,0.0,0.0,0.0,0.0,0.0,Overijssel
4947,27NF02,27NF,ArtEZ,Enschede,2022,voltijd,hbo,ma,niet-EER,realisatie,0.0,0.0,0.0,0.0,0.0,0.0,0.0,0.0,Overijssel
4948,27NF02,27NF,ArtEZ,Enschede,2023,voltijd,hbo,ma,niet-EER,realisatie,0.0,0.0,0.0,0.0,0.0,0.0,0.0,0.0,Overijssel
4949,27NF02,27NF,ArtEZ,Enschede,2024,voltijd,hbo,ma,niet-EER,realisatie,0.0,0.0,0.0,0.0,0.0,0.0,0.0,0.0,Overijssel
4950,27NF03,27NF,ArtEZ,Zwolle,2017,deeltijd,hbo,ba,EER,realisatie,0.0,0.0,0.0,0.0,0.0,0.0,0.0,0.0,
4951,27NF03,27NF,ArtEZ,Zwolle,2018,deeltijd,hbo,ba,EER,realisatie,0.0,0.0,0.0,0.0,0.0,0.0,0.0,0.0,
4952,27NF03,27NF,ArtEZ,Zwolle,2019,deeltijd,hbo,ba,EER,realisatie,0.0,0.0,0.0,0.0,0.0,0.0,0.0,0.0,
4953,27NF03,27NF,ArtEZ,Zwolle,2020,deeltijd,hbo,ba,EER,realisatie,0.0,0.0,0.0,0.0,0.0,0.0,0.0,0.0,
4954,27NF03,27NF,ArtEZ,Zwolle,2022,deeltijd,hbo,ba,EER,realisatie,0.0,0.0,0.0,0.0,0.0,0.0,0.0,0.0,
4955,27NF03,27NF,ArtEZ,Zwolle,2023,deeltijd,hbo,ba,EER,realisatie,0.0,0.0,0.0,0.0,0.0,0.0,0.0,0.0,
4956,27NF03,27NF,ArtEZ,Zwolle,2017,deeltijd,hbo,ba,NL,realisatie,63.0,19.0,0.0,6.0,54.0,0.0,6.0,53.0,
4957,27NF03,27NF,ArtEZ,Zwolle,2018,deeltijd,hbo,ba,NL,realisatie,67.0,21.0,6.0,0.0,57.0,9.0,0.0,54.0,
4958,27NF03,27NF,ArtEZ,Zwolle,2019,deeltijd,hbo,ba,NL,realisatie,56.0,19.0,0.0,0.0,46.0,6.0,9.0,41.0,
4959,27NF03,27NF,ArtEZ,Zwolle,2020,deeltijd,hbo,ba,NL,realisatie,61.0,24.0,0.0,7.0,49.0,0.0,9.0,47.0,
4960,27NF03,27NF,ArtEZ,Zwolle,2021,deeltijd,hbo,ba,NL,realisatie,61.0,21.0,6.0,7.0,48.0,8.0,7.0,46.0,
4961,27NF03,27NF,ArtEZ,Zwolle,2022,deeltijd,hbo,ba,NL,realisatie,59.0,14.0,0.0,0.0,49.0,7.0,7.0,45.0,
4962,27NF03,27NF,ArtEZ,Zwolle,2023,deeltijd,hbo,ba,NL,realisatie,52.0,17.0,0.0,0.0,45.0,0.0,8.0,42.0,
4963,27NF03,27NF,ArtEZ,Zwolle,2024,deeltijd,hbo,ba,NL,realisatie,57.0,26.0,8.0,0.0,45.0,9.0,0.0,44.0,
4964,27NF03,27NF,ArtEZ,Zwolle,2023,deeltijd,hbo,ba,niet-EER,realisatie,0.0,0.0,0.0,0.0,0.0,0.0,0.0,0.0,
4965,27NF03,27NF,ArtEZ,Zwolle,2024,deeltijd,hbo,ba,niet-EER,realisatie,0.0,0.0,0.0,0.0,0.0,0.0,0.0,0.0,
4966,27NF03,27NF,ArtEZ,Zwolle,2017,deeltijd,hbo,ma,EER,realisatie,0.0,0.0,0.0,0.0,0.0,0.0,0.0,0.0,
4967,27NF03,27NF,ArtEZ,Zwolle,2020,deeltijd,hbo,ma,EER,realisatie,0.0,0.0,0.0,0.0,0.0,0.0,0.0,0.0,
4968,27NF03,27NF,ArtEZ,Zwolle,2021,deeltijd,hbo,ma,EER,realisatie,0.0,0.0,0.0,0.0,0.0,0.0,0.0,0.0,
4969,27NF03,27NF,ArtEZ,Zwolle,2022,deeltijd,hbo,ma,EER,realisatie,0.0,0.0,0.0,0.0,0.0,0.0,0.0,0.0,
4970,27NF03,27NF,ArtEZ,Zwolle,2017,deeltijd,hbo,ma,NL,realisatie,27.0,9.0,0.0,0.0,26.0,0.0,16.0,6.0,
4971,27NF03,27NF,ArtEZ,Zwolle,2018,deeltijd,hbo,ma,NL,realisatie,23.0,15.0,0.0,0.0,22.0,15.0,0.0,0.0,
4972,27NF03,27NF,ArtEZ,Zwolle,2019,deeltijd,hbo,ma,NL,realisatie,28.0,15.0,0.0,0.0,26.0,15.0,8.0,0.0,
4973,27NF03,27NF,ArtEZ,Zwolle,2020,deeltijd,hbo,ma,NL,realisatie,27.0,14.0,0.0,0.0,26.0,13.0,13.0,0.0,
4974,27NF03,27NF,ArtEZ,Zwolle,2021,deeltijd,hbo,ma,NL,realisatie,26.0,12.0,0.0,0.0,26.0,11.0,12.0,0.0,
4975,27NF03,27NF,ArtEZ,Zwolle,2022,deeltijd,hbo,ma,NL,realisatie,14.0,6.0,0.0,0.0,14.0,6.0,6.0,0.0,
4976,27NF03,27NF,ArtEZ,Zwolle,2023,deeltijd,hbo,ma,NL,realisatie,19.0,14.0,0.0,0.0,19.0,9.0,9.0,0.0,
4977,27NF03,27NF,ArtEZ,Zwolle,2024,deeltijd,hbo,ma,NL,realisatie,21.0,13.0,0.0,0.0,21.0,12.0,8.0,0.0,
4978,27NF03,27NF,ArtEZ,Zwolle,2017,voltijd,hbo,ad,NL,realisatie,24.0,16.0,9.0,9.0,6.0,15.0,8.0,0.0,
4979,27NF03,27NF,ArtEZ,Zwolle,2018,voltijd,hbo,ad,NL,realisatie,24.0,13.0,10.0,11.0,0.0,13.0,10.0,0.0,
4980,27NF03,27NF,ArtEZ,Zwolle,2019,voltijd,hbo,ad,NL,realisatie,22.0,12.0,11.0,10.0,0.0,12.0,10.0,0.0,
4981,27NF03,27NF,ArtEZ,Zwolle,2020,voltijd,hbo,ad,NL,realisatie,21.0,11.0,10.0,9.0,0.0,11.0,9.0,0.0,
4982,27NF03,27NF,ArtEZ,Zwolle,2021,voltijd,hbo,ad,NL,realisatie,26.0,16.0,11.0,14.0,0.0,15.0,11.0,0.0,
4983,27NF03,27NF,ArtEZ,Zwolle,2022,voltijd,hbo,ad,NL,realisatie,20.0,7.0,7.0,9.0,0.0,7.0,13.0,0.0,
4984,27NF03,27NF,ArtEZ,Zwolle,2023,voltijd,hbo,ad,NL,realisatie,27.0,18.0,9.0,10.0,8.0,18.0,7.0,0.0,
4985,27NF03,27NF,ArtEZ,Zwolle,2024,voltijd,hbo,ad,NL,realisatie,28.0,14.0,8.0,9.0,11.0,14.0,14.0,0.0,
4986,27NF03,27NF,ArtEZ,Zwolle,2017,voltijd,hbo,ba,EER,realisatie,13.0,0.0,0.0,0.0,9.0,0.0,0.0,7.0,
4987,27NF03,27NF,ArtEZ,Zwolle,2018,voltijd,hbo,ba,EER,realisatie,17.0,9.0,7.0,0.0,9.0,7.0,0.0,8.0,
4988,27NF03,27NF,ArtEZ,Zwolle,2019,voltijd,hbo,ba,EER,realisatie,15.0,0.0,0.0,0.0,8.0,0.0,0.0,7.0,
4989,27NF03,27NF,ArtEZ,Zwolle,2020,voltijd,hbo,ba,EER,realisatie,17.0,7.0,0.0,0.0,10.0,7.0,0.0,7.0,
4990,27NF03,27NF,ArtEZ,Zwolle,2021,voltijd,hbo,ba,EER,realisatie,18.0,0.0,0.0,0.0,9.0,0.0,7.0,7.0,
4991,27NF03,27NF,ArtEZ,Zwolle,2022,voltijd,hbo,ba,EER,realisatie,16.0,0.0,0.0,0.0,9.0,0.0,0.0,9.0,
4992,27NF03,27NF,ArtEZ,Zwolle,2023,voltijd,hbo,ba,EER,realisatie,16.0,0.0,0.0,0.0,8.0,0.0,0.0,8.0,
4993,27NF03,27NF,ArtEZ,Zwolle,2024,voltijd,hbo,ba,EER,realisatie,17.0,0.0,0.0,0.0,8.0,0.0,0.0,8.0,
4994,27NF03,27NF,ArtEZ,Zwolle,2017,voltijd,hbo,ba,NL,realisatie,730.0,180.0,138.0,142.0,450.0,146.0,144.0,440.0,
4995,27NF03,27NF,ArtEZ,Zwolle,2018,voltijd,hbo,ba,NL,realisatie,747.0,187.0,154.0,138.0,455.0,160.0,143.0,444.0,
4996,27NF03,27NF,ArtEZ,Zwolle,2019,voltijd,hbo,ba,NL,realisatie,749.0,186.0,143.0,148.0,458.0,155.0,153.0,441.0,
4997,27NF03,27NF,ArtEZ,Zwolle,2020,voltijd,hbo,ba,NL,realisatie,756.0,186.0,144.0,136.0,476.0,157.0,144.0,455.0,
4998,27NF03,27NF,ArtEZ,Zwolle,2021,voltijd,hbo,ba,NL,realisatie,766.0,182.0,146.0,146.0,474.0,159.0,159.0,448.0,
4999,27NF03,27NF,ArtEZ,Zwolle,2022,voltijd,hbo,ba,NL,realisatie,773.0,176.0,131.0,155.0,487.0,142.0,163.0,468.0,
5000,27NF03,27NF,ArtEZ,Zwolle,2023,voltijd,hbo,ba,NL,realisatie,760.0,181.0,138.0,138.0,484.0,150.0,147.0,463.0,
5001,27NF03,27NF,ArtEZ,Zwolle,2024,voltijd,hbo,ba,NL,realisatie,771.0,200.0,149.0,145.0,477.0,157.0,157.0,457.0,
5002,27NF03,27NF,ArtEZ,Zwolle,2017,voltijd,hbo,ba,niet-EER,realisatie,8.0,0.0,0.0,0.0,0.0,0.0,0.0,0.0,
5003,27NF03,27NF,ArtEZ,Zwolle,2018,voltijd,hbo,ba,niet-EER,realisatie,11.0,0.0,0.0,0.0,0.0,0.0,0.0,0.0,
5004,27NF03,27NF,ArtEZ,Zwolle,2019,voltijd,hbo,ba,niet-EER,realisatie,11.0,0.0,0.0,0.0,8.0,0.0,0.0,7.0,
5005,27NF03,27NF,ArtEZ,Zwolle,2020,voltijd,hbo,ba,niet-EER,realisatie,7.0,0.0,0.0,0.0,0.0,0.0,0.0,0.0,
5006,27NF03,27NF,ArtEZ,Zwolle,2021,voltijd,hbo,ba,niet-EER,realisatie,6.0,0.0,0.0,0.0,0.0,0.0,0.0,0.0,
5007,27NF03,27NF,ArtEZ,Zwolle,2022,voltijd,hbo,ba,niet-EER,realisatie,9.0,0.0,0.0,0.0,0.0,0.0,0.0,0.0,
5008,27NF03,27NF,ArtEZ,Zwolle,2023,voltijd,hbo,ba,niet-EER,realisatie,8.0,0.0,0.0,0.0,0.0,0.0,0.0,0.0,
5009,27NF03,27NF,ArtEZ,Zwolle,2024,voltijd,hbo,ba,niet-EER,realisatie,11.0,6.0,6.0,0.0,0.0,6.0,0.0,0.0,
5010,27NF03,27NF,ArtEZ,Zwolle,2017,voltijd,hbo,ma,EER,realisatie,15.0,0.0,0.0,0.0,6.0,0.0,0.0,0.0,
5011,27NF03,27NF,ArtEZ,Zwolle,2018,voltijd,hbo,ma,EER,realisatie,14.0,6.0,0.0,0.0,0.0,6.0,0.0,0.0,
5012,27NF03,27NF,ArtEZ,Zwolle,2019,voltijd,hbo,ma,EER,realisatie,8.0,0.0,0.0,0.0,0.0,0.0,0.0,0.0,
5013,27NF03,27NF,ArtEZ,Zwolle,2020,voltijd,hbo,ma,EER,realisatie,13.0,7.0,7.0,0.0,0.0,7.0,0.0,0.0,
5014,27NF03,27NF,ArtEZ,Zwolle,2021,voltijd,hbo,ma,EER,realisatie,16.0,7.0,7.0,7.0,0.0,7.0,7.0,0.0,
5015,27NF03,27NF,ArtEZ,Zwolle,2022,voltijd,hbo,ma,EER,realisatie,19.0,14.0,10.0,6.0,0.0,13.0,6.0,0.0,
5016,27NF03,27NF,ArtEZ,Zwolle,2023,voltijd,hbo,ma,EER,realisatie,18.0,8.0,7.0,6.0,0.0,7.0,8.0,0.0,
5017,27NF03,27NF,ArtEZ,Zwolle,2024,voltijd,hbo,ma,EER,realisatie,12.0,0.0,0.0,0.0,0.0,0.0,0.0,0.0,
5018,27NF03,27NF,ArtEZ,Zwolle,2017,voltijd,hbo,ma,NL,realisatie,14.0,6.0,0.0,0.0,12.0,6.0,0.0,0.0,
5019,27NF03,27NF,ArtEZ,Zwolle,2018,voltijd,hbo,ma,NL,realisatie,14.0,7.0,0.0,0.0,14.0,7.0,0.0,0.0,
5020,27NF03,27NF,ArtEZ,Zwolle,2019,voltijd,hbo,ma,NL,realisatie,10.0,8.0,0.0,0.0,10.0,7.0,0.0,0.0,
5021,27NF03,27NF,ArtEZ,Zwolle,2020,voltijd,hbo,ma,NL,realisatie,9.0,0.0,0.0,0.0,9.0,0.0,0.0,0.0,
5022,27NF03,27NF,ArtEZ,Zwolle,2021,voltijd,hbo,ma,NL,realisatie,18.0,13.0,0.0,0.0,18.0,12.0,0.0,0.0,
5023,27NF03,27NF,ArtEZ,Zwolle,2022,voltijd,hbo,ma,NL,realisatie,15.0,11.0,0.0,0.0,14.0,11.0,0.0,0.0,
5024,27NF03,27NF,ArtEZ,Zwolle,2023,voltijd,hbo,ma,NL,realisatie,17.0,11.0,0.0,0.0,15.0,10.0,6.0,0.0,
5025,27NF03,27NF,ArtEZ,Zwolle,2024,voltijd,hbo,ma,NL,realisatie,15.0,7.0,0.0,0.0,14.0,7.0,6.0,0.0,
5026,27NF03,27NF,ArtEZ,Zwolle,2017,voltijd,hbo,ma,niet-EER,realisatie,6.0,0.0,0.0,0.0,0.0,0.0,0.0,0.0,
5027,27NF03,27NF,ArtEZ,Zwolle,2018,voltijd,hbo,ma,niet-EER,realisatie,7.0,6.0,0.0,0.0,0.0,0.0,0.0,0.0,
5028,27NF03,27NF,ArtEZ,Zwolle,2019,voltijd,hbo,ma,niet-EER,realisatie,12.0,11.0,10.0,0.0,0.0,11.0,0.0,0.0,
5029,27NF03,27NF,ArtEZ,Zwolle,2020,voltijd,hbo,ma,niet-EER,realisatie,0.0,0.0,0.0,0.0,0.0,0.0,0.0,0.0,
5030,27NF03,27NF,ArtEZ,Zwolle,2021,voltijd,hbo,ma,niet-EER,realisatie,22.0,13.0,10.0,7.0,0.0,11.0,9.0,0.0,
5031,27NF03,27NF,ArtEZ,Zwolle,2022,voltijd,hbo,ma,niet-EER,realisatie,20.0,10.0,10.0,9.0,0.0,10.0,9.0,0.0,
5032,27NF03,27NF,ArtEZ,Zwolle,2023,voltijd,hbo,ma,niet-EER,realisatie,21.0,13.0,11.0,7.0,0.0,13.0,7.0,0.0,
5033,27NF03,27NF,ArtEZ,Zwolle,2024,voltijd,hbo,ma,niet-EER,realisatie,21.0,13.0,12.0,6.0,0.0,13.0,8.0,0.0,
5034,27PZ00,27PZ,Hogeschool Inholland,Rotterdam,2017,deeltijd,hbo,ba,EER,realisatie,0.0,0.0,0.0,0.0,0.0,0.0,0.0,0.0,Zuid-Holland
5035,27PZ00,27PZ,Hogeschool Inholland,Rotterdam,2019,deeltijd,hbo,ba,EER,realisatie,0.0,0.0,0.0,0.0,0.0,0.0,0.0,0.0,Zuid-Holland
5036,27PZ00,27PZ,Hogeschool Inholland,Rotterdam,2020,deeltijd,hbo,ba,EER,realisatie,0.0,0.0,0.0,0.0,0.0,0.0,0.0,0.0,Zuid-Holland
5037,27PZ00,27PZ,Hogeschool Inholland,Rotterdam,2021,deeltijd,hbo,ba,EER,realisatie,7.0,6.0,0.0,0.0,0.0,0.0,0.0,0.0,Zuid-Holland
5038,27PZ00,27PZ,Hogeschool Inholland,Rotterdam,2022,deeltijd,hbo,ba,EER,realisatie,6.0,0.0,0.0,0.0,0.0,0.0,0.0,0.0,Zuid-Holland
5039,27PZ00,27PZ,Hogeschool Inholland,Rotterdam,2023,deeltijd,hbo,ba,EER,realisatie,6.0,0.0,0.0,0.0,0.0,0.0,0.0,0.0,Zuid-Holland
5040,27PZ00,27PZ,Hogeschool Inholland,Rotterdam,2024,deeltijd,hbo,ba,EER,realisatie,7.0,0.0,0.0,0.0,0.0,0.0,0.0,0.0,Zuid-Holland
5041,27PZ00,27PZ,Hogeschool Inholland,Rotterdam,2017,deeltijd,hbo,ba,NL,realisatie,319.0,132.0,41.0,28.0,250.0,47.0,31.0,241.0,Zuid-Holland
5042,27PZ00,27PZ,Hogeschool Inholland,Rotterdam,2018,deeltijd,hbo,ba,NL,realisatie,349.0,148.0,50.0,49.0,250.0,58.0,58.0,233.0,Zuid-Holland
5043,27PZ00,27PZ,Hogeschool Inholland,Rotterdam,2019,deeltijd,hbo,ba,NL,realisatie,402.0,176.0,74.0,51.0,277.0,80.0,58.0,264.0,Zuid-Holland
5044,27PZ00,27PZ,Hogeschool Inholland,Rotterdam,2020,deeltijd,hbo,ba,NL,realisatie,470.0,191.0,83.0,75.0,312.0,99.0,87.0,284.0,Zuid-Holland
5045,27PZ00,27PZ,Hogeschool Inholland,Rotterdam,2021,deeltijd,hbo,ba,NL,realisatie,505.0,184.0,83.0,75.0,347.0,94.0,89.0,322.0,Zuid-Holland
5046,27PZ00,27PZ,Hogeschool Inholland,Rotterdam,2022,deeltijd,hbo,ba,NL,realisatie,506.0,172.0,66.0,69.0,371.0,73.0,80.0,353.0,Zuid-Holland
5047,27PZ00,27PZ,Hogeschool Inholland,Rotterdam,2023,deeltijd,hbo,ba,NL,realisatie,487.0,162.0,65.0,44.0,378.0,75.0,56.0,356.0,Zuid-Holland
5048,27PZ00,27PZ,Hogeschool Inholland,Rotterdam,2024,deeltijd,hbo,ba,NL,realisatie,521.0,216.0,97.0,49.0,375.0,108.0,60.0,353.0,Zuid-Holland
5049,27PZ00,27PZ,Hogeschool Inholland,Rotterdam,2017,deeltijd,hbo,ba,niet-EER,realisatie,0.0,0.0,0.0,0.0,0.0,0.0,0.0,0.0,Zuid-Holland
5050,27PZ00,27PZ,Hogeschool Inholland,Rotterdam,2020,deeltijd,hbo,ba,niet-EER,realisatie,0.0,0.0,0.0,0.0,0.0,0.0,0.0,0.0,Zuid-Holland
5051,27PZ00,27PZ,Hogeschool Inholland,Rotterdam,2021,deeltijd,hbo,ba,niet-EER,realisatie,0.0,0.0,0.0,0.0,0.0,0.0,0.0,0.0,Zuid-Holland
5052,27PZ00,27PZ,Hogeschool Inholland,Rotterdam,2022,deeltijd,hbo,ba,niet-EER,realisatie,0.0,0.0,0.0,0.0,0.0,0.0,0.0,0.0,Zuid-Holland
5053,27PZ00,27PZ,Hogeschool Inholland,Rotterdam,2023,deeltijd,hbo,ba,niet-EER,realisatie,0.0,0.0,0.0,0.0,0.0,0.0,0.0,0.0,Zuid-Holland
5054,27PZ00,27PZ,Hogeschool Inholland,Rotterdam,2024,deeltijd,hbo,ba,niet-EER,realisatie,0.0,0.0,0.0,0.0,0.0,0.0,0.0,0.0,Zuid-Holland
5055,27PZ00,27PZ,Hogeschool Inholland,Rotterdam,2024,deeltijd,hbo,ma,EER,realisatie,0.0,0.0,0.0,0.0,0.0,0.0,0.0,0.0,Zuid-Holland
5056,27PZ00,27PZ,Hogeschool Inholland,Rotterdam,2024,deeltijd,hbo,ma,NL,realisatie,17.0,17.0,0.0,0.0,17.0,17.0,0.0,0.0,Zuid-Holland
5057,27PZ00,27PZ,Hogeschool Inholland,Rotterdam,2023,voltijd,hbo,ad,EER,realisatie,0.0,0.0,0.0,0.0,0.0,0.0,0.0,0.0,Zuid-Holland
5058,27PZ00,27PZ,Hogeschool Inholland,Rotterdam,2024,voltijd,hbo,ad,EER,realisatie,0.0,0.0,0.0,0.0,0.0,0.0,0.0,0.0,Zuid-Holland
5059,27PZ00,27PZ,Hogeschool Inholland,Rotterdam,2017,voltijd,hbo,ad,NL,realisatie,95.0,36.0,16.0,15.0,64.0,35.0,19.0,41.0,Zuid-Holland
5060,27PZ00,27PZ,Hogeschool Inholland,Rotterdam,2018,voltijd,hbo,ad,NL,realisatie,95.0,38.0,20.0,15.0,60.0,37.0,21.0,37.0,Zuid-Holland
5061,27PZ00,27PZ,Hogeschool Inholland,Rotterdam,2019,voltijd,hbo,ad,NL,realisatie,106.0,41.0,14.0,23.0,69.0,41.0,23.0,42.0,Zuid-Holland
5062,27PZ00,27PZ,Hogeschool Inholland,Rotterdam,2020,voltijd,hbo,ad,NL,realisatie,92.0,28.0,12.0,19.0,61.0,26.0,28.0,38.0,Zuid-Holland
5063,27PZ00,27PZ,Hogeschool Inholland,Rotterdam,2021,voltijd,hbo,ad,NL,realisatie,92.0,30.0,13.0,17.0,62.0,26.0,25.0,41.0,Zuid-Holland
5064,27PZ00,27PZ,Hogeschool Inholland,Rotterdam,2022,voltijd,hbo,ad,NL,realisatie,81.0,28.0,6.0,10.0,65.0,23.0,19.0,39.0,Zuid-Holland
5065,27PZ00,27PZ,Hogeschool Inholland,Rotterdam,2023,voltijd,hbo,ad,NL,realisatie,73.0,18.0,0.0,10.0,60.0,15.0,20.0,38.0,Zuid-Holland
5066,27PZ00,27PZ,Hogeschool Inholland,Rotterdam,2024,voltijd,hbo,ad,NL,realisatie,59.0,17.0,8.0,0.0,46.0,17.0,9.0,33.0,Zuid-Holland
5067,27PZ00,27PZ,Hogeschool Inholland,Rotterdam,2017,voltijd,hbo,ad,niet-EER,realisatie,0.0,0.0,0.0,0.0,0.0,0.0,0.0,0.0,Zuid-Holland
5068,27PZ00,27PZ,Hogeschool Inholland,Rotterdam,2018,voltijd,hbo,ad,niet-EER,realisatie,0.0,0.0,0.0,0.0,0.0,0.0,0.0,0.0,Zuid-Holland
5069,27PZ00,27PZ,Hogeschool Inholland,Rotterdam,2019,voltijd,hbo,ad,niet-EER,realisatie,0.0,0.0,0.0,0.0,0.0,0.0,0.0,0.0,Zuid-Holland
5070,27PZ00,27PZ,Hogeschool Inholland,Rotterdam,2020,voltijd,hbo,ad,niet-EER,realisatie,0.0,0.0,0.0,0.0,0.0,0.0,0.0,0.0,Zuid-Holland
5071,27PZ00,27PZ,Hogeschool Inholland,Rotterdam,2021,voltijd,hbo,ad,niet-EER,realisatie,0.0,0.0,0.0,0.0,0.0,0.0,0.0,0.0,Zuid-Holland
5072,27PZ00,27PZ,Hogeschool Inholland,Rotterdam,2022,voltijd,hbo,ad,niet-EER,realisatie,0.0,0.0,0.0,0.0,0.0,0.0,0.0,0.0,Zuid-Holland
5073,27PZ00,27PZ,Hogeschool Inholland,Rotterdam,2023,voltijd,hbo,ad,niet-EER,realisatie,0.0,0.0,0.0,0.0,0.0,0.0,0.0,0.0,Zuid-Holland
5074,27PZ00,27PZ,Hogeschool Inholland,Rotterdam,2024,voltijd,hbo,ad,niet-EER,realisatie,0.0,0.0,0.0,0.0,0.0,0.0,0.0,0.0,Zuid-Holland
5075,27PZ00,27PZ,Hogeschool Inholland,Rotterdam,2017,voltijd,hbo,ba,EER,realisatie,31.0,9.0,8.0,6.0,17.0,9.0,7.0,15.0,Zuid-Holland
5076,27PZ00,27PZ,Hogeschool Inholland,Rotterdam,2018,voltijd,hbo,ba,EER,realisatie,35.0,10.0,9.0,6.0,20.0,9.0,7.0,19.0,Zuid-Holland
5077,27PZ00,27PZ,Hogeschool Inholland,Rotterdam,2019,voltijd,hbo,ba,EER,realisatie,39.0,16.0,14.0,9.0,16.0,15.0,8.0,16.0,Zuid-Holland
5078,27PZ00,27PZ,Hogeschool Inholland,Rotterdam,2020,voltijd,hbo,ba,EER,realisatie,47.0,12.0,8.0,18.0,21.0,11.0,16.0,20.0,Zuid-Holland
5079,27PZ00,27PZ,Hogeschool Inholland,Rotterdam,2021,voltijd,hbo,ba,EER,realisatie,52.0,16.0,13.0,0.0,34.0,14.0,7.0,31.0,Zuid-Holland
5080,27PZ00,27PZ,Hogeschool Inholland,Rotterdam,2022,voltijd,hbo,ba,EER,realisatie,71.0,31.0,27.0,13.0,31.0,28.0,13.0,30.0,Zuid-Holland
5081,27PZ00,27PZ,Hogeschool Inholland,Rotterdam,2023,voltijd,hbo,ba,EER,realisatie,68.0,20.0,17.0,19.0,32.0,18.0,20.0,30.0,Zuid-Holland
5082,27PZ00,27PZ,Hogeschool Inholland,Rotterdam,2024,voltijd,hbo,ba,EER,realisatie,74.0,21.0,20.0,11.0,43.0,20.0,12.0,42.0,Zuid-Holland
5083,27PZ00,27PZ,Hogeschool Inholland,Rotterdam,2017,voltijd,hbo,ba,NL,realisatie,4701.0,1068.0,870.0,776.0,3055.0,902.0,781.0,3018.0,Zuid-Holland
5084,27PZ00,27PZ,Hogeschool Inholland,Rotterdam,2018,voltijd,hbo,ba,NL,realisatie,4493.0,1039.0,843.0,799.0,2851.0,875.0,810.0,2808.0,Zuid-Holland
5085,27PZ00,27PZ,Hogeschool Inholland,Rotterdam,2019,voltijd,hbo,ba,NL,realisatie,5005.0,1402.0,1157.0,897.0,2951.0,1206.0,902.0,2897.0,Zuid-Holland
5086,27PZ00,27PZ,Hogeschool Inholland,Rotterdam,2020,voltijd,hbo,ba,NL,realisatie,5573.0,1583.0,1376.0,1063.0,3134.0,1400.0,1100.0,3073.0,Zuid-Holland
5087,27PZ00,27PZ,Hogeschool Inholland,Rotterdam,2021,voltijd,hbo,ba,NL,realisatie,5468.0,1198.0,1046.0,1129.0,3293.0,1064.0,1151.0,3253.0,Zuid-Holland
5088,27PZ00,27PZ,Hogeschool Inholland,Rotterdam,2022,voltijd,hbo,ba,NL,realisatie,5288.0,1252.0,1095.0,845.0,3348.0,1126.0,851.0,3311.0,Zuid-Holland
5089,27PZ00,27PZ,Hogeschool Inholland,Rotterdam,2023,voltijd,hbo,ba,NL,realisatie,4719.0,1131.0,954.0,766.0,2999.0,988.0,777.0,2954.0,Zuid-Holland
5090,27PZ00,27PZ,Hogeschool Inholland,Rotterdam,2024,voltijd,hbo,ba,NL,realisatie,4317.0,1015.0,861.0,730.0,2726.0,891.0,748.0,2678.0,Zuid-Holland
5091,27PZ00,27PZ,Hogeschool Inholland,Rotterdam,2017,voltijd,hbo,ba,niet-EER,realisatie,29.0,7.0,6.0,6.0,17.0,6.0,6.0,17.0,Zuid-Holland
5092,27PZ00,27PZ,Hogeschool Inholland,Rotterdam,2018,voltijd,hbo,ba,niet-EER,realisatie,21.0,0.0,0.0,0.0,14.0,0.0,0.0,14.0,Zuid-Holland
5093,27PZ00,27PZ,Hogeschool Inholland,Rotterdam,2019,voltijd,hbo,ba,niet-EER,realisatie,21.0,0.0,0.0,6.0,12.0,0.0,6.0,12.0,Zuid-Holland
5094,27PZ00,27PZ,Hogeschool Inholland,Rotterdam,2020,voltijd,hbo,ba,niet-EER,realisatie,24.0,7.0,6.0,0.0,14.0,6.0,0.0,14.0,Zuid-Holland
5095,27PZ00,27PZ,Hogeschool Inholland,Rotterdam,2021,voltijd,hbo,ba,niet-EER,realisatie,35.0,12.0,9.0,0.0,21.0,9.0,0.0,21.0,Zuid-Holland
5096,27PZ00,27PZ,Hogeschool Inholland,Rotterdam,2022,voltijd,hbo,ba,niet-EER,realisatie,32.0,0.0,0.0,9.0,20.0,0.0,8.0,20.0,Zuid-Holland
5097,27PZ00,27PZ,Hogeschool Inholland,Rotterdam,2023,voltijd,hbo,ba,niet-EER,realisatie,29.0,9.0,9.0,0.0,18.0,9.0,0.0,18.0,Zuid-Holland
5098,27PZ00,27PZ,Hogeschool Inholland,Rotterdam,2024,voltijd,hbo,ba,niet-EER,realisatie,25.0,0.0,0.0,0.0,16.0,0.0,0.0,16.0,Zuid-Holland
5099,27PZ02,27PZ,Hogeschool Inholland,Alkmaar,2023,deeltijd,hbo,ad,NL,realisatie,14.0,13.0,9.0,0.0,0.0,13.0,0.0,0.0,
5100,27PZ02,27PZ,Hogeschool Inholland,Alkmaar,2024,deeltijd,hbo,ad,NL,realisatie,74.0,62.0,39.0,18.0,17.0,62.0,11.0,0.0,
5101,27PZ02,27PZ,Hogeschool Inholland,Alkmaar,2017,deeltijd,hbo,ba,EER,realisatie,0.0,0.0,0.0,0.0,0.0,0.0,0.0,0.0,
5102,27PZ02,27PZ,Hogeschool Inholland,Alkmaar,2018,deeltijd,hbo,ba,EER,realisatie,0.0,0.0,0.0,0.0,0.0,0.0,0.0,0.0,
5103,27PZ02,27PZ,Hogeschool Inholland,Alkmaar,2019,deeltijd,hbo,ba,EER,realisatie,0.0,0.0,0.0,0.0,0.0,0.0,0.0,0.0,
5104,27PZ02,27PZ,Hogeschool Inholland,Alkmaar,2020,deeltijd,hbo,ba,EER,realisatie,0.0,0.0,0.0,0.0,0.0,0.0,0.0,0.0,
5105,27PZ02,27PZ,Hogeschool Inholland,Alkmaar,2021,deeltijd,hbo,ba,EER,realisatie,0.0,0.0,0.0,0.0,0.0,0.0,0.0,0.0,
5106,27PZ02,27PZ,Hogeschool Inholland,Alkmaar,2024,deeltijd,hbo,ba,EER,realisatie,0.0,0.0,0.0,0.0,0.0,0.0,0.0,0.0,
5107,27PZ02,27PZ,Hogeschool Inholland,Alkmaar,2017,deeltijd,hbo,ba,NL,realisatie,354.0,184.0,100.0,51.0,203.0,105.0,54.0,195.0,
5108,27PZ02,27PZ,Hogeschool Inholland,Alkmaar,2018,deeltijd,hbo,ba,NL,realisatie,486.0,236.0,125.0,98.0,263.0,132.0,99.0,255.0,
5109,27PZ02,27PZ,Hogeschool Inholland,Alkmaar,2019,deeltijd,hbo,ba,NL,realisatie,617.0,276.0,179.0,114.0,324.0,188.0,120.0,309.0,
5110,27PZ02,27PZ,Hogeschool Inholland,Alkmaar,2020,deeltijd,hbo,ba,NL,realisatie,741.0,298.0,177.0,154.0,410.0,190.0,161.0,390.0,
5111,27PZ02,27PZ,Hogeschool Inholland,Alkmaar,2021,deeltijd,hbo,ba,NL,realisatie,797.0,277.0,174.0,144.0,479.0,182.0,158.0,457.0,
5112,27PZ02,27PZ,Hogeschool Inholland,Alkmaar,2022,deeltijd,hbo,ba,NL,realisatie,793.0,256.0,156.0,133.0,504.0,165.0,141.0,487.0,
5113,27PZ02,27PZ,Hogeschool Inholland,Alkmaar,2023,deeltijd,hbo,ba,NL,realisatie,824.0,268.0,153.0,145.0,526.0,156.0,155.0,513.0,
5114,27PZ02,27PZ,Hogeschool Inholland,Alkmaar,2024,deeltijd,hbo,ba,NL,realisatie,804.0,249.0,152.0,139.0,513.0,158.0,143.0,503.0,
5115,27PZ02,27PZ,Hogeschool Inholland,Alkmaar,2018,deeltijd,hbo,ba,niet-EER,realisatie,0.0,0.0,0.0,0.0,0.0,0.0,0.0,0.0,
5116,27PZ02,27PZ,Hogeschool Inholland,Alkmaar,2022,deeltijd,hbo,ba,niet-EER,realisatie,0.0,0.0,0.0,0.0,0.0,0.0,0.0,0.0,
5117,27PZ02,27PZ,Hogeschool Inholland,Alkmaar,2023,deeltijd,hbo,ba,niet-EER,realisatie,0.0,0.0,0.0,0.0,0.0,0.0,0.0,0.0,
5118,27PZ02,27PZ,Hogeschool Inholland,Alkmaar,2024,deeltijd,hbo,ba,niet-EER,realisatie,0.0,0.0,0.0,0.0,0.0,0.0,0.0,0.0,
5119,27PZ02,27PZ,Hogeschool Inholland,Alkmaar,2024,voltijd,hbo,ad,EER,realisatie,0.0,0.0,0.0,0.0,0.0,0.0,0.0,0.0,
5120,27PZ02,27PZ,Hogeschool Inholland,Alkmaar,2023,voltijd,hbo,ad,NL,realisatie,0.0,0.0,0.0,0.0,0.0,0.0,0.0,0.0,
5121,27PZ02,27PZ,Hogeschool Inholland,Alkmaar,2024,voltijd,hbo,ad,NL,realisatie,23.0,19.0,9.0,0.0,10.0,19.0,0.0,0.0,
5122,27PZ02,27PZ,Hogeschool Inholland,Alkmaar,2017,voltijd,hbo,ba,EER,realisatie,9.0,0.0,0.0,0.0,0.0,0.0,0.0,0.0,
5123,27PZ02,27PZ,Hogeschool Inholland,Alkmaar,2018,voltijd,hbo,ba,EER,realisatie,14.0,0.0,0.0,0.0,0.0,0.0,0.0,0.0,
5124,27PZ02,27PZ,Hogeschool Inholland,Alkmaar,2019,voltijd,hbo,ba,EER,realisatie,10.0,0.0,0.0,0.0,7.0,0.0,0.0,7.0,
5125,27PZ02,27PZ,Hogeschool Inholland,Alkmaar,2020,voltijd,hbo,ba,EER,realisatie,14.0,0.0,0.0,0.0,8.0,0.0,0.0,8.0,
5126,27PZ02,27PZ,Hogeschool Inholland,Alkmaar,2021,voltijd,hbo,ba,EER,realisatie,16.0,7.0,6.0,0.0,7.0,7.0,0.0,7.0,
5127,27PZ02,27PZ,Hogeschool Inholland,Alkmaar,2022,voltijd,hbo,ba,EER,realisatie,14.0,0.0,0.0,0.0,7.0,0.0,0.0,6.0,
5128,27PZ02,27PZ,Hogeschool Inholland,Alkmaar,2023,voltijd,hbo,ba,EER,realisatie,17.0,0.0,0.0,0.0,8.0,0.0,0.0,8.0,
5129,27PZ02,27PZ,Hogeschool Inholland,Alkmaar,2024,voltijd,hbo,ba,EER,realisatie,13.0,0.0,0.0,0.0,9.0,0.0,0.0,9.0,
5130,27PZ02,27PZ,Hogeschool Inholland,Alkmaar,2017,voltijd,hbo,ba,NL,realisatie,3105.0,751.0,671.0,586.0,1848.0,689.0,589.0,1827.0,
5131,27PZ02,27PZ,Hogeschool Inholland,Alkmaar,2018,voltijd,hbo,ba,NL,realisatie,2998.0,803.0,745.0,601.0,1652.0,753.0,617.0,1628.0,
5132,27PZ02,27PZ,Hogeschool Inholland,Alkmaar,2019,voltijd,hbo,ba,NL,realisatie,3058.0,829.0,761.0,658.0,1639.0,775.0,654.0,1629.0,
5133,27PZ02,27PZ,Hogeschool Inholland,Alkmaar,2020,voltijd,hbo,ba,NL,realisatie,3426.0,1047.0,955.0,698.0,1773.0,974.0,699.0,1753.0,
5134,27PZ02,27PZ,Hogeschool Inholland,Alkmaar,2021,voltijd,hbo,ba,NL,realisatie,3383.0,804.0,749.0,790.0,1844.0,764.0,799.0,1820.0,
5135,27PZ02,27PZ,Hogeschool Inholland,Alkmaar,2022,voltijd,hbo,ba,NL,realisatie,3111.0,699.0,630.0,642.0,1839.0,651.0,640.0,1820.0,
5136,27PZ02,27PZ,Hogeschool Inholland,Alkmaar,2023,voltijd,hbo,ba,NL,realisatie,2974.0,663.0,592.0,531.0,1851.0,607.0,541.0,1826.0,
5137,27PZ02,27PZ,Hogeschool Inholland,Alkmaar,2024,voltijd,hbo,ba,NL,realisatie,2813.0,631.0,567.0,493.0,1753.0,584.0,495.0,1734.0,
5138,27PZ02,27PZ,Hogeschool Inholland,Alkmaar,2017,voltijd,hbo,ba,niet-EER,realisatie,0.0,0.0,0.0,0.0,0.0,0.0,0.0,0.0,
5139,27PZ02,27PZ,Hogeschool Inholland,Alkmaar,2018,voltijd,hbo,ba,niet-EER,realisatie,7.0,0.0,0.0,0.0,0.0,0.0,0.0,0.0,
5140,27PZ02,27PZ,Hogeschool Inholland,Alkmaar,2019,voltijd,hbo,ba,niet-EER,realisatie,8.0,0.0,0.0,0.0,0.0,0.0,0.0,0.0,
5141,27PZ02,27PZ,Hogeschool Inholland,Alkmaar,2020,voltijd,hbo,ba,niet-EER,realisatie,6.0,0.0,0.0,0.0,0.0,0.0,0.0,0.0,
5142,27PZ02,27PZ,Hogeschool Inholland,Alkmaar,2021,voltijd,hbo,ba,niet-EER,realisatie,0.0,0.0,0.0,0.0,0.0,0.0,0.0,0.0,
5143,27PZ02,27PZ,Hogeschool Inholland,Alkmaar,2022,voltijd,hbo,ba,niet-EER,realisatie,0.0,0.0,0.0,0.0,0.0,0.0,0.0,0.0,
5144,27PZ02,27PZ,Hogeschool Inholland,Alkmaar,2023,voltijd,hbo,ba,niet-EER,realisatie,0.0,0.0,0.0,0.0,0.0,0.0,0.0,0.0,
5145,27PZ02,27PZ,Hogeschool Inholland,Alkmaar,2024,voltijd,hbo,ba,niet-EER,realisatie,0.0,0.0,0.0,0.0,0.0,0.0,0.0,0.0,
5146,27PZ03,27PZ,Hogeschool Inholland,Haarlem,2023,deeltijd,hbo,ad,EER,realisatie,0.0,0.0,0.0,0.0,0.0,0.0,0.0,0.0,
5147,27PZ03,27PZ,Hogeschool Inholland,Haarlem,2021,deeltijd,hbo,ad,NL,realisatie,47.0,47.0,22.0,14.0,11.0,47.0,0.0,0.0,
5148,27PZ03,27PZ,Hogeschool Inholland,Haarlem,2022,deeltijd,hbo,ad,NL,realisatie,90.0,59.0,34.0,27.0,29.0,58.0,32.0,0.0,
5149,27PZ03,27PZ,Hogeschool Inholland,Haarlem,2023,deeltijd,hbo,ad,NL,realisatie,118.0,62.0,36.0,42.0,40.0,62.0,47.0,9.0,
5150,27PZ03,27PZ,Hogeschool Inholland,Haarlem,2024,deeltijd,hbo,ad,NL,realisatie,141.0,87.0,47.0,39.0,55.0,85.0,42.0,14.0,
5151,27PZ03,27PZ,Hogeschool Inholland,Haarlem,2019,deeltijd,hbo,ba,EER,realisatie,0.0,0.0,0.0,0.0,0.0,0.0,0.0,0.0,
5152,27PZ03,27PZ,Hogeschool Inholland,Haarlem,2020,deeltijd,hbo,ba,EER,realisatie,0.0,0.0,0.0,0.0,0.0,0.0,0.0,0.0,
5153,27PZ03,27PZ,Hogeschool Inholland,Haarlem,2021,deeltijd,hbo,ba,EER,realisatie,0.0,0.0,0.0,0.0,0.0,0.0,0.0,0.0,
5154,27PZ03,27PZ,Hogeschool Inholland,Haarlem,2022,deeltijd,hbo,ba,EER,realisatie,0.0,0.0,0.0,0.0,0.0,0.0,0.0,0.0,
5155,27PZ03,27PZ,Hogeschool Inholland,Haarlem,2023,deeltijd,hbo,ba,EER,realisatie,0.0,0.0,0.0,0.0,0.0,0.0,0.0,0.0,
5156,27PZ03,27PZ,Hogeschool Inholland,Haarlem,2024,deeltijd,hbo,ba,EER,realisatie,0.0,0.0,0.0,0.0,0.0,0.0,0.0,0.0,
5157,27PZ03,27PZ,Hogeschool Inholland,Haarlem,2017,deeltijd,hbo,ba,NL,realisatie,222.0,110.0,38.0,8.0,176.0,45.0,18.0,159.0,
5158,27PZ03,27PZ,Hogeschool Inholland,Haarlem,2018,deeltijd,hbo,ba,NL,realisatie,248.0,115.0,36.0,45.0,167.0,46.0,51.0,151.0,
5159,27PZ03,27PZ,Hogeschool Inholland,Haarlem,2019,deeltijd,hbo,ba,NL,realisatie,326.0,142.0,48.0,38.0,240.0,67.0,47.0,212.0,
5160,27PZ03,27PZ,Hogeschool Inholland,Haarlem,2020,deeltijd,hbo,ba,NL,realisatie,379.0,149.0,44.0,54.0,281.0,64.0,69.0,246.0,
5161,27PZ03,27PZ,Hogeschool Inholland,Haarlem,2021,deeltijd,hbo,ba,NL,realisatie,411.0,154.0,41.0,36.0,334.0,63.0,58.0,290.0,
5162,27PZ03,27PZ,Hogeschool Inholland,Haarlem,2022,deeltijd,hbo,ba,NL,realisatie,326.0,79.0,33.0,25.0,268.0,37.0,42.0,247.0,
5163,27PZ03,27PZ,Hogeschool Inholland,Haarlem,2023,deeltijd,hbo,ba,NL,realisatie,274.0,77.0,23.0,26.0,225.0,28.0,37.0,209.0,
5164,27PZ03,27PZ,Hogeschool Inholland,Haarlem,2024,deeltijd,hbo,ba,NL,realisatie,282.0,105.0,46.0,39.0,197.0,50.0,43.0,189.0,
5165,27PZ03,27PZ,Hogeschool Inholland,Haarlem,2023,voltijd,hbo,ad,EER,realisatie,0.0,0.0,0.0,0.0,0.0,0.0,0.0,0.0,
5166,27PZ03,27PZ,Hogeschool Inholland,Haarlem,2024,voltijd,hbo,ad,EER,realisatie,0.0,0.0,0.0,0.0,0.0,0.0,0.0,0.0,
5167,27PZ03,27PZ,Hogeschool Inholland,Haarlem,2017,voltijd,hbo,ad,NL,realisatie,12.0,12.0,6.0,0.0,0.0,12.0,0.0,0.0,
5168,27PZ03,27PZ,Hogeschool Inholland,Haarlem,2018,voltijd,hbo,ad,NL,realisatie,32.0,27.0,14.0,11.0,7.0,24.0,7.0,0.0,
5169,27PZ03,27PZ,Hogeschool Inholland,Haarlem,2019,voltijd,hbo,ad,NL,realisatie,59.0,36.0,17.0,22.0,20.0,36.0,18.0,0.0,
5170,27PZ03,27PZ,Hogeschool Inholland,Haarlem,2020,voltijd,hbo,ad,NL,realisatie,75.0,43.0,33.0,19.0,23.0,42.0,28.0,0.0,
5171,27PZ03,27PZ,Hogeschool Inholland,Haarlem,2021,voltijd,hbo,ad,NL,realisatie,87.0,43.0,25.0,31.0,31.0,43.0,32.0,12.0,
5172,27PZ03,27PZ,Hogeschool Inholland,Haarlem,2022,voltijd,hbo,ad,NL,realisatie,73.0,24.0,11.0,26.0,36.0,24.0,34.0,15.0,
5173,27PZ03,27PZ,Hogeschool Inholland,Haarlem,2023,voltijd,hbo,ad,NL,realisatie,76.0,35.0,19.0,19.0,38.0,35.0,22.0,19.0,
5174,27PZ03,27PZ,Hogeschool Inholland,Haarlem,2024,voltijd,hbo,ad,NL,realisatie,60.0,16.0,10.0,17.0,33.0,15.0,27.0,18.0,
5175,27PZ03,27PZ,Hogeschool Inholland,Haarlem,2024,voltijd,hbo,ad,niet-EER,realisatie,0.0,0.0,0.0,0.0,0.0,0.0,0.0,0.0,
5176,27PZ03,27PZ,Hogeschool Inholland,Haarlem,2017,voltijd,hbo,ba,EER,realisatie,95.0,51.0,49.0,16.0,30.0,50.0,16.0,29.0,
5177,27PZ03,27PZ,Hogeschool Inholland,Haarlem,2018,voltijd,hbo,ba,EER,realisatie,116.0,57.0,50.0,26.0,40.0,53.0,25.0,38.0,
5178,27PZ03,27PZ,Hogeschool Inholland,Haarlem,2019,voltijd,hbo,ba,EER,realisatie,142.0,62.0,58.0,29.0,55.0,60.0,28.0,54.0,
5179,27PZ03,27PZ,Hogeschool Inholland,Haarlem,2020,voltijd,hbo,ba,EER,realisatie,159.0,52.0,47.0,42.0,70.0,50.0,43.0,66.0,
5180,27PZ03,27PZ,Hogeschool Inholland,Haarlem,2021,voltijd,hbo,ba,EER,realisatie,196.0,73.0,69.0,38.0,89.0,73.0,38.0,85.0,
5181,27PZ03,27PZ,Hogeschool Inholland,Haarlem,2022,voltijd,hbo,ba,EER,realisatie,208.0,74.0,71.0,41.0,96.0,73.0,42.0,93.0,
5182,27PZ03,27PZ,Hogeschool Inholland,Haarlem,2023,voltijd,hbo,ba,EER,realisatie,197.0,58.0,55.0,43.0,99.0,56.0,43.0,98.0,
5183,27PZ03,27PZ,Hogeschool Inholland,Haarlem,2024,voltijd,hbo,ba,EER,realisatie,195.0,57.0,52.0,31.0,112.0,55.0,30.0,110.0,
5184,27PZ03,27PZ,Hogeschool Inholland,Haarlem,2017,voltijd,hbo,ba,NL,realisatie,4280.0,923.0,770.0,724.0,2786.0,806.0,726.0,2748.0,
5185,27PZ03,27PZ,Hogeschool Inholland,Haarlem,2018,voltijd,hbo,ba,NL,realisatie,4200.0,1076.0,909.0,771.0,2520.0,933.0,789.0,2478.0,
5186,27PZ03,27PZ,Hogeschool Inholland,Haarlem,2019,voltijd,hbo,ba,NL,realisatie,4370.0,1078.0,891.0,829.0,2650.0,908.0,845.0,2617.0,
5187,27PZ03,27PZ,Hogeschool Inholland,Haarlem,2020,voltijd,hbo,ba,NL,realisatie,4695.0,1263.0,1071.0,846.0,2778.0,1110.0,851.0,2734.0,
5188,27PZ03,27PZ,Hogeschool Inholland,Haarlem,2021,voltijd,hbo,ba,NL,realisatie,4684.0,1047.0,886.0,959.0,2839.0,927.0,980.0,2777.0,
5189,27PZ03,27PZ,Hogeschool Inholland,Haarlem,2022,voltijd,hbo,ba,NL,realisatie,4386.0,913.0,774.0,721.0,2891.0,808.0,741.0,2837.0,
5190,27PZ03,27PZ,Hogeschool Inholland,Haarlem,2023,voltijd,hbo,ba,NL,realisatie,4101.0,944.0,774.0,636.0,2691.0,818.0,650.0,2633.0,
5191,27PZ03,27PZ,Hogeschool Inholland,Haarlem,2024,voltijd,hbo,ba,NL,realisatie,3730.0,818.0,688.0,672.0,2370.0,713.0,708.0,2309.0,
5192,27PZ03,27PZ,Hogeschool Inholland,Haarlem,2017,voltijd,hbo,ba,niet-EER,realisatie,43.0,28.0,28.0,0.0,12.0,28.0,0.0,12.0,
5193,27PZ03,27PZ,Hogeschool Inholland,Haarlem,2018,voltijd,hbo,ba,niet-EER,realisatie,41.0,23.0,22.0,10.0,9.0,23.0,9.0,9.0,
5194,27PZ03,27PZ,Hogeschool Inholland,Haarlem,2019,voltijd,hbo,ba,niet-EER,realisatie,65.0,40.0,37.0,17.0,11.0,38.0,17.0,10.0,
5195,27PZ03,27PZ,Hogeschool Inholland,Haarlem,2020,voltijd,hbo,ba,niet-EER,realisatie,66.0,28.0,26.0,19.0,21.0,27.0,19.0,20.0,
5196,27PZ03,27PZ,Hogeschool Inholland,Haarlem,2021,voltijd,hbo,ba,niet-EER,realisatie,68.0,20.0,19.0,18.0,31.0,19.0,19.0,30.0,
5197,27PZ03,27PZ,Hogeschool Inholland,Haarlem,2022,voltijd,hbo,ba,niet-EER,realisatie,115.0,68.0,68.0,9.0,38.0,68.0,9.0,38.0,
5198,27PZ03,27PZ,Hogeschool Inholland,Haarlem,2023,voltijd,hbo,ba,niet-EER,realisatie,137.0,70.0,64.0,35.0,38.0,67.0,34.0,36.0,
5199,27PZ03,27PZ,Hogeschool Inholland,Haarlem,2024,voltijd,hbo,ba,niet-EER,realisatie,169.0,84.0,83.0,40.0,46.0,84.0,40.0,45.0,
5200,27PZ05,27PZ,Hogeschool Inholland,Dordrecht,2022,deeltijd,hbo,ad,EER,realisatie,0.0,0.0,0.0,0.0,0.0,0.0,0.0,0.0,
5201,27PZ05,27PZ,Hogeschool Inholland,Dordrecht,2023,deeltijd,hbo,ad,EER,realisatie,0.0,0.0,0.0,0.0,0.0,0.0,0.0,0.0,
5202,27PZ05,27PZ,Hogeschool Inholland,Dordrecht,2024,deeltijd,hbo,ad,EER,realisatie,0.0,0.0,0.0,0.0,0.0,0.0,0.0,0.0,
5203,27PZ05,27PZ,Hogeschool Inholland,Dordrecht,2022,deeltijd,hbo,ad,NL,realisatie,47.0,47.0,31.0,8.0,8.0,47.0,0.0,0.0,
5204,27PZ05,27PZ,Hogeschool Inholland,Dordrecht,2023,deeltijd,hbo,ad,NL,realisatie,116.0,83.0,55.0,36.0,25.0,83.0,32.0,0.0,
5205,27PZ05,27PZ,Hogeschool Inholland,Dordrecht,2024,deeltijd,hbo,ad,NL,realisatie,116.0,53.0,34.0,45.0,37.0,52.0,57.0,7.0,
5206,27PZ05,27PZ,Hogeschool Inholland,Dordrecht,2017,deeltijd,hbo,ba,NL,realisatie,119.0,49.0,8.0,0.0,106.0,17.0,9.0,93.0,
5207,27PZ05,27PZ,Hogeschool Inholland,Dordrecht,2018,deeltijd,hbo,ba,NL,realisatie,145.0,65.0,11.0,8.0,126.0,21.0,15.0,109.0,
5208,27PZ05,27PZ,Hogeschool Inholland,Dordrecht,2019,deeltijd,hbo,ba,NL,realisatie,136.0,45.0,18.0,9.0,109.0,22.0,18.0,96.0,
5209,27PZ05,27PZ,Hogeschool Inholland,Dordrecht,2020,deeltijd,hbo,ba,NL,realisatie,141.0,54.0,15.0,12.0,114.0,23.0,15.0,103.0,
5210,27PZ05,27PZ,Hogeschool Inholland,Dordrecht,2021,deeltijd,hbo,ba,NL,realisatie,126.0,43.0,11.0,15.0,100.0,13.0,22.0,91.0,
5211,27PZ05,27PZ,Hogeschool Inholland,Dordrecht,2022,deeltijd,hbo,ba,NL,realisatie,114.0,25.0,7.0,10.0,97.0,8.0,14.0,92.0,
5212,27PZ05,27PZ,Hogeschool Inholland,Dordrecht,2023,deeltijd,hbo,ba,NL,realisatie,101.0,29.0,0.0,7.0,89.0,10.0,7.0,84.0,
5213,27PZ05,27PZ,Hogeschool Inholland,Dordrecht,2024,deeltijd,hbo,ba,NL,realisatie,105.0,35.0,21.0,6.0,78.0,22.0,9.0,74.0,
5214,27PZ05,27PZ,Hogeschool Inholland,Dordrecht,2020,deeltijd,hbo,ba,niet-EER,realisatie,0.0,0.0,0.0,0.0,0.0,0.0,0.0,0.0,
5215,27PZ05,27PZ,Hogeschool Inholland,Dordrecht,2021,deeltijd,hbo,ba,niet-EER,realisatie,0.0,0.0,0.0,0.0,0.0,0.0,0.0,0.0,
5216,27PZ05,27PZ,Hogeschool Inholland,Dordrecht,2022,deeltijd,hbo,ba,niet-EER,realisatie,0.0,0.0,0.0,0.0,0.0,0.0,0.0,0.0,
5217,27PZ05,27PZ,Hogeschool Inholland,Dordrecht,2022,voltijd,hbo,ad,EER,realisatie,0.0,0.0,0.0,0.0,0.0,0.0,0.0,0.0,
5218,27PZ05,27PZ,Hogeschool Inholland,Dordrecht,2022,voltijd,hbo,ad,NL,realisatie,0.0,0.0,0.0,0.0,0.0,0.0,0.0,0.0,
5219,27PZ05,27PZ,Hogeschool Inholland,Dordrecht,2023,voltijd,hbo,ad,NL,realisatie,10.0,0.0,0.0,0.0,0.0,0.0,0.0,0.0,
5220,27PZ05,27PZ,Hogeschool Inholland,Dordrecht,2024,voltijd,hbo,ad,NL,realisatie,0.0,0.0,0.0,0.0,0.0,0.0,0.0,0.0,
5221,27PZ05,27PZ,Hogeschool Inholland,Dordrecht,2022,voltijd,hbo,ba,EER,realisatie,0.0,0.0,0.0,0.0,0.0,0.0,0.0,0.0,
5222,27PZ05,27PZ,Hogeschool Inholland,Dordrecht,2024,voltijd,hbo,ba,EER,realisatie,0.0,0.0,0.0,0.0,0.0,0.0,0.0,0.0,
5223,27PZ05,27PZ,Hogeschool Inholland,Dordrecht,2017,voltijd,hbo,ba,NL,realisatie,176.0,38.0,34.0,32.0,110.0,34.0,33.0,109.0,
5224,27PZ05,27PZ,Hogeschool Inholland,Dordrecht,2018,voltijd,hbo,ba,NL,realisatie,204.0,73.0,56.0,38.0,110.0,58.0,38.0,108.0,
5225,27PZ05,27PZ,Hogeschool Inholland,Dordrecht,2019,voltijd,hbo,ba,NL,realisatie,237.0,86.0,65.0,51.0,121.0,66.0,51.0,120.0,
5226,27PZ05,27PZ,Hogeschool Inholland,Dordrecht,2020,voltijd,hbo,ba,NL,realisatie,314.0,124.0,96.0,73.0,145.0,98.0,73.0,143.0,
5227,27PZ05,27PZ,Hogeschool Inholland,Dordrecht,2021,voltijd,hbo,ba,NL,realisatie,302.0,64.0,50.0,75.0,177.0,53.0,78.0,171.0,
5228,27PZ05,27PZ,Hogeschool Inholland,Dordrecht,2022,voltijd,hbo,ba,NL,realisatie,307.0,82.0,66.0,53.0,188.0,67.0,55.0,185.0,
5229,27PZ05,27PZ,Hogeschool Inholland,Dordrecht,2023,voltijd,hbo,ba,NL,realisatie,307.0,93.0,76.0,47.0,184.0,78.0,48.0,181.0,
5230,27PZ05,27PZ,Hogeschool Inholland,Dordrecht,2024,voltijd,hbo,ba,NL,realisatie,263.0,49.0,48.0,48.0,167.0,48.0,50.0,165.0,
5231,27PZ07,27PZ,Hogeschool Inholland,Amsterdam,2022,deeltijd,hbo,ad,EER,realisatie,0.0,0.0,0.0,0.0,0.0,0.0,0.0,0.0,Noord-Holland
5232,27PZ07,27PZ,Hogeschool Inholland,Amsterdam,2023,deeltijd,hbo,ad,EER,realisatie,0.0,0.0,0.0,0.0,0.0,0.0,0.0,0.0,Noord-Holland
5233,27PZ07,27PZ,Hogeschool Inholland,Amsterdam,2024,deeltijd,hbo,ad,EER,realisatie,0.0,0.0,0.0,0.0,0.0,0.0,0.0,0.0,Noord-Holland
5234,27PZ07,27PZ,Hogeschool Inholland,Amsterdam,2019,deeltijd,hbo,ad,NL,realisatie,19.0,19.0,9.0,0.0,6.0,18.0,0.0,0.0,Noord-Holland
5235,27PZ07,27PZ,Hogeschool Inholland,Amsterdam,2020,deeltijd,hbo,ad,NL,realisatie,22.0,8.0,0.0,6.0,11.0,8.0,13.0,0.0,Noord-Holland
5236,27PZ07,27PZ,Hogeschool Inholland,Amsterdam,2021,deeltijd,hbo,ad,NL,realisatie,21.0,8.0,0.0,7.0,13.0,8.0,7.0,6.0,Noord-Holland
5237,27PZ07,27PZ,Hogeschool Inholland,Amsterdam,2022,deeltijd,hbo,ad,NL,realisatie,40.0,28.0,12.0,0.0,24.0,26.0,8.0,6.0,Noord-Holland
5238,27PZ07,27PZ,Hogeschool Inholland,Amsterdam,2023,deeltijd,hbo,ad,NL,realisatie,53.0,29.0,6.0,16.0,31.0,24.0,23.0,6.0,Noord-Holland
5239,27PZ07,27PZ,Hogeschool Inholland,Amsterdam,2024,deeltijd,hbo,ad,NL,realisatie,73.0,49.0,20.0,14.0,39.0,44.0,18.0,11.0,Noord-Holland
5240,27PZ07,27PZ,Hogeschool Inholland,Amsterdam,2019,deeltijd,hbo,ad,niet-EER,realisatie,0.0,0.0,0.0,0.0,0.0,0.0,0.0,0.0,Noord-Holland
5241,27PZ07,27PZ,Hogeschool Inholland,Amsterdam,2020,deeltijd,hbo,ad,niet-EER,realisatie,0.0,0.0,0.0,0.0,0.0,0.0,0.0,0.0,Noord-Holland
5242,27PZ07,27PZ,Hogeschool Inholland,Amsterdam,2022,deeltijd,hbo,ad,niet-EER,realisatie,0.0,0.0,0.0,0.0,0.0,0.0,0.0,0.0,Noord-Holland
5243,27PZ07,27PZ,Hogeschool Inholland,Amsterdam,2024,deeltijd,hbo,ad,niet-EER,realisatie,0.0,0.0,0.0,0.0,0.0,0.0,0.0,0.0,Noord-Holland
5244,27PZ07,27PZ,Hogeschool Inholland,Amsterdam,2017,deeltijd,hbo,ba,EER,realisatie,49.0,8.0,6.0,9.0,34.0,6.0,13.0,30.0,Noord-Holland
5245,27PZ07,27PZ,Hogeschool Inholland,Amsterdam,2018,deeltijd,hbo,ba,EER,realisatie,31.0,0.0,0.0,0.0,27.0,0.0,0.0,27.0,Noord-Holland
5246,27PZ07,27PZ,Hogeschool Inholland,Amsterdam,2019,deeltijd,hbo,ba,EER,realisatie,20.0,0.0,0.0,0.0,20.0,0.0,0.0,20.0,Noord-Holland
5247,27PZ07,27PZ,Hogeschool Inholland,Amsterdam,2020,deeltijd,hbo,ba,EER,realisatie,14.0,0.0,0.0,0.0,12.0,0.0,0.0,12.0,Noord-Holland
5248,27PZ07,27PZ,Hogeschool Inholland,Amsterdam,2021,deeltijd,hbo,ba,EER,realisatie,0.0,0.0,0.0,0.0,0.0,0.0,0.0,0.0,Noord-Holland
5249,27PZ07,27PZ,Hogeschool Inholland,Amsterdam,2022,deeltijd,hbo,ba,EER,realisatie,0.0,0.0,0.0,0.0,0.0,0.0,0.0,0.0,Noord-Holland
5250,27PZ07,27PZ,Hogeschool Inholland,Amsterdam,2023,deeltijd,hbo,ba,EER,realisatie,0.0,0.0,0.0,0.0,0.0,0.0,0.0,0.0,Noord-Holland
5251,27PZ07,27PZ,Hogeschool Inholland,Amsterdam,2024,deeltijd,hbo,ba,EER,realisatie,6.0,0.0,0.0,0.0,0.0,0.0,0.0,0.0,Noord-Holland
5252,27PZ07,27PZ,Hogeschool Inholland,Amsterdam,2017,deeltijd,hbo,ba,NL,realisatie,431.0,63.0,21.0,33.0,377.0,23.0,43.0,365.0,Noord-Holland
5253,27PZ07,27PZ,Hogeschool Inholland,Amsterdam,2018,deeltijd,hbo,ba,NL,realisatie,453.0,150.0,94.0,29.0,330.0,95.0,31.0,327.0,Noord-Holland
5254,27PZ07,27PZ,Hogeschool Inholland,Amsterdam,2019,deeltijd,hbo,ba,NL,realisatie,471.0,169.0,95.0,77.0,299.0,99.0,78.0,294.0,Noord-Holland
5255,27PZ07,27PZ,Hogeschool Inholland,Amsterdam,2020,deeltijd,hbo,ba,NL,realisatie,443.0,150.0,81.0,73.0,289.0,90.0,72.0,281.0,Noord-Holland
5256,27PZ07,27PZ,Hogeschool Inholland,Amsterdam,2021,deeltijd,hbo,ba,NL,realisatie,421.0,197.0,108.0,73.0,240.0,113.0,78.0,230.0,Noord-Holland
5257,27PZ07,27PZ,Hogeschool Inholland,Amsterdam,2022,deeltijd,hbo,ba,NL,realisatie,392.0,138.0,65.0,84.0,243.0,68.0,88.0,236.0,Noord-Holland
5258,27PZ07,27PZ,Hogeschool Inholland,Amsterdam,2023,deeltijd,hbo,ba,NL,realisatie,430.0,171.0,87.0,65.0,278.0,95.0,68.0,267.0,Noord-Holland
5259,27PZ07,27PZ,Hogeschool Inholland,Amsterdam,2024,deeltijd,hbo,ba,NL,realisatie,418.0,162.0,79.0,71.0,268.0,85.0,79.0,254.0,Noord-Holland
5260,27PZ07,27PZ,Hogeschool Inholland,Amsterdam,2017,deeltijd,hbo,ba,niet-EER,realisatie,6.0,0.0,0.0,0.0,6.0,0.0,0.0,6.0,Noord-Holland
5261,27PZ07,27PZ,Hogeschool Inholland,Amsterdam,2018,deeltijd,hbo,ba,niet-EER,realisatie,6.0,0.0,0.0,0.0,0.0,0.0,0.0,0.0,Noord-Holland
5262,27PZ07,27PZ,Hogeschool Inholland,Amsterdam,2019,deeltijd,hbo,ba,niet-EER,realisatie,0.0,0.0,0.0,0.0,0.0,0.0,0.0,0.0,Noord-Holland
5263,27PZ07,27PZ,Hogeschool Inholland,Amsterdam,2020,deeltijd,hbo,ba,niet-EER,realisatie,0.0,0.0,0.0,0.0,0.0,0.0,0.0,0.0,Noord-Holland
5264,27PZ07,27PZ,Hogeschool Inholland,Amsterdam,2021,deeltijd,hbo,ba,niet-EER,realisatie,0.0,0.0,0.0,0.0,0.0,0.0,0.0,0.0,Noord-Holland
5265,27PZ07,27PZ,Hogeschool Inholland,Amsterdam,2022,deeltijd,hbo,ba,niet-EER,realisatie,0.0,0.0,0.0,0.0,0.0,0.0,0.0,0.0,Noord-Holland
5266,27PZ07,27PZ,Hogeschool Inholland,Amsterdam,2023,deeltijd,hbo,ba,niet-EER,realisatie,0.0,0.0,0.0,0.0,0.0,0.0,0.0,0.0,Noord-Holland
5267,27PZ07,27PZ,Hogeschool Inholland,Amsterdam,2024,deeltijd,hbo,ba,niet-EER,realisatie,0.0,0.0,0.0,0.0,0.0,0.0,0.0,0.0,Noord-Holland
5268,27PZ07,27PZ,Hogeschool Inholland,Amsterdam,2017,deeltijd,hbo,ma,EER,realisatie,0.0,0.0,0.0,0.0,0.0,0.0,0.0,0.0,Noord-Holland
5269,27PZ07,27PZ,Hogeschool Inholland,Amsterdam,2018,deeltijd,hbo,ma,EER,realisatie,0.0,0.0,0.0,0.0,0.0,0.0,0.0,0.0,Noord-Holland
5270,27PZ07,27PZ,Hogeschool Inholland,Amsterdam,2019,deeltijd,hbo,ma,EER,realisatie,0.0,0.0,0.0,0.0,0.0,0.0,0.0,0.0,Noord-Holland
5271,27PZ07,27PZ,Hogeschool Inholland,Amsterdam,2020,deeltijd,hbo,ma,EER,realisatie,0.0,0.0,0.0,0.0,0.0,0.0,0.0,0.0,Noord-Holland
5272,27PZ07,27PZ,Hogeschool Inholland,Amsterdam,2021,deeltijd,hbo,ma,EER,realisatie,0.0,0.0,0.0,0.0,0.0,0.0,0.0,0.0,Noord-Holland
5273,27PZ07,27PZ,Hogeschool Inholland,Amsterdam,2022,deeltijd,hbo,ma,EER,realisatie,0.0,0.0,0.0,0.0,0.0,0.0,0.0,0.0,Noord-Holland
5274,27PZ07,27PZ,Hogeschool Inholland,Amsterdam,2023,deeltijd,hbo,ma,EER,realisatie,0.0,0.0,0.0,0.0,0.0,0.0,0.0,0.0,Noord-Holland
5275,27PZ07,27PZ,Hogeschool Inholland,Amsterdam,2024,deeltijd,hbo,ma,EER,realisatie,0.0,0.0,0.0,0.0,0.0,0.0,0.0,0.0,Noord-Holland
5276,27PZ07,27PZ,Hogeschool Inholland,Amsterdam,2017,deeltijd,hbo,ma,NL,realisatie,174.0,72.0,0.0,0.0,173.0,67.0,49.0,58.0,Noord-Holland
5277,27PZ07,27PZ,Hogeschool Inholland,Amsterdam,2018,deeltijd,hbo,ma,NL,realisatie,190.0,87.0,7.0,0.0,182.0,77.0,55.0,58.0,Noord-Holland
5278,27PZ07,27PZ,Hogeschool Inholland,Amsterdam,2019,deeltijd,hbo,ma,NL,realisatie,211.0,83.0,6.0,0.0,200.0,79.0,59.0,73.0,Noord-Holland
5279,27PZ07,27PZ,Hogeschool Inholland,Amsterdam,2020,deeltijd,hbo,ma,NL,realisatie,208.0,68.0,0.0,0.0,198.0,63.0,72.0,73.0,Noord-Holland
5280,27PZ07,27PZ,Hogeschool Inholland,Amsterdam,2021,deeltijd,hbo,ma,NL,realisatie,175.0,62.0,0.0,0.0,170.0,59.0,47.0,69.0,Noord-Holland
5281,27PZ07,27PZ,Hogeschool Inholland,Amsterdam,2022,deeltijd,hbo,ma,NL,realisatie,146.0,58.0,0.0,0.0,141.0,56.0,42.0,48.0,Noord-Holland
5282,27PZ07,27PZ,Hogeschool Inholland,Amsterdam,2023,deeltijd,hbo,ma,NL,realisatie,161.0,64.0,0.0,0.0,155.0,61.0,52.0,48.0,Noord-Holland
5283,27PZ07,27PZ,Hogeschool Inholland,Amsterdam,2024,deeltijd,hbo,ma,NL,realisatie,136.0,47.0,0.0,0.0,128.0,43.0,47.0,46.0,Noord-Holland
5284,27PZ07,27PZ,Hogeschool Inholland,Amsterdam,2020,voltijd,hbo,ad,EER,realisatie,0.0,0.0,0.0,0.0,0.0,0.0,0.0,0.0,Noord-Holland
5285,27PZ07,27PZ,Hogeschool Inholland,Amsterdam,2021,voltijd,hbo,ad,EER,realisatie,0.0,0.0,0.0,0.0,0.0,0.0,0.0,0.0,Noord-Holland
5286,27PZ07,27PZ,Hogeschool Inholland,Amsterdam,2022,voltijd,hbo,ad,EER,realisatie,0.0,0.0,0.0,0.0,0.0,0.0,0.0,0.0,Noord-Holland
5287,27PZ07,27PZ,Hogeschool Inholland,Amsterdam,2023,voltijd,hbo,ad,EER,realisatie,0.0,0.0,0.0,0.0,0.0,0.0,0.0,0.0,Noord-Holland
5288,27PZ07,27PZ,Hogeschool Inholland,Amsterdam,2024,voltijd,hbo,ad,EER,realisatie,6.0,0.0,0.0,0.0,0.0,0.0,0.0,0.0,Noord-Holland
5289,27PZ07,27PZ,Hogeschool Inholland,Amsterdam,2017,voltijd,hbo,ad,NL,realisatie,251.0,114.0,51.0,49.0,151.0,110.0,56.0,85.0,Noord-Holland
5290,27PZ07,27PZ,Hogeschool Inholland,Amsterdam,2018,voltijd,hbo,ad,NL,realisatie,255.0,125.0,65.0,66.0,124.0,124.0,72.0,59.0,Noord-Holland
5291,27PZ07,27PZ,Hogeschool Inholland,Amsterdam,2019,voltijd,hbo,ad,NL,realisatie,285.0,143.0,77.0,79.0,129.0,140.0,96.0,49.0,Noord-Holland
5292,27PZ07,27PZ,Hogeschool Inholland,Amsterdam,2020,voltijd,hbo,ad,NL,realisatie,298.0,150.0,90.0,71.0,137.0,147.0,93.0,58.0,Noord-Holland
5293,27PZ07,27PZ,Hogeschool Inholland,Amsterdam,2021,voltijd,hbo,ad,NL,realisatie,326.0,147.0,71.0,96.0,159.0,145.0,109.0,72.0,Noord-Holland
5294,27PZ07,27PZ,Hogeschool Inholland,Amsterdam,2022,voltijd,hbo,ad,NL,realisatie,275.0,109.0,54.0,57.0,164.0,109.0,96.0,70.0,Noord-Holland
5295,27PZ07,27PZ,Hogeschool Inholland,Amsterdam,2023,voltijd,hbo,ad,NL,realisatie,331.0,197.0,90.0,82.0,159.0,197.0,72.0,62.0,Noord-Holland
5296,27PZ07,27PZ,Hogeschool Inholland,Amsterdam,2024,voltijd,hbo,ad,NL,realisatie,440.0,252.0,139.0,111.0,190.0,249.0,145.0,46.0,Noord-Holland
5297,27PZ07,27PZ,Hogeschool Inholland,Amsterdam,2017,voltijd,hbo,ad,niet-EER,realisatie,0.0,0.0,0.0,0.0,0.0,0.0,0.0,0.0,Noord-Holland
5298,27PZ07,27PZ,Hogeschool Inholland,Amsterdam,2021,voltijd,hbo,ad,niet-EER,realisatie,0.0,0.0,0.0,0.0,0.0,0.0,0.0,0.0,Noord-Holland
5299,27PZ07,27PZ,Hogeschool Inholland,Amsterdam,2023,voltijd,hbo,ad,niet-EER,realisatie,0.0,0.0,0.0,0.0,0.0,0.0,0.0,0.0,Noord-Holland
5300,27PZ07,27PZ,Hogeschool Inholland,Amsterdam,2024,voltijd,hbo,ad,niet-EER,realisatie,0.0,0.0,0.0,0.0,0.0,0.0,0.0,0.0,Noord-Holland
5301,27PZ07,27PZ,Hogeschool Inholland,Amsterdam,2017,voltijd,hbo,ba,EER,realisatie,226.0,63.0,62.0,47.0,117.0,62.0,50.0,114.0,Noord-Holland
5302,27PZ07,27PZ,Hogeschool Inholland,Amsterdam,2018,voltijd,hbo,ba,EER,realisatie,238.0,73.0,66.0,46.0,126.0,69.0,45.0,124.0,Noord-Holland
5303,27PZ07,27PZ,Hogeschool Inholland,Amsterdam,2019,voltijd,hbo,ba,EER,realisatie,245.0,75.0,69.0,42.0,134.0,72.0,40.0,133.0,Noord-Holland
5304,27PZ07,27PZ,Hogeschool Inholland,Amsterdam,2020,voltijd,hbo,ba,EER,realisatie,231.0,49.0,43.0,51.0,137.0,44.0,55.0,132.0,Noord-Holland
5305,27PZ07,27PZ,Hogeschool Inholland,Amsterdam,2021,voltijd,hbo,ba,EER,realisatie,252.0,66.0,55.0,40.0,157.0,60.0,37.0,155.0,Noord-Holland
5306,27PZ07,27PZ,Hogeschool Inholland,Amsterdam,2022,voltijd,hbo,ba,EER,realisatie,263.0,69.0,62.0,48.0,153.0,64.0,51.0,148.0,Noord-Holland
5307,27PZ07,27PZ,Hogeschool Inholland,Amsterdam,2023,voltijd,hbo,ba,EER,realisatie,266.0,72.0,61.0,55.0,150.0,65.0,54.0,147.0,Noord-Holland
5308,27PZ07,27PZ,Hogeschool Inholland,Amsterdam,2024,voltijd,hbo,ba,EER,realisatie,260.0,56.0,48.0,48.0,164.0,51.0,50.0,159.0,Noord-Holland
5309,27PZ07,27PZ,Hogeschool Inholland,Amsterdam,2017,voltijd,hbo,ba,NL,realisatie,6298.0,1168.0,926.0,990.0,4382.0,982.0,1030.0,4286.0,Noord-Holland
5310,27PZ07,27PZ,Hogeschool Inholland,Amsterdam,2018,voltijd,hbo,ba,NL,realisatie,6011.0,1240.0,987.0,939.0,4085.0,1041.0,974.0,3996.0,Noord-Holland
5311,27PZ07,27PZ,Hogeschool Inholland,Amsterdam,2019,voltijd,hbo,ba,NL,realisatie,5928.0,1335.0,1058.0,955.0,3915.0,1125.0,984.0,3819.0,Noord-Holland
5312,27PZ07,27PZ,Hogeschool Inholland,Amsterdam,2020,voltijd,hbo,ba,NL,realisatie,6254.0,1597.0,1327.0,1040.0,3887.0,1374.0,1092.0,3788.0,Noord-Holland
5313,27PZ07,27PZ,Hogeschool Inholland,Amsterdam,2021,voltijd,hbo,ba,NL,realisatie,6114.0,1326.0,1113.0,1235.0,3766.0,1185.0,1248.0,3681.0,Noord-Holland
5314,27PZ07,27PZ,Hogeschool Inholland,Amsterdam,2022,voltijd,hbo,ba,NL,realisatie,5832.0,1137.0,924.0,965.0,3943.0,980.0,1001.0,3851.0,Noord-Holland
5315,27PZ07,27PZ,Hogeschool Inholland,Amsterdam,2023,voltijd,hbo,ba,NL,realisatie,5558.0,1132.0,910.0,898.0,3750.0,969.0,924.0,3665.0,Noord-Holland
5316,27PZ07,27PZ,Hogeschool Inholland,Amsterdam,2024,voltijd,hbo,ba,NL,realisatie,5229.0,1164.0,943.0,834.0,3452.0,993.0,871.0,3365.0,Noord-Holland
5317,27PZ07,27PZ,Hogeschool Inholland,Amsterdam,2017,voltijd,hbo,ba,niet-EER,realisatie,109.0,34.0,29.0,24.0,56.0,30.0,25.0,54.0,Noord-Holland
5318,27PZ07,27PZ,Hogeschool Inholland,Amsterdam,2018,voltijd,hbo,ba,niet-EER,realisatie,90.0,26.0,23.0,18.0,49.0,25.0,17.0,48.0,Noord-Holland
5319,27PZ07,27PZ,Hogeschool Inholland,Amsterdam,2019,voltijd,hbo,ba,niet-EER,realisatie,101.0,41.0,36.0,17.0,48.0,37.0,19.0,45.0,Noord-Holland
5320,27PZ07,27PZ,Hogeschool Inholland,Amsterdam,2020,voltijd,hbo,ba,niet-EER,realisatie,84.0,16.0,14.0,24.0,46.0,14.0,24.0,46.0,Noord-Holland
5321,27PZ07,27PZ,Hogeschool Inholland,Amsterdam,2021,voltijd,hbo,ba,niet-EER,realisatie,87.0,24.0,19.0,11.0,57.0,21.0,10.0,56.0,Noord-Holland
5322,27PZ07,27PZ,Hogeschool Inholland,Amsterdam,2022,voltijd,hbo,ba,niet-EER,realisatie,121.0,61.0,57.0,20.0,44.0,59.0,21.0,41.0,Noord-Holland
5323,27PZ07,27PZ,Hogeschool Inholland,Amsterdam,2023,voltijd,hbo,ba,niet-EER,realisatie,151.0,76.0,71.0,35.0,45.0,74.0,35.0,42.0,Noord-Holland
5324,27PZ07,27PZ,Hogeschool Inholland,Amsterdam,2024,voltijd,hbo,ba,niet-EER,realisatie,169.0,72.0,65.0,45.0,59.0,67.0,46.0,56.0,Noord-Holland
5325,27PZ07,27PZ,Hogeschool Inholland,Amsterdam,2018,voltijd,hbo,ma,EER,realisatie,0.0,0.0,0.0,0.0,0.0,0.0,0.0,0.0,Noord-Holland
5326,27PZ07,27PZ,Hogeschool Inholland,Amsterdam,2019,voltijd,hbo,ma,EER,realisatie,0.0,0.0,0.0,0.0,0.0,0.0,0.0,0.0,Noord-Holland
5327,27PZ07,27PZ,Hogeschool Inholland,Amsterdam,2020,voltijd,hbo,ma,EER,realisatie,0.0,0.0,0.0,0.0,0.0,0.0,0.0,0.0,Noord-Holland
5328,27PZ07,27PZ,Hogeschool Inholland,Amsterdam,2021,voltijd,hbo,ma,EER,realisatie,0.0,0.0,0.0,0.0,0.0,0.0,0.0,0.0,Noord-Holland
5329,27PZ07,27PZ,Hogeschool Inholland,Amsterdam,2022,voltijd,hbo,ma,EER,realisatie,0.0,0.0,0.0,0.0,0.0,0.0,0.0,0.0,Noord-Holland
5330,27PZ07,27PZ,Hogeschool Inholland,Amsterdam,2017,voltijd,hbo,ma,NL,realisatie,145.0,57.0,0.0,8.0,132.0,56.0,66.0,23.0,Noord-Holland
5331,27PZ07,27PZ,Hogeschool Inholland,Amsterdam,2018,voltijd,hbo,ma,NL,realisatie,162.0,88.0,10.0,0.0,147.0,85.0,51.0,26.0,Noord-Holland
5332,27PZ07,27PZ,Hogeschool Inholland,Amsterdam,2019,voltijd,hbo,ma,NL,realisatie,187.0,85.0,8.0,10.0,169.0,85.0,79.0,23.0,Noord-Holland
5333,27PZ07,27PZ,Hogeschool Inholland,Amsterdam,2020,voltijd,hbo,ma,NL,realisatie,198.0,80.0,8.0,11.0,179.0,79.0,85.0,34.0,Noord-Holland
5334,27PZ07,27PZ,Hogeschool Inholland,Amsterdam,2021,voltijd,hbo,ma,NL,realisatie,196.0,85.0,0.0,10.0,182.0,85.0,73.0,38.0,Noord-Holland
5335,27PZ07,27PZ,Hogeschool Inholland,Amsterdam,2022,voltijd,hbo,ma,NL,realisatie,204.0,88.0,7.0,0.0,193.0,87.0,80.0,37.0,Noord-Holland
5336,27PZ07,27PZ,Hogeschool Inholland,Amsterdam,2023,voltijd,hbo,ma,NL,realisatie,205.0,89.0,8.0,8.0,189.0,87.0,81.0,37.0,Noord-Holland
5337,27PZ07,27PZ,Hogeschool Inholland,Amsterdam,2024,voltijd,hbo,ma,NL,realisatie,215.0,90.0,8.0,8.0,199.0,88.0,85.0,42.0,Noord-Holland
5338,27PZ07,27PZ,Hogeschool Inholland,Amsterdam,2017,voltijd,hbo,ma,niet-EER,realisatie,0.0,0.0,0.0,0.0,0.0,0.0,0.0,0.0,Noord-Holland
5339,27PZ07,27PZ,Hogeschool Inholland,Amsterdam,2018,voltijd,hbo,ma,niet-EER,realisatie,0.0,0.0,0.0,0.0,0.0,0.0,0.0,0.0,Noord-Holland
5340,27PZ07,27PZ,Hogeschool Inholland,Amsterdam,2022,voltijd,hbo,ma,niet-EER,realisatie,0.0,0.0,0.0,0.0,0.0,0.0,0.0,0.0,Noord-Holland
5341,27PZ07,27PZ,Hogeschool Inholland,Amsterdam,2023,voltijd,hbo,ma,niet-EER,realisatie,0.0,0.0,0.0,0.0,0.0,0.0,0.0,0.0,Noord-Holland
5342,27PZ07,27PZ,Hogeschool Inholland,Amsterdam,2024,voltijd,hbo,ma,niet-EER,realisatie,0.0,0.0,0.0,0.0,0.0,0.0,0.0,0.0,Noord-Holland
5343,27PZ08,27PZ,Hogeschool Inholland,Delft,2023,deeltijd,hbo,ba,EER,realisatie,0.0,0.0,0.0,0.0,0.0,0.0,0.0,0.0,Zuid-Holland
5344,27PZ08,27PZ,Hogeschool Inholland,Delft,2017,deeltijd,hbo,ba,NL,realisatie,20.0,20.0,9.0,0.0,9.0,11.0,0.0,7.0,Zuid-Holland
5345,27PZ08,27PZ,Hogeschool Inholland,Delft,2018,deeltijd,hbo,ba,NL,realisatie,19.0,6.0,0.0,10.0,7.0,0.0,12.0,0.0,Zuid-Holland
5346,27PZ08,27PZ,Hogeschool Inholland,Delft,2019,deeltijd,hbo,ba,NL,realisatie,21.0,8.0,0.0,0.0,14.0,0.0,0.0,14.0,Zuid-Holland
5347,27PZ08,27PZ,Hogeschool Inholland,Delft,2020,deeltijd,hbo,ba,NL,realisatie,29.0,15.0,6.0,6.0,17.0,6.0,8.0,15.0,Zuid-Holland
5348,27PZ08,27PZ,Hogeschool Inholland,Delft,2021,deeltijd,hbo,ba,NL,realisatie,38.0,18.0,12.0,6.0,20.0,12.0,7.0,19.0,Zuid-Holland
5349,27PZ08,27PZ,Hogeschool Inholland,Delft,2022,deeltijd,hbo,ba,NL,realisatie,43.0,18.0,9.0,12.0,22.0,9.0,12.0,22.0,Zuid-Holland
5350,27PZ08,27PZ,Hogeschool Inholland,Delft,2023,deeltijd,hbo,ba,NL,realisatie,28.0,8.0,0.0,0.0,21.0,0.0,0.0,19.0,Zuid-Holland
5351,27PZ08,27PZ,Hogeschool Inholland,Delft,2024,deeltijd,hbo,ba,NL,realisatie,26.0,8.0,6.0,0.0,17.0,6.0,0.0,16.0,Zuid-Holland
5352,27PZ08,27PZ,Hogeschool Inholland,Delft,2017,deeltijd,hbo,ba,niet-EER,realisatie,0.0,0.0,0.0,0.0,0.0,0.0,0.0,0.0,Zuid-Holland
5353,27PZ08,27PZ,Hogeschool Inholland,Delft,2017,voltijd,hbo,ad,NL,realisatie,7.0,7.0,0.0,0.0,0.0,7.0,0.0,0.0,Zuid-Holland
5354,27PZ08,27PZ,Hogeschool Inholland,Delft,2018,voltijd,hbo,ad,NL,realisatie,16.0,13.0,0.0,6.0,8.0,13.0,0.0,0.0,Zuid-Holland
5355,27PZ08,27PZ,Hogeschool Inholland,Delft,2019,voltijd,hbo,ad,NL,realisatie,20.0,14.0,0.0,7.0,9.0,13.0,7.0,0.0,Zuid-Holland
5356,27PZ08,27PZ,Hogeschool Inholland,Delft,2020,voltijd,hbo,ad,NL,realisatie,14.0,0.0,0.0,0.0,7.0,0.0,7.0,0.0,Zuid-Holland
5357,27PZ08,27PZ,Hogeschool Inholland,Delft,2021,voltijd,hbo,ad,NL,realisatie,15.0,8.0,7.0,0.0,7.0,8.0,0.0,0.0,Zuid-Holland
5358,27PZ08,27PZ,Hogeschool Inholland,Delft,2022,voltijd,hbo,ad,NL,realisatie,17.0,9.0,0.0,8.0,9.0,8.0,7.0,0.0,Zuid-Holland
5359,27PZ08,27PZ,Hogeschool Inholland,Delft,2023,voltijd,hbo,ad,NL,realisatie,16.0,13.0,7.0,0.0,7.0,13.0,0.0,0.0,Zuid-Holland
5360,27PZ08,27PZ,Hogeschool Inholland,Delft,2024,voltijd,hbo,ad,NL,realisatie,13.0,8.0,0.0,7.0,6.0,7.0,0.0,0.0,Zuid-Holland
5361,27PZ08,27PZ,Hogeschool Inholland,Delft,2017,voltijd,hbo,ba,EER,realisatie,64.0,27.0,24.0,10.0,30.0,26.0,9.0,29.0,Zuid-Holland
5362,27PZ08,27PZ,Hogeschool Inholland,Delft,2018,voltijd,hbo,ba,EER,realisatie,67.0,21.0,19.0,12.0,36.0,21.0,13.0,33.0,Zuid-Holland
5363,27PZ08,27PZ,Hogeschool Inholland,Delft,2019,voltijd,hbo,ba,EER,realisatie,65.0,24.0,22.0,12.0,31.0,23.0,13.0,29.0,Zuid-Holland
5364,27PZ08,27PZ,Hogeschool Inholland,Delft,2020,voltijd,hbo,ba,EER,realisatie,94.0,44.0,44.0,18.0,32.0,44.0,19.0,31.0,Zuid-Holland
5365,27PZ08,27PZ,Hogeschool Inholland,Delft,2021,voltijd,hbo,ba,EER,realisatie,102.0,39.0,37.0,30.0,35.0,38.0,29.0,35.0,Zuid-Holland
5366,27PZ08,27PZ,Hogeschool Inholland,Delft,2022,voltijd,hbo,ba,EER,realisatie,123.0,47.0,39.0,34.0,50.0,44.0,34.0,45.0,Zuid-Holland
5367,27PZ08,27PZ,Hogeschool Inholland,Delft,2023,voltijd,hbo,ba,EER,realisatie,157.0,55.0,52.0,32.0,73.0,55.0,34.0,68.0,Zuid-Holland
5368,27PZ08,27PZ,Hogeschool Inholland,Delft,2024,voltijd,hbo,ba,EER,realisatie,176.0,51.0,48.0,45.0,83.0,50.0,45.0,81.0,Zuid-Holland
5369,27PZ08,27PZ,Hogeschool Inholland,Delft,2017,voltijd,hbo,ba,NL,realisatie,985.0,306.0,278.0,194.0,513.0,289.0,209.0,487.0,Zuid-Holland
5370,27PZ08,27PZ,Hogeschool Inholland,Delft,2018,voltijd,hbo,ba,NL,realisatie,1031.0,292.0,254.0,230.0,547.0,267.0,236.0,528.0,Zuid-Holland
5371,27PZ08,27PZ,Hogeschool Inholland,Delft,2019,voltijd,hbo,ba,NL,realisatie,1057.0,294.0,261.0,202.0,594.0,278.0,203.0,576.0,Zuid-Holland
5372,27PZ08,27PZ,Hogeschool Inholland,Delft,2020,voltijd,hbo,ba,NL,realisatie,1166.0,336.0,291.0,233.0,642.0,307.0,245.0,614.0,Zuid-Holland
5373,27PZ08,27PZ,Hogeschool Inholland,Delft,2021,voltijd,hbo,ba,NL,realisatie,1153.0,276.0,255.0,249.0,649.0,267.0,252.0,634.0,Zuid-Holland
5374,27PZ08,27PZ,Hogeschool Inholland,Delft,2022,voltijd,hbo,ba,NL,realisatie,1137.0,264.0,223.0,213.0,701.0,241.0,213.0,683.0,Zuid-Holland
5375,27PZ08,27PZ,Hogeschool Inholland,Delft,2023,voltijd,hbo,ba,NL,realisatie,1125.0,311.0,265.0,188.0,672.0,284.0,190.0,651.0,Zuid-Holland
5376,27PZ08,27PZ,Hogeschool Inholland,Delft,2024,voltijd,hbo,ba,NL,realisatie,1018.0,215.0,179.0,205.0,634.0,194.0,211.0,613.0,Zuid-Holland
5377,27PZ08,27PZ,Hogeschool Inholland,Delft,2017,voltijd,hbo,ba,niet-EER,realisatie,94.0,35.0,31.0,36.0,27.0,31.0,37.0,26.0,Zuid-Holland
5378,27PZ08,27PZ,Hogeschool Inholland,Delft,2018,voltijd,hbo,ba,niet-EER,realisatie,99.0,39.0,37.0,28.0,34.0,37.0,28.0,34.0,Zuid-Holland
5379,27PZ08,27PZ,Hogeschool Inholland,Delft,2019,voltijd,hbo,ba,niet-EER,realisatie,96.0,30.0,30.0,29.0,37.0,30.0,29.0,37.0,Zuid-Holland
5380,27PZ08,27PZ,Hogeschool Inholland,Delft,2020,voltijd,hbo,ba,niet-EER,realisatie,72.0,9.0,8.0,29.0,35.0,9.0,28.0,35.0,Zuid-Holland
5381,27PZ08,27PZ,Hogeschool Inholland,Delft,2021,voltijd,hbo,ba,niet-EER,realisatie,72.0,34.0,34.0,0.0,33.0,34.0,6.0,32.0,Zuid-Holland
5382,27PZ08,27PZ,Hogeschool Inholland,Delft,2022,voltijd,hbo,ba,niet-EER,realisatie,77.0,28.0,27.0,26.0,24.0,27.0,26.0,24.0,Zuid-Holland
5383,27PZ08,27PZ,Hogeschool Inholland,Delft,2023,voltijd,hbo,ba,niet-EER,realisatie,84.0,42.0,39.0,21.0,24.0,40.0,20.0,24.0,Zuid-Holland
5384,27PZ08,27PZ,Hogeschool Inholland,Delft,2024,voltijd,hbo,ba,niet-EER,realisatie,83.0,23.0,21.0,32.0,30.0,22.0,31.0,30.0,Zuid-Holland
5385,27PZ09,27PZ,Hogeschool Inholland,'s-Gravenhage,2021,deeltijd,hbo,ad,EER,realisatie,0.0,0.0,0.0,0.0,0.0,0.0,0.0,0.0,Zuid-Holland
5386,27PZ09,27PZ,Hogeschool Inholland,'s-Gravenhage,2022,deeltijd,hbo,ad,EER,realisatie,0.0,0.0,0.0,0.0,0.0,0.0,0.0,0.0,Zuid-Holland
5387,27PZ09,27PZ,Hogeschool Inholland,'s-Gravenhage,2023,deeltijd,hbo,ad,EER,realisatie,0.0,0.0,0.0,0.0,0.0,0.0,0.0,0.0,Zuid-Holland
5388,27PZ09,27PZ,Hogeschool Inholland,'s-Gravenhage,2024,deeltijd,hbo,ad,EER,realisatie,0.0,0.0,0.0,0.0,0.0,0.0,0.0,0.0,Zuid-Holland
5389,27PZ09,27PZ,Hogeschool Inholland,'s-Gravenhage,2017,deeltijd,hbo,ad,NL,realisatie,71.0,46.0,17.0,0.0,49.0,44.0,19.0,8.0,Zuid-Holland
5390,27PZ09,27PZ,Hogeschool Inholland,'s-Gravenhage,2018,deeltijd,hbo,ad,NL,realisatie,61.0,24.0,8.0,13.0,40.0,22.0,25.0,14.0,Zuid-Holland
5391,27PZ09,27PZ,Hogeschool Inholland,'s-Gravenhage,2019,deeltijd,hbo,ad,NL,realisatie,51.0,28.0,13.0,8.0,30.0,26.0,14.0,11.0,Zuid-Holland
5392,27PZ09,27PZ,Hogeschool Inholland,'s-Gravenhage,2020,deeltijd,hbo,ad,NL,realisatie,70.0,46.0,20.0,17.0,33.0,42.0,20.0,8.0,Zuid-Holland
5393,27PZ09,27PZ,Hogeschool Inholland,'s-Gravenhage,2021,deeltijd,hbo,ad,NL,realisatie,167.0,122.0,62.0,36.0,69.0,118.0,33.0,16.0,Zuid-Holland
5394,27PZ09,27PZ,Hogeschool Inholland,'s-Gravenhage,2022,deeltijd,hbo,ad,NL,realisatie,184.0,73.0,32.0,65.0,87.0,70.0,95.0,19.0,Zuid-Holland
5395,27PZ09,27PZ,Hogeschool Inholland,'s-Gravenhage,2023,deeltijd,hbo,ad,NL,realisatie,171.0,92.0,31.0,48.0,92.0,86.0,52.0,33.0,Zuid-Holland
5396,27PZ09,27PZ,Hogeschool Inholland,'s-Gravenhage,2024,deeltijd,hbo,ad,NL,realisatie,167.0,81.0,32.0,46.0,89.0,79.0,63.0,25.0,Zuid-Holland
5397,27PZ09,27PZ,Hogeschool Inholland,'s-Gravenhage,2017,deeltijd,hbo,ad,niet-EER,realisatie,0.0,0.0,0.0,0.0,0.0,0.0,0.0,0.0,Zuid-Holland
5398,27PZ09,27PZ,Hogeschool Inholland,'s-Gravenhage,2021,deeltijd,hbo,ad,niet-EER,realisatie,0.0,0.0,0.0,0.0,0.0,0.0,0.0,0.0,Zuid-Holland
5399,27PZ09,27PZ,Hogeschool Inholland,'s-Gravenhage,2017,deeltijd,hbo,ba,EER,realisatie,0.0,0.0,0.0,0.0,0.0,0.0,0.0,0.0,Zuid-Holland
5400,27PZ09,27PZ,Hogeschool Inholland,'s-Gravenhage,2018,deeltijd,hbo,ba,EER,realisatie,0.0,0.0,0.0,0.0,0.0,0.0,0.0,0.0,Zuid-Holland
5401,27PZ09,27PZ,Hogeschool Inholland,'s-Gravenhage,2019,deeltijd,hbo,ba,EER,realisatie,0.0,0.0,0.0,0.0,0.0,0.0,0.0,0.0,Zuid-Holland
5402,27PZ09,27PZ,Hogeschool Inholland,'s-Gravenhage,2020,deeltijd,hbo,ba,EER,realisatie,7.0,6.0,0.0,0.0,0.0,0.0,0.0,0.0,Zuid-Holland
5403,27PZ09,27PZ,Hogeschool Inholland,'s-Gravenhage,2021,deeltijd,hbo,ba,EER,realisatie,10.0,0.0,0.0,0.0,0.0,0.0,0.0,0.0,Zuid-Holland
5404,27PZ09,27PZ,Hogeschool Inholland,'s-Gravenhage,2022,deeltijd,hbo,ba,EER,realisatie,0.0,0.0,0.0,0.0,0.0,0.0,0.0,0.0,Zuid-Holland
5405,27PZ09,27PZ,Hogeschool Inholland,'s-Gravenhage,2023,deeltijd,hbo,ba,EER,realisatie,0.0,0.0,0.0,0.0,0.0,0.0,0.0,0.0,Zuid-Holland
5406,27PZ09,27PZ,Hogeschool Inholland,'s-Gravenhage,2024,deeltijd,hbo,ba,EER,realisatie,6.0,0.0,0.0,0.0,0.0,0.0,0.0,0.0,Zuid-Holland
5407,27PZ09,27PZ,Hogeschool Inholland,'s-Gravenhage,2017,deeltijd,hbo,ba,NL,realisatie,370.0,161.0,24.0,26.0,320.0,57.0,47.0,266.0,Zuid-Holland
5408,27PZ09,27PZ,Hogeschool Inholland,'s-Gravenhage,2018,deeltijd,hbo,ba,NL,realisatie,406.0,183.0,30.0,28.0,348.0,71.0,57.0,278.0,Zuid-Holland
5409,27PZ09,27PZ,Hogeschool Inholland,'s-Gravenhage,2019,deeltijd,hbo,ba,NL,realisatie,444.0,184.0,49.0,40.0,355.0,76.0,72.0,296.0,Zuid-Holland
5410,27PZ09,27PZ,Hogeschool Inholland,'s-Gravenhage,2020,deeltijd,hbo,ba,NL,realisatie,542.0,280.0,91.0,50.0,401.0,136.0,74.0,332.0,Zuid-Holland
5411,27PZ09,27PZ,Hogeschool Inholland,'s-Gravenhage,2021,deeltijd,hbo,ba,NL,realisatie,604.0,250.0,66.0,69.0,469.0,102.0,114.0,388.0,Zuid-Holland
5412,27PZ09,27PZ,Hogeschool Inholland,'s-Gravenhage,2022,deeltijd,hbo,ba,NL,realisatie,562.0,160.0,54.0,62.0,446.0,75.0,92.0,395.0,Zuid-Holland
5413,27PZ09,27PZ,Hogeschool Inholland,'s-Gravenhage,2023,deeltijd,hbo,ba,NL,realisatie,520.0,155.0,51.0,47.0,422.0,74.0,65.0,381.0,Zuid-Holland
5414,27PZ09,27PZ,Hogeschool Inholland,'s-Gravenhage,2024,deeltijd,hbo,ba,NL,realisatie,504.0,161.0,62.0,42.0,400.0,79.0,66.0,359.0,Zuid-Holland
5415,27PZ09,27PZ,Hogeschool Inholland,'s-Gravenhage,2017,deeltijd,hbo,ba,niet-EER,realisatie,0.0,0.0,0.0,0.0,0.0,0.0,0.0,0.0,Zuid-Holland
5416,27PZ09,27PZ,Hogeschool Inholland,'s-Gravenhage,2018,deeltijd,hbo,ba,niet-EER,realisatie,0.0,0.0,0.0,0.0,0.0,0.0,0.0,0.0,Zuid-Holland
5417,27PZ09,27PZ,Hogeschool Inholland,'s-Gravenhage,2019,deeltijd,hbo,ba,niet-EER,realisatie,0.0,0.0,0.0,0.0,0.0,0.0,0.0,0.0,Zuid-Holland
5418,27PZ09,27PZ,Hogeschool Inholland,'s-Gravenhage,2020,deeltijd,hbo,ba,niet-EER,realisatie,0.0,0.0,0.0,0.0,0.0,0.0,0.0,0.0,Zuid-Holland
5419,27PZ09,27PZ,Hogeschool Inholland,'s-Gravenhage,2021,deeltijd,hbo,ba,niet-EER,realisatie,0.0,0.0,0.0,0.0,0.0,0.0,0.0,0.0,Zuid-Holland
5420,27PZ09,27PZ,Hogeschool Inholland,'s-Gravenhage,2022,deeltijd,hbo,ba,niet-EER,realisatie,0.0,0.0,0.0,0.0,0.0,0.0,0.0,0.0,Zuid-Holland
5421,27PZ09,27PZ,Hogeschool Inholland,'s-Gravenhage,2023,deeltijd,hbo,ba,niet-EER,realisatie,0.0,0.0,0.0,0.0,0.0,0.0,0.0,0.0,Zuid-Holland
5422,27PZ09,27PZ,Hogeschool Inholland,'s-Gravenhage,2024,deeltijd,hbo,ba,niet-EER,realisatie,0.0,0.0,0.0,0.0,0.0,0.0,0.0,0.0,Zuid-Holland
5423,27PZ09,27PZ,Hogeschool Inholland,'s-Gravenhage,2017,deeltijd,hbo,ma,NL,realisatie,64.0,23.0,0.0,0.0,61.0,22.0,21.0,21.0,Zuid-Holland
5424,27PZ09,27PZ,Hogeschool Inholland,'s-Gravenhage,2018,deeltijd,hbo,ma,NL,realisatie,56.0,22.0,0.0,0.0,55.0,19.0,16.0,21.0,Zuid-Holland
5425,27PZ09,27PZ,Hogeschool Inholland,'s-Gravenhage,2019,deeltijd,hbo,ma,NL,realisatie,42.0,10.0,0.0,0.0,41.0,10.0,14.0,18.0,Zuid-Holland
5426,27PZ09,27PZ,Hogeschool Inholland,'s-Gravenhage,2020,deeltijd,hbo,ma,NL,realisatie,48.0,21.0,0.0,0.0,46.0,16.0,12.0,20.0,Zuid-Holland
5427,27PZ09,27PZ,Hogeschool Inholland,'s-Gravenhage,2021,deeltijd,hbo,ma,NL,realisatie,44.0,14.0,0.0,0.0,42.0,14.0,14.0,16.0,Zuid-Holland
5428,27PZ09,27PZ,Hogeschool Inholland,'s-Gravenhage,2022,deeltijd,hbo,ma,NL,realisatie,27.0,8.0,0.0,0.0,26.0,8.0,10.0,9.0,Zuid-Holland
5429,27PZ09,27PZ,Hogeschool Inholland,'s-Gravenhage,2023,deeltijd,hbo,ma,NL,realisatie,19.0,10.0,0.0,0.0,19.0,9.0,7.0,0.0,Zuid-Holland
5430,27PZ09,27PZ,Hogeschool Inholland,'s-Gravenhage,2024,deeltijd,hbo,ma,NL,realisatie,19.0,9.0,0.0,0.0,19.0,9.0,8.0,0.0,Zuid-Holland
5431,27PZ09,27PZ,Hogeschool Inholland,'s-Gravenhage,2017,voltijd,hbo,ad,EER,realisatie,0.0,0.0,0.0,0.0,0.0,0.0,0.0,0.0,Zuid-Holland
5432,27PZ09,27PZ,Hogeschool Inholland,'s-Gravenhage,2022,voltijd,hbo,ad,EER,realisatie,0.0,0.0,0.0,0.0,0.0,0.0,0.0,0.0,Zuid-Holland
5433,27PZ09,27PZ,Hogeschool Inholland,'s-Gravenhage,2023,voltijd,hbo,ad,EER,realisatie,0.0,0.0,0.0,0.0,0.0,0.0,0.0,0.0,Zuid-Holland
5434,27PZ09,27PZ,Hogeschool Inholland,'s-Gravenhage,2017,voltijd,hbo,ad,NL,realisatie,84.0,46.0,23.0,21.0,40.0,46.0,30.0,8.0,Zuid-Holland
5435,27PZ09,27PZ,Hogeschool Inholland,'s-Gravenhage,2018,voltijd,hbo,ad,NL,realisatie,75.0,39.0,17.0,19.0,39.0,39.0,23.0,13.0,Zuid-Holland
5436,27PZ09,27PZ,Hogeschool Inholland,'s-Gravenhage,2019,voltijd,hbo,ad,NL,realisatie,77.0,43.0,19.0,17.0,41.0,43.0,24.0,10.0,Zuid-Holland
5437,27PZ09,27PZ,Hogeschool Inholland,'s-Gravenhage,2020,voltijd,hbo,ad,NL,realisatie,91.0,47.0,25.0,20.0,46.0,44.0,30.0,17.0,Zuid-Holland
5438,27PZ09,27PZ,Hogeschool Inholland,'s-Gravenhage,2021,voltijd,hbo,ad,NL,realisatie,70.0,27.0,15.0,17.0,38.0,26.0,26.0,18.0,Zuid-Holland
5439,27PZ09,27PZ,Hogeschool Inholland,'s-Gravenhage,2022,voltijd,hbo,ad,NL,realisatie,46.0,14.0,0.0,13.0,28.0,14.0,13.0,19.0,Zuid-Holland
5440,27PZ09,27PZ,Hogeschool Inholland,'s-Gravenhage,2023,voltijd,hbo,ad,NL,realisatie,71.0,56.0,28.0,10.0,33.0,56.0,6.0,9.0,Zuid-Holland
5441,27PZ09,27PZ,Hogeschool Inholland,'s-Gravenhage,2024,voltijd,hbo,ad,NL,realisatie,94.0,43.0,21.0,30.0,43.0,42.0,45.0,7.0,Zuid-Holland
5442,27PZ09,27PZ,Hogeschool Inholland,'s-Gravenhage,2017,voltijd,hbo,ad,niet-EER,realisatie,0.0,0.0,0.0,0.0,0.0,0.0,0.0,0.0,Zuid-Holland
5443,27PZ09,27PZ,Hogeschool Inholland,'s-Gravenhage,2018,voltijd,hbo,ad,niet-EER,realisatie,0.0,0.0,0.0,0.0,0.0,0.0,0.0,0.0,Zuid-Holland
5444,27PZ09,27PZ,Hogeschool Inholland,'s-Gravenhage,2019,voltijd,hbo,ad,niet-EER,realisatie,0.0,0.0,0.0,0.0,0.0,0.0,0.0,0.0,Zuid-Holland
5445,27PZ09,27PZ,Hogeschool Inholland,'s-Gravenhage,2020,voltijd,hbo,ad,niet-EER,realisatie,0.0,0.0,0.0,0.0,0.0,0.0,0.0,0.0,Zuid-Holland
5446,27PZ09,27PZ,Hogeschool Inholland,'s-Gravenhage,2021,voltijd,hbo,ad,niet-EER,realisatie,0.0,0.0,0.0,0.0,0.0,0.0,0.0,0.0,Zuid-Holland
5447,27PZ09,27PZ,Hogeschool Inholland,'s-Gravenhage,2023,voltijd,hbo,ad,niet-EER,realisatie,0.0,0.0,0.0,0.0,0.0,0.0,0.0,0.0,Zuid-Holland
5448,27PZ09,27PZ,Hogeschool Inholland,'s-Gravenhage,2024,voltijd,hbo,ad,niet-EER,realisatie,0.0,0.0,0.0,0.0,0.0,0.0,0.0,0.0,Zuid-Holland
5449,27PZ09,27PZ,Hogeschool Inholland,'s-Gravenhage,2017,voltijd,hbo,ba,EER,realisatie,127.0,57.0,52.0,40.0,35.0,54.0,41.0,32.0,Zuid-Holland
5450,27PZ09,27PZ,Hogeschool Inholland,'s-Gravenhage,2018,voltijd,hbo,ba,EER,realisatie,180.0,79.0,75.0,39.0,66.0,78.0,38.0,64.0,Zuid-Holland
5451,27PZ09,27PZ,Hogeschool Inholland,'s-Gravenhage,2019,voltijd,hbo,ba,EER,realisatie,225.0,84.0,77.0,57.0,91.0,82.0,56.0,87.0,Zuid-Holland
5452,27PZ09,27PZ,Hogeschool Inholland,'s-Gravenhage,2020,voltijd,hbo,ba,EER,realisatie,223.0,42.0,39.0,52.0,132.0,40.0,58.0,125.0,Zuid-Holland
5453,27PZ09,27PZ,Hogeschool Inholland,'s-Gravenhage,2021,voltijd,hbo,ba,EER,realisatie,206.0,40.0,39.0,23.0,144.0,39.0,23.0,144.0,Zuid-Holland
5454,27PZ09,27PZ,Hogeschool Inholland,'s-Gravenhage,2022,voltijd,hbo,ba,EER,realisatie,202.0,52.0,47.0,35.0,120.0,51.0,32.0,119.0,Zuid-Holland
5455,27PZ09,27PZ,Hogeschool Inholland,'s-Gravenhage,2023,voltijd,hbo,ba,EER,realisatie,165.0,46.0,42.0,35.0,88.0,44.0,34.0,87.0,Zuid-Holland
5456,27PZ09,27PZ,Hogeschool Inholland,'s-Gravenhage,2024,voltijd,hbo,ba,EER,realisatie,154.0,29.0,29.0,36.0,89.0,29.0,38.0,87.0,Zuid-Holland
5457,27PZ09,27PZ,Hogeschool Inholland,'s-Gravenhage,2017,voltijd,hbo,ba,NL,realisatie,1557.0,330.0,271.0,232.0,1054.0,275.0,242.0,1040.0,Zuid-Holland
5458,27PZ09,27PZ,Hogeschool Inholland,'s-Gravenhage,2018,voltijd,hbo,ba,NL,realisatie,1487.0,345.0,267.0,260.0,960.0,270.0,263.0,954.0,Zuid-Holland
5459,27PZ09,27PZ,Hogeschool Inholland,'s-Gravenhage,2019,voltijd,hbo,ba,NL,realisatie,1679.0,429.0,354.0,306.0,1019.0,369.0,303.0,1007.0,Zuid-Holland
5460,27PZ09,27PZ,Hogeschool Inholland,'s-Gravenhage,2020,voltijd,hbo,ba,NL,realisatie,1830.0,514.0,456.0,318.0,1056.0,463.0,328.0,1039.0,Zuid-Holland
5461,27PZ09,27PZ,Hogeschool Inholland,'s-Gravenhage,2021,voltijd,hbo,ba,NL,realisatie,1802.0,399.0,329.0,410.0,1063.0,338.0,408.0,1056.0,Zuid-Holland
5462,27PZ09,27PZ,Hogeschool Inholland,'s-Gravenhage,2022,voltijd,hbo,ba,NL,realisatie,1649.0,298.0,236.0,282.0,1131.0,245.0,289.0,1115.0,Zuid-Holland
5463,27PZ09,27PZ,Hogeschool Inholland,'s-Gravenhage,2023,voltijd,hbo,ba,NL,realisatie,1419.0,291.0,220.0,206.0,993.0,235.0,207.0,977.0,Zuid-Holland
5464,27PZ09,27PZ,Hogeschool Inholland,'s-Gravenhage,2024,voltijd,hbo,ba,NL,realisatie,1236.0,249.0,202.0,178.0,856.0,211.0,184.0,841.0,Zuid-Holland
5465,27PZ09,27PZ,Hogeschool Inholland,'s-Gravenhage,2017,voltijd,hbo,ba,niet-EER,realisatie,44.0,15.0,15.0,15.0,14.0,15.0,15.0,14.0,Zuid-Holland
5466,27PZ09,27PZ,Hogeschool Inholland,'s-Gravenhage,2018,voltijd,hbo,ba,niet-EER,realisatie,39.0,15.0,14.0,9.0,16.0,14.0,9.0,16.0,Zuid-Holland
5467,27PZ09,27PZ,Hogeschool Inholland,'s-Gravenhage,2019,voltijd,hbo,ba,niet-EER,realisatie,55.0,17.0,14.0,17.0,24.0,16.0,16.0,23.0,Zuid-Holland
5468,27PZ09,27PZ,Hogeschool Inholland,'s-Gravenhage,2020,voltijd,hbo,ba,niet-EER,realisatie,51.0,8.0,7.0,9.0,35.0,7.0,11.0,33.0,Zuid-Holland
5469,27PZ09,27PZ,Hogeschool Inholland,'s-Gravenhage,2021,voltijd,hbo,ba,niet-EER,realisatie,49.0,7.0,7.0,6.0,36.0,7.0,6.0,36.0,Zuid-Holland
5470,27PZ09,27PZ,Hogeschool Inholland,'s-Gravenhage,2022,voltijd,hbo,ba,niet-EER,realisatie,45.0,8.0,7.0,0.0,33.0,8.0,0.0,32.0,Zuid-Holland
5471,27PZ09,27PZ,Hogeschool Inholland,'s-Gravenhage,2023,voltijd,hbo,ba,niet-EER,realisatie,46.0,15.0,14.0,0.0,27.0,15.0,6.0,25.0,Zuid-Holland
5472,27PZ09,27PZ,Hogeschool Inholland,'s-Gravenhage,2024,voltijd,hbo,ba,niet-EER,realisatie,41.0,12.0,9.0,10.0,22.0,9.0,10.0,22.0,Zuid-Holland
5473,27PZ11,27PZ,Hogeschool Inholland,Groningen,2017,voltijd,hbo,ba,NL,realisatie,167.0,34.0,26.0,28.0,113.0,31.0,28.0,108.0,Groningen
5474,27PZ11,27PZ,Hogeschool Inholland,Groningen,2018,voltijd,hbo,ba,NL,realisatie,158.0,28.0,17.0,29.0,112.0,21.0,32.0,105.0,Groningen
5475,27PZ11,27PZ,Hogeschool Inholland,Groningen,2019,voltijd,hbo,ba,NL,realisatie,153.0,27.0,14.0,26.0,113.0,22.0,26.0,105.0,Groningen
5476,27PZ11,27PZ,Hogeschool Inholland,Groningen,2020,voltijd,hbo,ba,NL,realisatie,158.0,26.0,18.0,22.0,118.0,20.0,30.0,108.0,Groningen
5477,27PZ11,27PZ,Hogeschool Inholland,Groningen,2021,voltijd,hbo,ba,NL,realisatie,171.0,26.0,17.0,26.0,128.0,21.0,27.0,123.0,Groningen
5478,27PZ11,27PZ,Hogeschool Inholland,Groningen,2022,voltijd,hbo,ba,NL,realisatie,183.0,30.0,15.0,33.0,135.0,23.0,33.0,127.0,Groningen
5479,27PZ11,27PZ,Hogeschool Inholland,Groningen,2023,voltijd,hbo,ba,NL,realisatie,200.0,46.0,32.0,22.0,146.0,36.0,28.0,136.0,Groningen
5480,27PZ11,27PZ,Hogeschool Inholland,Groningen,2024,voltijd,hbo,ba,NL,realisatie,219.0,40.0,34.0,41.0,144.0,36.0,45.0,138.0,Groningen
5481,27UM01,27UM,De Haagse Hogeschool,'s-Gravenhage,2017,deeltijd,hbo,ad,EER,realisatie,0.0,0.0,0.0,0.0,0.0,0.0,0.0,0.0,Zuid-Holland
5482,27UM01,27UM,De Haagse Hogeschool,'s-Gravenhage,2019,deeltijd,hbo,ad,EER,realisatie,0.0,0.0,0.0,0.0,0.0,0.0,0.0,0.0,Zuid-Holland
5483,27UM01,27UM,De Haagse Hogeschool,'s-Gravenhage,2020,deeltijd,hbo,ad,EER,realisatie,0.0,0.0,0.0,0.0,0.0,0.0,0.0,0.0,Zuid-Holland
5484,27UM01,27UM,De Haagse Hogeschool,'s-Gravenhage,2021,deeltijd,hbo,ad,EER,realisatie,0.0,0.0,0.0,0.0,0.0,0.0,0.0,0.0,Zuid-Holland
5485,27UM01,27UM,De Haagse Hogeschool,'s-Gravenhage,2022,deeltijd,hbo,ad,EER,realisatie,0.0,0.0,0.0,0.0,0.0,0.0,0.0,0.0,Zuid-Holland
5486,27UM01,27UM,De Haagse Hogeschool,'s-Gravenhage,2023,deeltijd,hbo,ad,EER,realisatie,0.0,0.0,0.0,0.0,0.0,0.0,0.0,0.0,Zuid-Holland
5487,27UM01,27UM,De Haagse Hogeschool,'s-Gravenhage,2024,deeltijd,hbo,ad,EER,realisatie,0.0,0.0,0.0,0.0,0.0,0.0,0.0,0.0,Zuid-Holland
5488,27UM01,27UM,De Haagse Hogeschool,'s-Gravenhage,2017,deeltijd,hbo,ad,NL,realisatie,99.0,50.0,25.0,24.0,50.0,46.0,31.0,22.0,Zuid-Holland
5489,27UM01,27UM,De Haagse Hogeschool,'s-Gravenhage,2018,deeltijd,hbo,ad,NL,realisatie,100.0,51.0,25.0,24.0,51.0,43.0,34.0,23.0,Zuid-Holland
5490,27UM01,27UM,De Haagse Hogeschool,'s-Gravenhage,2019,deeltijd,hbo,ad,NL,realisatie,112.0,63.0,32.0,33.0,47.0,57.0,36.0,19.0,Zuid-Holland
5491,27UM01,27UM,De Haagse Hogeschool,'s-Gravenhage,2020,deeltijd,hbo,ad,NL,realisatie,107.0,45.0,29.0,27.0,51.0,44.0,40.0,23.0,Zuid-Holland
5492,27UM01,27UM,De Haagse Hogeschool,'s-Gravenhage,2021,deeltijd,hbo,ad,NL,realisatie,99.0,50.0,23.0,27.0,49.0,43.0,35.0,21.0,Zuid-Holland
5493,27UM01,27UM,De Haagse Hogeschool,'s-Gravenhage,2022,deeltijd,hbo,ad,NL,realisatie,88.0,37.0,16.0,23.0,49.0,35.0,29.0,24.0,Zuid-Holland
5494,27UM01,27UM,De Haagse Hogeschool,'s-Gravenhage,2023,deeltijd,hbo,ad,NL,realisatie,109.0,60.0,25.0,25.0,59.0,58.0,24.0,27.0,Zuid-Holland
5495,27UM01,27UM,De Haagse Hogeschool,'s-Gravenhage,2024,deeltijd,hbo,ad,NL,realisatie,161.0,102.0,53.0,38.0,70.0,93.0,43.0,25.0,Zuid-Holland
5496,27UM01,27UM,De Haagse Hogeschool,'s-Gravenhage,2017,deeltijd,hbo,ba,EER,realisatie,22.0,6.0,0.0,0.0,14.0,0.0,0.0,14.0,Zuid-Holland
5497,27UM01,27UM,De Haagse Hogeschool,'s-Gravenhage,2018,deeltijd,hbo,ba,EER,realisatie,24.0,6.0,0.0,0.0,16.0,0.0,0.0,16.0,Zuid-Holland
5498,27UM01,27UM,De Haagse Hogeschool,'s-Gravenhage,2019,deeltijd,hbo,ba,EER,realisatie,25.0,7.0,0.0,0.0,15.0,6.0,0.0,15.0,Zuid-Holland
5499,27UM01,27UM,De Haagse Hogeschool,'s-Gravenhage,2020,deeltijd,hbo,ba,EER,realisatie,22.0,6.0,0.0,0.0,13.0,0.0,6.0,12.0,Zuid-Holland
5500,27UM01,27UM,De Haagse Hogeschool,'s-Gravenhage,2021,deeltijd,hbo,ba,EER,realisatie,28.0,12.0,9.0,0.0,15.0,9.0,0.0,15.0,Zuid-Holland
5501,27UM01,27UM,De Haagse Hogeschool,'s-Gravenhage,2022,deeltijd,hbo,ba,EER,realisatie,27.0,8.0,8.0,6.0,13.0,8.0,6.0,13.0,Zuid-Holland
5502,27UM01,27UM,De Haagse Hogeschool,'s-Gravenhage,2023,deeltijd,hbo,ba,EER,realisatie,27.0,11.0,7.0,0.0,16.0,7.0,0.0,16.0,Zuid-Holland
5503,27UM01,27UM,De Haagse Hogeschool,'s-Gravenhage,2024,deeltijd,hbo,ba,EER,realisatie,20.0,8.0,0.0,7.0,11.0,0.0,6.0,11.0,Zuid-Holland
5504,27UM01,27UM,De Haagse Hogeschool,'s-Gravenhage,2017,deeltijd,hbo,ba,NL,realisatie,1544.0,490.0,201.0,159.0,1184.0,228.0,189.0,1127.0,Zuid-Holland
5505,27UM01,27UM,De Haagse Hogeschool,'s-Gravenhage,2018,deeltijd,hbo,ba,NL,realisatie,1420.0,472.0,193.0,170.0,1057.0,227.0,188.0,1005.0,Zuid-Holland
5506,27UM01,27UM,De Haagse Hogeschool,'s-Gravenhage,2019,deeltijd,hbo,ba,NL,realisatie,1461.0,532.0,237.0,172.0,1052.0,272.0,193.0,996.0,Zuid-Holland
5507,27UM01,27UM,De Haagse Hogeschool,'s-Gravenhage,2020,deeltijd,hbo,ba,NL,realisatie,1462.0,465.0,209.0,227.0,1026.0,241.0,253.0,968.0,Zuid-Holland
5508,27UM01,27UM,De Haagse Hogeschool,'s-Gravenhage,2021,deeltijd,hbo,ba,NL,realisatie,1437.0,468.0,206.0,201.0,1030.0,246.0,235.0,956.0,Zuid-Holland
5509,27UM01,27UM,De Haagse Hogeschool,'s-Gravenhage,2022,deeltijd,hbo,ba,NL,realisatie,1365.0,386.0,171.0,186.0,1008.0,195.0,218.0,952.0,Zuid-Holland
5510,27UM01,27UM,De Haagse Hogeschool,'s-Gravenhage,2023,deeltijd,hbo,ba,NL,realisatie,1214.0,353.0,180.0,135.0,899.0,196.0,153.0,865.0,Zuid-Holland
5511,27UM01,27UM,De Haagse Hogeschool,'s-Gravenhage,2024,deeltijd,hbo,ba,NL,realisatie,1097.0,328.0,147.0,142.0,808.0,167.0,156.0,774.0,Zuid-Holland
5512,27UM01,27UM,De Haagse Hogeschool,'s-Gravenhage,2017,deeltijd,hbo,ba,niet-EER,realisatie,6.0,0.0,0.0,0.0,0.0,0.0,0.0,0.0,Zuid-Holland
5513,27UM01,27UM,De Haagse Hogeschool,'s-Gravenhage,2018,deeltijd,hbo,ba,niet-EER,realisatie,0.0,0.0,0.0,0.0,0.0,0.0,0.0,0.0,Zuid-Holland
5514,27UM01,27UM,De Haagse Hogeschool,'s-Gravenhage,2019,deeltijd,hbo,ba,niet-EER,realisatie,6.0,0.0,0.0,0.0,6.0,0.0,0.0,6.0,Zuid-Holland
5515,27UM01,27UM,De Haagse Hogeschool,'s-Gravenhage,2020,deeltijd,hbo,ba,niet-EER,realisatie,6.0,0.0,0.0,0.0,0.0,0.0,0.0,0.0,Zuid-Holland
5516,27UM01,27UM,De Haagse Hogeschool,'s-Gravenhage,2022,deeltijd,hbo,ba,niet-EER,realisatie,0.0,0.0,0.0,0.0,0.0,0.0,0.0,0.0,Zuid-Holland
5517,27UM01,27UM,De Haagse Hogeschool,'s-Gravenhage,2023,deeltijd,hbo,ba,niet-EER,realisatie,0.0,0.0,0.0,0.0,0.0,0.0,0.0,0.0,Zuid-Holland
5518,27UM01,27UM,De Haagse Hogeschool,'s-Gravenhage,2024,deeltijd,hbo,ba,niet-EER,realisatie,6.0,0.0,0.0,0.0,0.0,0.0,0.0,0.0,Zuid-Holland
5519,27UM01,27UM,De Haagse Hogeschool,'s-Gravenhage,2024,deeltijd,hbo,ma,EER,realisatie,0.0,0.0,0.0,0.0,0.0,0.0,0.0,0.0,Zuid-Holland
5520,27UM01,27UM,De Haagse Hogeschool,'s-Gravenhage,2023,deeltijd,hbo,ma,NL,realisatie,25.0,25.0,0.0,0.0,24.0,25.0,0.0,0.0,Zuid-Holland
5521,27UM01,27UM,De Haagse Hogeschool,'s-Gravenhage,2024,deeltijd,hbo,ma,NL,realisatie,48.0,27.0,0.0,0.0,46.0,26.0,22.0,0.0,Zuid-Holland
5522,27UM01,27UM,De Haagse Hogeschool,'s-Gravenhage,2023,voltijd,hbo,ad,EER,realisatie,0.0,0.0,0.0,0.0,0.0,0.0,0.0,0.0,Zuid-Holland
5523,27UM01,27UM,De Haagse Hogeschool,'s-Gravenhage,2024,voltijd,hbo,ad,EER,realisatie,7.0,6.0,0.0,0.0,0.0,6.0,0.0,0.0,Zuid-Holland
5524,27UM01,27UM,De Haagse Hogeschool,'s-Gravenhage,2023,voltijd,hbo,ad,NL,realisatie,33.0,31.0,7.0,8.0,18.0,28.0,0.0,0.0,Zuid-Holland
5525,27UM01,27UM,De Haagse Hogeschool,'s-Gravenhage,2024,voltijd,hbo,ad,NL,realisatie,110.0,86.0,41.0,23.0,46.0,85.0,20.0,0.0,Zuid-Holland
5526,27UM01,27UM,De Haagse Hogeschool,'s-Gravenhage,2017,voltijd,hbo,ba,EER,realisatie,1418.0,405.0,375.0,328.0,715.0,392.0,320.0,706.0,Zuid-Holland
5527,27UM01,27UM,De Haagse Hogeschool,'s-Gravenhage,2018,voltijd,hbo,ba,EER,realisatie,1553.0,512.0,478.0,320.0,755.0,493.0,324.0,736.0,Zuid-Holland
5528,27UM01,27UM,De Haagse Hogeschool,'s-Gravenhage,2019,voltijd,hbo,ba,EER,realisatie,1768.0,616.0,567.0,415.0,786.0,600.0,398.0,770.0,Zuid-Holland
5529,27UM01,27UM,De Haagse Hogeschool,'s-Gravenhage,2020,voltijd,hbo,ba,EER,realisatie,1908.0,571.0,517.0,498.0,893.0,538.0,517.0,853.0,Zuid-Holland
5530,27UM01,27UM,De Haagse Hogeschool,'s-Gravenhage,2021,voltijd,hbo,ba,EER,realisatie,2294.0,879.0,829.0,433.0,1032.0,855.0,435.0,1004.0,Zuid-Holland
5531,27UM01,27UM,De Haagse Hogeschool,'s-Gravenhage,2022,voltijd,hbo,ba,EER,realisatie,2545.0,880.0,830.0,679.0,1036.0,866.0,677.0,1002.0,Zuid-Holland
5532,27UM01,27UM,De Haagse Hogeschool,'s-Gravenhage,2023,voltijd,hbo,ba,EER,realisatie,2670.0,787.0,724.0,702.0,1244.0,758.0,708.0,1204.0,Zuid-Holland
5533,27UM01,27UM,De Haagse Hogeschool,'s-Gravenhage,2024,voltijd,hbo,ba,EER,realisatie,2892.0,848.0,772.0,651.0,1469.0,804.0,659.0,1429.0,Zuid-Holland
5534,27UM01,27UM,De Haagse Hogeschool,'s-Gravenhage,2017,voltijd,hbo,ba,NL,realisatie,18610.0,4473.0,3810.0,3032.0,11768.0,3959.0,3117.0,11534.0,Zuid-Holland
5535,27UM01,27UM,De Haagse Hogeschool,'s-Gravenhage,2018,voltijd,hbo,ba,NL,realisatie,18461.0,4510.0,3852.0,3350.0,11259.0,4006.0,3406.0,11049.0,Zuid-Holland
5536,27UM01,27UM,De Haagse Hogeschool,'s-Gravenhage,2019,voltijd,hbo,ba,NL,realisatie,18023.0,4225.0,3550.0,3367.0,11106.0,3715.0,3426.0,10882.0,Zuid-Holland
5537,27UM01,27UM,De Haagse Hogeschool,'s-Gravenhage,2020,voltijd,hbo,ba,NL,realisatie,18600.0,4585.0,4000.0,3231.0,11369.0,4114.0,3337.0,11149.0,Zuid-Holland
5538,27UM01,27UM,De Haagse Hogeschool,'s-Gravenhage,2021,voltijd,hbo,ba,NL,realisatie,17920.0,3846.0,3307.0,3484.0,11129.0,3442.0,3539.0,10939.0,Zuid-Holland
5539,27UM01,27UM,De Haagse Hogeschool,'s-Gravenhage,2022,voltijd,hbo,ba,NL,realisatie,17298.0,3824.0,3280.0,2925.0,11093.0,3445.0,2960.0,10893.0,Zuid-Holland
5540,27UM01,27UM,De Haagse Hogeschool,'s-Gravenhage,2023,voltijd,hbo,ba,NL,realisatie,16208.0,3576.0,2997.0,2720.0,10491.0,3164.0,2784.0,10260.0,Zuid-Holland
5541,27UM01,27UM,De Haagse Hogeschool,'s-Gravenhage,2024,voltijd,hbo,ba,NL,realisatie,15600.0,3693.0,3110.0,2519.0,9971.0,3266.0,2600.0,9734.0,Zuid-Holland
5542,27UM01,27UM,De Haagse Hogeschool,'s-Gravenhage,2017,voltijd,hbo,ba,niet-EER,realisatie,683.0,226.0,210.0,135.0,338.0,218.0,133.0,332.0,Zuid-Holland
5543,27UM01,27UM,De Haagse Hogeschool,'s-Gravenhage,2018,voltijd,hbo,ba,niet-EER,realisatie,694.0,204.0,191.0,170.0,333.0,196.0,172.0,326.0,Zuid-Holland
5544,27UM01,27UM,De Haagse Hogeschool,'s-Gravenhage,2019,voltijd,hbo,ba,niet-EER,realisatie,713.0,241.0,216.0,148.0,349.0,229.0,141.0,343.0,Zuid-Holland
5545,27UM01,27UM,De Haagse Hogeschool,'s-Gravenhage,2020,voltijd,hbo,ba,niet-EER,realisatie,765.0,251.0,231.0,173.0,361.0,235.0,180.0,350.0,Zuid-Holland
5546,27UM01,27UM,De Haagse Hogeschool,'s-Gravenhage,2021,voltijd,hbo,ba,niet-EER,realisatie,751.0,234.0,220.0,175.0,356.0,226.0,175.0,350.0,Zuid-Holland
5547,27UM01,27UM,De Haagse Hogeschool,'s-Gravenhage,2022,voltijd,hbo,ba,niet-EER,realisatie,870.0,323.0,304.0,187.0,379.0,312.0,187.0,371.0,Zuid-Holland
5548,27UM01,27UM,De Haagse Hogeschool,'s-Gravenhage,2023,voltijd,hbo,ba,niet-EER,realisatie,981.0,333.0,318.0,257.0,406.0,325.0,262.0,394.0,Zuid-Holland
5549,27UM01,27UM,De Haagse Hogeschool,'s-Gravenhage,2024,voltijd,hbo,ba,niet-EER,realisatie,1152.0,402.0,379.0,280.0,493.0,387.0,280.0,485.0,Zuid-Holland
5550,27UM01,27UM,De Haagse Hogeschool,'s-Gravenhage,2023,voltijd,hbo,ma,EER,realisatie,0.0,0.0,0.0,0.0,0.0,0.0,0.0,0.0,Zuid-Holland
5551,27UM01,27UM,De Haagse Hogeschool,'s-Gravenhage,2024,voltijd,hbo,ma,EER,realisatie,8.0,8.0,0.0,0.0,0.0,8.0,0.0,0.0,Zuid-Holland
5552,27UM01,27UM,De Haagse Hogeschool,'s-Gravenhage,2022,voltijd,hbo,ma,NL,realisatie,33.0,33.0,0.0,0.0,33.0,33.0,0.0,0.0,Zuid-Holland
5553,27UM01,27UM,De Haagse Hogeschool,'s-Gravenhage,2023,voltijd,hbo,ma,NL,realisatie,26.0,25.0,0.0,0.0,26.0,25.0,0.0,0.0,Zuid-Holland
5554,27UM01,27UM,De Haagse Hogeschool,'s-Gravenhage,2024,voltijd,hbo,ma,NL,realisatie,36.0,31.0,0.0,0.0,36.0,31.0,0.0,0.0,Zuid-Holland
5555,27UM02,27UM,De Haagse Hogeschool,Zoetermeer,2018,voltijd,hbo,ba,EER,realisatie,0.0,0.0,0.0,0.0,0.0,0.0,0.0,0.0,
5556,27UM02,27UM,De Haagse Hogeschool,Zoetermeer,2019,voltijd,hbo,ba,EER,realisatie,0.0,0.0,0.0,0.0,0.0,0.0,0.0,0.0,
5557,27UM02,27UM,De Haagse Hogeschool,Zoetermeer,2020,voltijd,hbo,ba,EER,realisatie,0.0,0.0,0.0,0.0,0.0,0.0,0.0,0.0,
5558,27UM02,27UM,De Haagse Hogeschool,Zoetermeer,2021,voltijd,hbo,ba,EER,realisatie,9.0,0.0,0.0,0.0,0.0,0.0,0.0,0.0,
5559,27UM02,27UM,De Haagse Hogeschool,Zoetermeer,2022,voltijd,hbo,ba,EER,realisatie,12.0,0.0,0.0,0.0,6.0,0.0,0.0,6.0,
5560,27UM02,27UM,De Haagse Hogeschool,Zoetermeer,2023,voltijd,hbo,ba,EER,realisatie,14.0,0.0,0.0,0.0,7.0,0.0,0.0,7.0,
5561,27UM02,27UM,De Haagse Hogeschool,Zoetermeer,2024,voltijd,hbo,ba,EER,realisatie,14.0,0.0,0.0,0.0,8.0,0.0,0.0,8.0,
5562,27UM02,27UM,De Haagse Hogeschool,Zoetermeer,2017,voltijd,hbo,ba,NL,realisatie,539.0,112.0,105.0,97.0,337.0,106.0,99.0,334.0,
5563,27UM02,27UM,De Haagse Hogeschool,Zoetermeer,2018,voltijd,hbo,ba,NL,realisatie,571.0,106.0,99.0,116.0,356.0,100.0,117.0,354.0,
5564,27UM02,27UM,De Haagse Hogeschool,Zoetermeer,2019,voltijd,hbo,ba,NL,realisatie,548.0,82.0,67.0,116.0,365.0,71.0,113.0,364.0,
5565,27UM02,27UM,De Haagse Hogeschool,Zoetermeer,2020,voltijd,hbo,ba,NL,realisatie,553.0,70.0,61.0,87.0,405.0,61.0,93.0,399.0,
5566,27UM02,27UM,De Haagse Hogeschool,Zoetermeer,2021,voltijd,hbo,ba,NL,realisatie,554.0,77.0,70.0,88.0,396.0,71.0,89.0,394.0,
5567,27UM02,27UM,De Haagse Hogeschool,Zoetermeer,2022,voltijd,hbo,ba,NL,realisatie,608.0,128.0,115.0,94.0,399.0,117.0,97.0,394.0,
5568,27UM02,27UM,De Haagse Hogeschool,Zoetermeer,2023,voltijd,hbo,ba,NL,realisatie,568.0,112.0,89.0,109.0,370.0,94.0,109.0,365.0,
5569,27UM02,27UM,De Haagse Hogeschool,Zoetermeer,2024,voltijd,hbo,ba,NL,realisatie,496.0,71.0,56.0,79.0,361.0,60.0,79.0,357.0,
5570,27UM02,27UM,De Haagse Hogeschool,Zoetermeer,2017,voltijd,hbo,ba,niet-EER,realisatie,0.0,0.0,0.0,0.0,0.0,0.0,0.0,0.0,
5571,27UM02,27UM,De Haagse Hogeschool,Zoetermeer,2018,voltijd,hbo,ba,niet-EER,realisatie,0.0,0.0,0.0,0.0,0.0,0.0,0.0,0.0,
5572,27UM02,27UM,De Haagse Hogeschool,Zoetermeer,2019,voltijd,hbo,ba,niet-EER,realisatie,0.0,0.0,0.0,0.0,0.0,0.0,0.0,0.0,
5573,27UM02,27UM,De Haagse Hogeschool,Zoetermeer,2020,voltijd,hbo,ba,niet-EER,realisatie,0.0,0.0,0.0,0.0,0.0,0.0,0.0,0.0,
5574,27UM02,27UM,De Haagse Hogeschool,Zoetermeer,2021,voltijd,hbo,ba,niet-EER,realisatie,0.0,0.0,0.0,0.0,0.0,0.0,0.0,0.0,
5575,27UM02,27UM,De Haagse Hogeschool,Zoetermeer,2023,voltijd,hbo,ba,niet-EER,realisatie,0.0,0.0,0.0,0.0,0.0,0.0,0.0,0.0,
5576,27UM02,27UM,De Haagse Hogeschool,Zoetermeer,2024,voltijd,hbo,ba,niet-EER,realisatie,0.0,0.0,0.0,0.0,0.0,0.0,0.0,0.0,
5577,27UM05,27UM,De Haagse Hogeschool,Delft,2024,deeltijd,hbo,ad,NL,realisatie,14.0,14.0,7.0,0.0,0.0,14.0,0.0,0.0,Zuid-Holland
5578,27UM05,27UM,De Haagse Hogeschool,Delft,2017,voltijd,hbo,ad,NL,realisatie,16.0,0.0,0.0,10.0,6.0,0.0,11.0,0.0,Zuid-Holland
5579,27UM05,27UM,De Haagse Hogeschool,Delft,2018,voltijd,hbo,ad,NL,realisatie,0.0,0.0,0.0,0.0,0.0,0.0,0.0,0.0,Zuid-Holland
5580,27UM05,27UM,De Haagse Hogeschool,Delft,2017,voltijd,hbo,ba,EER,realisatie,16.0,7.0,6.0,0.0,8.0,7.0,0.0,8.0,Zuid-Holland
5581,27UM05,27UM,De Haagse Hogeschool,Delft,2018,voltijd,hbo,ba,EER,realisatie,18.0,0.0,0.0,0.0,10.0,0.0,0.0,8.0,Zuid-Holland
5582,27UM05,27UM,De Haagse Hogeschool,Delft,2019,voltijd,hbo,ba,EER,realisatie,19.0,0.0,0.0,0.0,10.0,0.0,0.0,9.0,Zuid-Holland
5583,27UM05,27UM,De Haagse Hogeschool,Delft,2020,voltijd,hbo,ba,EER,realisatie,22.0,8.0,6.0,0.0,11.0,7.0,0.0,10.0,Zuid-Holland
5584,27UM05,27UM,De Haagse Hogeschool,Delft,2021,voltijd,hbo,ba,EER,realisatie,29.0,9.0,6.0,0.0,18.0,7.0,7.0,15.0,Zuid-Holland
5585,27UM05,27UM,De Haagse Hogeschool,Delft,2022,voltijd,hbo,ba,EER,realisatie,35.0,11.0,9.0,0.0,23.0,10.0,0.0,21.0,Zuid-Holland
5586,27UM05,27UM,De Haagse Hogeschool,Delft,2023,voltijd,hbo,ba,EER,realisatie,38.0,15.0,10.0,8.0,20.0,14.0,6.0,18.0,Zuid-Holland
5587,27UM05,27UM,De Haagse Hogeschool,Delft,2024,voltijd,hbo,ba,EER,realisatie,33.0,6.0,0.0,6.0,22.0,6.0,9.0,18.0,Zuid-Holland
5588,27UM05,27UM,De Haagse Hogeschool,Delft,2017,voltijd,hbo,ba,NL,realisatie,2683.0,761.0,573.0,453.0,1657.0,699.0,498.0,1486.0,Zuid-Holland
5589,27UM05,27UM,De Haagse Hogeschool,Delft,2018,voltijd,hbo,ba,NL,realisatie,2711.0,720.0,558.0,449.0,1704.0,660.0,508.0,1543.0,Zuid-Holland
5590,27UM05,27UM,De Haagse Hogeschool,Delft,2019,voltijd,hbo,ba,NL,realisatie,2621.0,631.0,481.0,455.0,1685.0,570.0,508.0,1543.0,Zuid-Holland
5591,27UM05,27UM,De Haagse Hogeschool,Delft,2020,voltijd,hbo,ba,NL,realisatie,2644.0,644.0,509.0,416.0,1719.0,593.0,464.0,1587.0,Zuid-Holland
5592,27UM05,27UM,De Haagse Hogeschool,Delft,2021,voltijd,hbo,ba,NL,realisatie,2565.0,600.0,458.0,451.0,1656.0,545.0,482.0,1538.0,Zuid-Holland
5593,27UM05,27UM,De Haagse Hogeschool,Delft,2022,voltijd,hbo,ba,NL,realisatie,2339.0,516.0,403.0,338.0,1598.0,478.0,375.0,1486.0,Zuid-Holland
5594,27UM05,27UM,De Haagse Hogeschool,Delft,2023,voltijd,hbo,ba,NL,realisatie,2103.0,465.0,341.0,287.0,1475.0,420.0,323.0,1360.0,Zuid-Holland
5595,27UM05,27UM,De Haagse Hogeschool,Delft,2024,voltijd,hbo,ba,NL,realisatie,1923.0,428.0,302.0,294.0,1327.0,374.0,328.0,1221.0,Zuid-Holland
5596,27UM05,27UM,De Haagse Hogeschool,Delft,2017,voltijd,hbo,ba,niet-EER,realisatie,11.0,7.0,7.0,0.0,0.0,7.0,0.0,0.0,Zuid-Holland
5597,27UM05,27UM,De Haagse Hogeschool,Delft,2018,voltijd,hbo,ba,niet-EER,realisatie,0.0,0.0,0.0,0.0,0.0,0.0,0.0,0.0,Zuid-Holland
5598,27UM05,27UM,De Haagse Hogeschool,Delft,2019,voltijd,hbo,ba,niet-EER,realisatie,6.0,0.0,0.0,0.0,0.0,0.0,0.0,0.0,Zuid-Holland
5599,27UM05,27UM,De Haagse Hogeschool,Delft,2020,voltijd,hbo,ba,niet-EER,realisatie,6.0,0.0,0.0,0.0,0.0,0.0,0.0,0.0,Zuid-Holland
5600,27UM05,27UM,De Haagse Hogeschool,Delft,2021,voltijd,hbo,ba,niet-EER,realisatie,13.0,8.0,8.0,0.0,0.0,8.0,0.0,0.0,Zuid-Holland
5601,27UM05,27UM,De Haagse Hogeschool,Delft,2022,voltijd,hbo,ba,niet-EER,realisatie,10.0,0.0,0.0,0.0,0.0,0.0,0.0,0.0,Zuid-Holland
5602,27UM05,27UM,De Haagse Hogeschool,Delft,2023,voltijd,hbo,ba,niet-EER,realisatie,14.0,0.0,0.0,0.0,7.0,0.0,0.0,6.0,Zuid-Holland
5603,27UM05,27UM,De Haagse Hogeschool,Delft,2024,voltijd,hbo,ba,niet-EER,realisatie,16.0,7.0,7.0,0.0,7.0,7.0,0.0,7.0,Zuid-Holland
5604,27UM05,27UM,De Haagse Hogeschool,Delft,2023,voltijd,hbo,ma,EER,realisatie,0.0,0.0,0.0,0.0,0.0,0.0,0.0,0.0,Zuid-Holland
5605,27UM05,27UM,De Haagse Hogeschool,Delft,2024,voltijd,hbo,ma,EER,realisatie,0.0,0.0,0.0,0.0,0.0,0.0,0.0,0.0,Zuid-Holland
5606,27UM05,27UM,De Haagse Hogeschool,Delft,2023,voltijd,hbo,ma,NL,realisatie,16.0,16.0,0.0,0.0,16.0,16.0,0.0,0.0,Zuid-Holland
5607,27UM05,27UM,De Haagse Hogeschool,Delft,2024,voltijd,hbo,ma,NL,realisatie,17.0,15.0,0.0,0.0,17.0,15.0,0.0,0.0,Zuid-Holland
5608,27UM05,27UM,De Haagse Hogeschool,Delft,2023,voltijd,hbo,ma,niet-EER,realisatie,0.0,0.0,0.0,0.0,0.0,0.0,0.0,0.0,Zuid-Holland
5609,27UM05,27UM,De Haagse Hogeschool,Delft,2024,voltijd,hbo,ma,niet-EER,realisatie,11.0,10.0,10.0,0.0,0.0,10.0,0.0,0.0,Zuid-Holland
5610,27YA00,27YA,transnationale Universiteit Limburg,Maastricht,2017,voltijd,wo,ma,EER,realisatie,123.0,56.0,48.0,31.0,44.0,56.0,47.0,20.0,Limburg
5611,27YA00,27YA,transnationale Universiteit Limburg,Maastricht,2018,voltijd,wo,ma,EER,realisatie,142.0,70.0,56.0,45.0,41.0,70.0,52.0,20.0,Limburg
5612,27YA00,27YA,transnationale Universiteit Limburg,Maastricht,2019,voltijd,wo,ma,EER,realisatie,174.0,92.0,68.0,54.0,52.0,89.0,66.0,19.0,Limburg
5613,27YA00,27YA,transnationale Universiteit Limburg,Maastricht,2020,voltijd,wo,ma,EER,realisatie,257.0,130.0,94.0,69.0,94.0,129.0,87.0,41.0,Limburg
5614,27YA00,27YA,transnationale Universiteit Limburg,Maastricht,2021,voltijd,wo,ma,EER,realisatie,289.0,117.0,79.0,97.0,113.0,116.0,127.0,46.0,Limburg
5615,27YA00,27YA,transnationale Universiteit Limburg,Maastricht,2022,voltijd,wo,ma,EER,realisatie,280.0,105.0,70.0,77.0,133.0,105.0,112.0,63.0,Limburg
5616,27YA00,27YA,transnationale Universiteit Limburg,Maastricht,2023,voltijd,wo,ma,EER,realisatie,284.0,117.0,65.0,69.0,150.0,115.0,99.0,70.0,Limburg
5617,27YA00,27YA,transnationale Universiteit Limburg,Maastricht,2024,voltijd,wo,ma,EER,realisatie,310.0,130.0,77.0,61.0,172.0,126.0,112.0,72.0,Limburg
5618,27YA00,27YA,transnationale Universiteit Limburg,Maastricht,2017,voltijd,wo,ma,NL,realisatie,139.0,69.0,0.0,0.0,134.0,65.0,56.0,18.0,Limburg
5619,27YA00,27YA,transnationale Universiteit Limburg,Maastricht,2018,voltijd,wo,ma,NL,realisatie,135.0,65.0,0.0,0.0,132.0,65.0,57.0,13.0,Limburg
5620,27YA00,27YA,transnationale Universiteit Limburg,Maastricht,2019,voltijd,wo,ma,NL,realisatie,143.0,72.0,0.0,0.0,138.0,72.0,54.0,17.0,Limburg
5621,27YA00,27YA,transnationale Universiteit Limburg,Maastricht,2020,voltijd,wo,ma,NL,realisatie,188.0,100.0,7.0,0.0,177.0,98.0,72.0,18.0,Limburg
5622,27YA00,27YA,transnationale Universiteit Limburg,Maastricht,2021,voltijd,wo,ma,NL,realisatie,236.0,116.0,0.0,0.0,226.0,114.0,98.0,24.0,Limburg
5623,27YA00,27YA,transnationale Universiteit Limburg,Maastricht,2022,voltijd,wo,ma,NL,realisatie,215.0,87.0,0.0,0.0,209.0,84.0,101.0,30.0,Limburg
5624,27YA00,27YA,transnationale Universiteit Limburg,Maastricht,2023,voltijd,wo,ma,NL,realisatie,211.0,109.0,0.0,0.0,209.0,107.0,80.0,24.0,Limburg
5625,27YA00,27YA,transnationale Universiteit Limburg,Maastricht,2024,voltijd,wo,ma,NL,realisatie,234.0,105.0,0.0,0.0,230.0,105.0,101.0,28.0,Limburg
5626,27YA00,27YA,transnationale Universiteit Limburg,Maastricht,2017,voltijd,wo,ma,niet-EER,realisatie,20.0,9.0,8.0,10.0,0.0,9.0,11.0,0.0,Limburg
5627,27YA00,27YA,transnationale Universiteit Limburg,Maastricht,2018,voltijd,wo,ma,niet-EER,realisatie,37.0,26.0,18.0,8.0,11.0,26.0,9.0,0.0,Limburg
5628,27YA00,27YA,transnationale Universiteit Limburg,Maastricht,2019,voltijd,wo,ma,niet-EER,realisatie,56.0,31.0,28.0,18.0,10.0,30.0,25.0,0.0,Limburg
5629,27YA00,27YA,transnationale Universiteit Limburg,Maastricht,2020,voltijd,wo,ma,niet-EER,realisatie,63.0,27.0,26.0,26.0,11.0,27.0,28.0,8.0,Limburg
5630,27YA00,27YA,transnationale Universiteit Limburg,Maastricht,2021,voltijd,wo,ma,niet-EER,realisatie,67.0,30.0,25.0,24.0,18.0,29.0,25.0,13.0,Limburg
5631,27YA00,27YA,transnationale Universiteit Limburg,Maastricht,2022,voltijd,wo,ma,niet-EER,realisatie,64.0,24.0,20.0,19.0,25.0,24.0,23.0,17.0,Limburg
5632,27YA00,27YA,transnationale Universiteit Limburg,Maastricht,2023,voltijd,wo,ma,niet-EER,realisatie,70.0,36.0,26.0,18.0,26.0,34.0,22.0,14.0,Limburg
5633,27YA00,27YA,transnationale Universiteit Limburg,Maastricht,2024,voltijd,wo,ma,niet-EER,realisatie,80.0,35.0,28.0,25.0,27.0,35.0,33.0,12.0,Limburg
5634,28DN00,28DN,Hogeschool van Amsterdam,Amsterdam,2022,deeltijd,hbo,ad,EER,realisatie,0.0,0.0,0.0,0.0,0.0,0.0,0.0,0.0,Noord-Holland
5635,28DN00,28DN,Hogeschool van Amsterdam,Amsterdam,2017,deeltijd,hbo,ad,NL,realisatie,13.0,7.0,0.0,0.0,9.0,6.0,0.0,6.0,Noord-Holland
5636,28DN00,28DN,Hogeschool van Amsterdam,Amsterdam,2018,deeltijd,hbo,ad,NL,realisatie,21.0,14.0,0.0,6.0,11.0,13.0,0.0,0.0,Noord-Holland
5637,28DN00,28DN,Hogeschool van Amsterdam,Amsterdam,2019,deeltijd,hbo,ad,NL,realisatie,44.0,35.0,16.0,6.0,22.0,35.0,6.0,0.0,Noord-Holland
5638,28DN00,28DN,Hogeschool van Amsterdam,Amsterdam,2020,deeltijd,hbo,ad,NL,realisatie,71.0,46.0,23.0,13.0,35.0,45.0,22.0,0.0,Noord-Holland
5639,28DN00,28DN,Hogeschool van Amsterdam,Amsterdam,2021,deeltijd,hbo,ad,NL,realisatie,102.0,62.0,30.0,30.0,42.0,59.0,37.0,6.0,Noord-Holland
5640,28DN00,28DN,Hogeschool van Amsterdam,Amsterdam,2022,deeltijd,hbo,ad,NL,realisatie,139.0,84.0,41.0,35.0,63.0,81.0,48.0,10.0,Noord-Holland
5641,28DN00,28DN,Hogeschool van Amsterdam,Amsterdam,2023,deeltijd,hbo,ad,NL,realisatie,133.0,67.0,36.0,31.0,66.0,63.0,50.0,20.0,Noord-Holland
5642,28DN00,28DN,Hogeschool van Amsterdam,Amsterdam,2024,deeltijd,hbo,ad,NL,realisatie,173.0,111.0,53.0,45.0,75.0,107.0,45.0,21.0,Noord-Holland
5643,28DN00,28DN,Hogeschool van Amsterdam,Amsterdam,2017,deeltijd,hbo,ba,EER,realisatie,102.0,38.0,28.0,17.0,57.0,30.0,18.0,54.0,Noord-Holland
5644,28DN00,28DN,Hogeschool van Amsterdam,Amsterdam,2018,deeltijd,hbo,ba,EER,realisatie,111.0,45.0,33.0,19.0,59.0,36.0,19.0,56.0,Noord-Holland
5645,28DN00,28DN,Hogeschool van Amsterdam,Amsterdam,2019,deeltijd,hbo,ba,EER,realisatie,121.0,50.0,31.0,29.0,61.0,31.0,30.0,60.0,Noord-Holland
5646,28DN00,28DN,Hogeschool van Amsterdam,Amsterdam,2020,deeltijd,hbo,ba,EER,realisatie,147.0,62.0,45.0,29.0,73.0,46.0,28.0,73.0,Noord-Holland
5647,28DN00,28DN,Hogeschool van Amsterdam,Amsterdam,2021,deeltijd,hbo,ba,EER,realisatie,146.0,36.0,32.0,35.0,79.0,33.0,36.0,77.0,Noord-Holland
5648,28DN00,28DN,Hogeschool van Amsterdam,Amsterdam,2022,deeltijd,hbo,ba,EER,realisatie,129.0,36.0,25.0,24.0,80.0,30.0,23.0,76.0,Noord-Holland
5649,28DN00,28DN,Hogeschool van Amsterdam,Amsterdam,2023,deeltijd,hbo,ba,EER,realisatie,105.0,30.0,23.0,19.0,63.0,26.0,19.0,60.0,Noord-Holland
5650,28DN00,28DN,Hogeschool van Amsterdam,Amsterdam,2024,deeltijd,hbo,ba,EER,realisatie,108.0,33.0,23.0,18.0,67.0,24.0,19.0,65.0,Noord-Holland
5651,28DN00,28DN,Hogeschool van Amsterdam,Amsterdam,2017,deeltijd,hbo,ba,NL,realisatie,3683.0,1229.0,440.0,383.0,2860.0,531.0,478.0,2674.0,Noord-Holland
5652,28DN00,28DN,Hogeschool van Amsterdam,Amsterdam,2018,deeltijd,hbo,ba,NL,realisatie,3571.0,1123.0,442.0,422.0,2707.0,516.0,496.0,2559.0,Noord-Holland
5653,28DN00,28DN,Hogeschool van Amsterdam,Amsterdam,2019,deeltijd,hbo,ba,NL,realisatie,3633.0,1148.0,438.0,404.0,2791.0,513.0,479.0,2641.0,Noord-Holland
5654,28DN00,28DN,Hogeschool van Amsterdam,Amsterdam,2020,deeltijd,hbo,ba,NL,realisatie,3690.0,1123.0,444.0,439.0,2807.0,521.0,515.0,2654.0,Noord-Holland
5655,28DN00,28DN,Hogeschool van Amsterdam,Amsterdam,2021,deeltijd,hbo,ba,NL,realisatie,3689.0,1068.0,452.0,423.0,2814.0,542.0,497.0,2650.0,Noord-Holland
5656,28DN00,28DN,Hogeschool van Amsterdam,Amsterdam,2022,deeltijd,hbo,ba,NL,realisatie,3389.0,886.0,364.0,438.0,2587.0,409.0,512.0,2468.0,Noord-Holland
5657,28DN00,28DN,Hogeschool van Amsterdam,Amsterdam,2023,deeltijd,hbo,ba,NL,realisatie,3124.0,856.0,319.0,360.0,2445.0,375.0,390.0,2359.0,Noord-Holland
5658,28DN00,28DN,Hogeschool van Amsterdam,Amsterdam,2024,deeltijd,hbo,ba,NL,realisatie,2871.0,758.0,292.0,300.0,2279.0,338.0,359.0,2174.0,Noord-Holland
5659,28DN00,28DN,Hogeschool van Amsterdam,Amsterdam,2017,deeltijd,hbo,ba,niet-EER,realisatie,40.0,18.0,9.0,8.0,23.0,9.0,8.0,23.0,Noord-Holland
5660,28DN00,28DN,Hogeschool van Amsterdam,Amsterdam,2018,deeltijd,hbo,ba,niet-EER,realisatie,30.0,8.0,0.0,7.0,19.0,0.0,7.0,19.0,Noord-Holland
5661,28DN00,28DN,Hogeschool van Amsterdam,Amsterdam,2019,deeltijd,hbo,ba,niet-EER,realisatie,28.0,10.0,7.0,0.0,19.0,7.0,0.0,19.0,Noord-Holland
5662,28DN00,28DN,Hogeschool van Amsterdam,Amsterdam,2020,deeltijd,hbo,ba,niet-EER,realisatie,29.0,11.0,7.0,0.0,18.0,7.0,0.0,18.0,Noord-Holland
5663,28DN00,28DN,Hogeschool van Amsterdam,Amsterdam,2021,deeltijd,hbo,ba,niet-EER,realisatie,32.0,14.0,9.0,6.0,17.0,9.0,6.0,17.0,Noord-Holland
5664,28DN00,28DN,Hogeschool van Amsterdam,Amsterdam,2022,deeltijd,hbo,ba,niet-EER,realisatie,38.0,13.0,12.0,7.0,19.0,12.0,7.0,19.0,Noord-Holland
5665,28DN00,28DN,Hogeschool van Amsterdam,Amsterdam,2023,deeltijd,hbo,ba,niet-EER,realisatie,36.0,8.0,0.0,8.0,23.0,0.0,8.0,23.0,Noord-Holland
5666,28DN00,28DN,Hogeschool van Amsterdam,Amsterdam,2024,deeltijd,hbo,ba,niet-EER,realisatie,43.0,17.0,9.0,8.0,26.0,9.0,8.0,26.0,Noord-Holland
5667,28DN00,28DN,Hogeschool van Amsterdam,Amsterdam,2017,deeltijd,hbo,ma,EER,realisatie,0.0,0.0,0.0,0.0,0.0,0.0,0.0,0.0,Noord-Holland
5668,28DN00,28DN,Hogeschool van Amsterdam,Amsterdam,2018,deeltijd,hbo,ma,EER,realisatie,7.0,6.0,0.0,0.0,0.0,6.0,0.0,0.0,Noord-Holland
5669,28DN00,28DN,Hogeschool van Amsterdam,Amsterdam,2019,deeltijd,hbo,ma,EER,realisatie,12.0,0.0,0.0,0.0,8.0,0.0,6.0,0.0,Noord-Holland
5670,28DN00,28DN,Hogeschool van Amsterdam,Amsterdam,2020,deeltijd,hbo,ma,EER,realisatie,14.0,0.0,0.0,0.0,11.0,0.0,0.0,0.0,Noord-Holland
5671,28DN00,28DN,Hogeschool van Amsterdam,Amsterdam,2021,deeltijd,hbo,ma,EER,realisatie,14.0,0.0,0.0,0.0,12.0,0.0,0.0,7.0,Noord-Holland
5672,28DN00,28DN,Hogeschool van Amsterdam,Amsterdam,2022,deeltijd,hbo,ma,EER,realisatie,14.0,7.0,0.0,0.0,11.0,7.0,0.0,0.0,Noord-Holland
5673,28DN00,28DN,Hogeschool van Amsterdam,Amsterdam,2023,deeltijd,hbo,ma,EER,realisatie,16.0,7.0,0.0,0.0,11.0,7.0,6.0,0.0,Noord-Holland
5674,28DN00,28DN,Hogeschool van Amsterdam,Amsterdam,2024,deeltijd,hbo,ma,EER,realisatie,14.0,0.0,0.0,0.0,10.0,0.0,7.0,0.0,Noord-Holland
5675,28DN00,28DN,Hogeschool van Amsterdam,Amsterdam,2017,deeltijd,hbo,ma,NL,realisatie,497.0,162.0,0.0,0.0,495.0,144.0,112.0,241.0,Noord-Holland
5676,28DN00,28DN,Hogeschool van Amsterdam,Amsterdam,2018,deeltijd,hbo,ma,NL,realisatie,585.0,240.0,0.0,0.0,577.0,221.0,121.0,243.0,Noord-Holland
5677,28DN00,28DN,Hogeschool van Amsterdam,Amsterdam,2019,deeltijd,hbo,ma,NL,realisatie,599.0,193.0,7.0,0.0,587.0,173.0,190.0,236.0,Noord-Holland
5678,28DN00,28DN,Hogeschool van Amsterdam,Amsterdam,2020,deeltijd,hbo,ma,NL,realisatie,599.0,197.0,0.0,6.0,592.0,181.0,145.0,273.0,Noord-Holland
5679,28DN00,28DN,Hogeschool van Amsterdam,Amsterdam,2021,deeltijd,hbo,ma,NL,realisatie,617.0,210.0,6.0,0.0,609.0,186.0,164.0,267.0,Noord-Holland
5680,28DN00,28DN,Hogeschool van Amsterdam,Amsterdam,2022,deeltijd,hbo,ma,NL,realisatie,580.0,164.0,8.0,6.0,566.0,150.0,167.0,263.0,Noord-Holland
5681,28DN00,28DN,Hogeschool van Amsterdam,Amsterdam,2023,deeltijd,hbo,ma,NL,realisatie,536.0,212.0,0.0,9.0,525.0,192.0,132.0,212.0,Noord-Holland
5682,28DN00,28DN,Hogeschool van Amsterdam,Amsterdam,2024,deeltijd,hbo,ma,NL,realisatie,579.0,232.0,0.0,0.0,573.0,216.0,170.0,193.0,Noord-Holland
5683,28DN00,28DN,Hogeschool van Amsterdam,Amsterdam,2017,deeltijd,hbo,ma,niet-EER,realisatie,0.0,0.0,0.0,0.0,0.0,0.0,0.0,0.0,Noord-Holland
5684,28DN00,28DN,Hogeschool van Amsterdam,Amsterdam,2018,deeltijd,hbo,ma,niet-EER,realisatie,6.0,0.0,0.0,0.0,6.0,0.0,0.0,0.0,Noord-Holland
5685,28DN00,28DN,Hogeschool van Amsterdam,Amsterdam,2019,deeltijd,hbo,ma,niet-EER,realisatie,0.0,0.0,0.0,0.0,0.0,0.0,0.0,0.0,Noord-Holland
5686,28DN00,28DN,Hogeschool van Amsterdam,Amsterdam,2020,deeltijd,hbo,ma,niet-EER,realisatie,6.0,0.0,0.0,0.0,0.0,0.0,0.0,0.0,Noord-Holland
5687,28DN00,28DN,Hogeschool van Amsterdam,Amsterdam,2021,deeltijd,hbo,ma,niet-EER,realisatie,6.0,0.0,0.0,0.0,0.0,0.0,0.0,0.0,Noord-Holland
5688,28DN00,28DN,Hogeschool van Amsterdam,Amsterdam,2022,deeltijd,hbo,ma,niet-EER,realisatie,0.0,0.0,0.0,0.0,0.0,0.0,0.0,0.0,Noord-Holland
5689,28DN00,28DN,Hogeschool van Amsterdam,Amsterdam,2023,deeltijd,hbo,ma,niet-EER,realisatie,0.0,0.0,0.0,0.0,0.0,0.0,0.0,0.0,Noord-Holland
5690,28DN00,28DN,Hogeschool van Amsterdam,Amsterdam,2024,deeltijd,hbo,ma,niet-EER,realisatie,0.0,0.0,0.0,0.0,0.0,0.0,0.0,0.0,Noord-Holland
5691,28DN00,28DN,Hogeschool van Amsterdam,Amsterdam,2017,deeltijd,wo,ma,EER,realisatie,13.0,13.0,12.0,0.0,0.0,13.0,0.0,0.0,Noord-Holland
5692,28DN00,28DN,Hogeschool van Amsterdam,Amsterdam,2018,deeltijd,wo,ma,EER,realisatie,28.0,15.0,13.0,12.0,0.0,15.0,13.0,0.0,Noord-Holland
5693,28DN00,28DN,Hogeschool van Amsterdam,Amsterdam,2019,deeltijd,wo,ma,EER,realisatie,35.0,17.0,15.0,11.0,9.0,17.0,12.0,6.0,Noord-Holland
5694,28DN00,28DN,Hogeschool van Amsterdam,Amsterdam,2020,deeltijd,wo,ma,EER,realisatie,42.0,22.0,17.0,13.0,12.0,21.0,16.0,0.0,Noord-Holland
5695,28DN00,28DN,Hogeschool van Amsterdam,Amsterdam,2021,deeltijd,wo,ma,EER,realisatie,52.0,22.0,21.0,16.0,15.0,22.0,20.0,10.0,Noord-Holland
5696,28DN00,28DN,Hogeschool van Amsterdam,Amsterdam,2022,deeltijd,wo,ma,EER,realisatie,48.0,15.0,13.0,20.0,15.0,15.0,21.0,12.0,Noord-Holland
5697,28DN00,28DN,Hogeschool van Amsterdam,Amsterdam,2023,deeltijd,wo,ma,EER,realisatie,38.0,17.0,16.0,12.0,10.0,17.0,14.0,7.0,Noord-Holland
5698,28DN00,28DN,Hogeschool van Amsterdam,Amsterdam,2024,deeltijd,wo,ma,EER,realisatie,49.0,25.0,23.0,16.0,10.0,24.0,17.0,8.0,Noord-Holland
5699,28DN00,28DN,Hogeschool van Amsterdam,Amsterdam,2017,deeltijd,wo,ma,NL,realisatie,8.0,8.0,0.0,0.0,8.0,8.0,0.0,0.0,Noord-Holland
5700,28DN00,28DN,Hogeschool van Amsterdam,Amsterdam,2018,deeltijd,wo,ma,NL,realisatie,8.0,0.0,0.0,0.0,8.0,0.0,0.0,0.0,Noord-Holland
5701,28DN00,28DN,Hogeschool van Amsterdam,Amsterdam,2019,deeltijd,wo,ma,NL,realisatie,10.0,0.0,0.0,0.0,10.0,0.0,0.0,0.0,Noord-Holland
5702,28DN00,28DN,Hogeschool van Amsterdam,Amsterdam,2020,deeltijd,wo,ma,NL,realisatie,9.0,0.0,0.0,0.0,7.0,0.0,0.0,0.0,Noord-Holland
5703,28DN00,28DN,Hogeschool van Amsterdam,Amsterdam,2021,deeltijd,wo,ma,NL,realisatie,7.0,0.0,0.0,0.0,0.0,0.0,0.0,0.0,Noord-Holland
5704,28DN00,28DN,Hogeschool van Amsterdam,Amsterdam,2022,deeltijd,wo,ma,NL,realisatie,8.0,0.0,0.0,0.0,8.0,0.0,0.0,0.0,Noord-Holland
5705,28DN00,28DN,Hogeschool van Amsterdam,Amsterdam,2023,deeltijd,wo,ma,NL,realisatie,9.0,0.0,0.0,0.0,9.0,0.0,0.0,0.0,Noord-Holland
5706,28DN00,28DN,Hogeschool van Amsterdam,Amsterdam,2024,deeltijd,wo,ma,NL,realisatie,6.0,0.0,0.0,0.0,6.0,0.0,0.0,0.0,Noord-Holland
5707,28DN00,28DN,Hogeschool van Amsterdam,Amsterdam,2017,deeltijd,wo,ma,niet-EER,realisatie,18.0,18.0,17.0,0.0,0.0,18.0,0.0,0.0,Noord-Holland
5708,28DN00,28DN,Hogeschool van Amsterdam,Amsterdam,2018,deeltijd,wo,ma,niet-EER,realisatie,10.0,0.0,0.0,7.0,0.0,0.0,7.0,0.0,Noord-Holland
5709,28DN00,28DN,Hogeschool van Amsterdam,Amsterdam,2019,deeltijd,wo,ma,niet-EER,realisatie,12.0,6.0,6.0,0.0,0.0,6.0,0.0,0.0,Noord-Holland
5710,28DN00,28DN,Hogeschool van Amsterdam,Amsterdam,2020,deeltijd,wo,ma,niet-EER,realisatie,11.0,6.0,6.0,0.0,0.0,6.0,0.0,0.0,Noord-Holland
5711,28DN00,28DN,Hogeschool van Amsterdam,Amsterdam,2021,deeltijd,wo,ma,niet-EER,realisatie,8.0,0.0,0.0,0.0,0.0,0.0,0.0,0.0,Noord-Holland
5712,28DN00,28DN,Hogeschool van Amsterdam,Amsterdam,2022,deeltijd,wo,ma,niet-EER,realisatie,8.0,0.0,0.0,0.0,0.0,0.0,0.0,0.0,Noord-Holland
5713,28DN00,28DN,Hogeschool van Amsterdam,Amsterdam,2023,deeltijd,wo,ma,niet-EER,realisatie,0.0,0.0,0.0,0.0,0.0,0.0,0.0,0.0,Noord-Holland
5714,28DN00,28DN,Hogeschool van Amsterdam,Amsterdam,2019,voltijd,hbo,ad,EER,realisatie,0.0,0.0,0.0,0.0,0.0,0.0,0.0,0.0,Noord-Holland
5715,28DN00,28DN,Hogeschool van Amsterdam,Amsterdam,2020,voltijd,hbo,ad,EER,realisatie,0.0,0.0,0.0,0.0,0.0,0.0,0.0,0.0,Noord-Holland
5716,28DN00,28DN,Hogeschool van Amsterdam,Amsterdam,2021,voltijd,hbo,ad,EER,realisatie,0.0,0.0,0.0,0.0,0.0,0.0,0.0,0.0,Noord-Holland
5717,28DN00,28DN,Hogeschool van Amsterdam,Amsterdam,2022,voltijd,hbo,ad,EER,realisatie,0.0,0.0,0.0,0.0,0.0,0.0,0.0,0.0,Noord-Holland
5718,28DN00,28DN,Hogeschool van Amsterdam,Amsterdam,2023,voltijd,hbo,ad,EER,realisatie,9.0,7.0,0.0,0.0,0.0,7.0,0.0,0.0,Noord-Holland
5719,28DN00,28DN,Hogeschool van Amsterdam,Amsterdam,2024,voltijd,hbo,ad,EER,realisatie,20.0,11.0,6.0,7.0,7.0,11.0,8.0,0.0,Noord-Holland
5720,28DN00,28DN,Hogeschool van Amsterdam,Amsterdam,2017,voltijd,hbo,ad,NL,realisatie,0.0,0.0,0.0,0.0,0.0,0.0,0.0,0.0,Noord-Holland
5721,28DN00,28DN,Hogeschool van Amsterdam,Amsterdam,2019,voltijd,hbo,ad,NL,realisatie,51.0,48.0,21.0,12.0,18.0,46.0,0.0,0.0,Noord-Holland
5722,28DN00,28DN,Hogeschool van Amsterdam,Amsterdam,2020,voltijd,hbo,ad,NL,realisatie,116.0,80.0,50.0,32.0,34.0,80.0,32.0,0.0,Noord-Holland
5723,28DN00,28DN,Hogeschool van Amsterdam,Amsterdam,2021,voltijd,hbo,ad,NL,realisatie,214.0,144.0,78.0,73.0,63.0,141.0,66.0,7.0,Noord-Holland
5724,28DN00,28DN,Hogeschool van Amsterdam,Amsterdam,2022,voltijd,hbo,ad,NL,realisatie,427.0,290.0,148.0,111.0,168.0,286.0,107.0,34.0,Noord-Holland
5725,28DN00,28DN,Hogeschool van Amsterdam,Amsterdam,2023,voltijd,hbo,ad,NL,realisatie,704.0,447.0,195.0,228.0,281.0,439.0,204.0,61.0,Noord-Holland
5726,28DN00,28DN,Hogeschool van Amsterdam,Amsterdam,2024,voltijd,hbo,ad,NL,realisatie,842.0,456.0,204.0,232.0,406.0,447.0,315.0,80.0,Noord-Holland
5727,28DN00,28DN,Hogeschool van Amsterdam,Amsterdam,2019,voltijd,hbo,ad,niet-EER,realisatie,0.0,0.0,0.0,0.0,0.0,0.0,0.0,0.0,Noord-Holland
5728,28DN00,28DN,Hogeschool van Amsterdam,Amsterdam,2020,voltijd,hbo,ad,niet-EER,realisatie,0.0,0.0,0.0,0.0,0.0,0.0,0.0,0.0,Noord-Holland
5729,28DN00,28DN,Hogeschool van Amsterdam,Amsterdam,2021,voltijd,hbo,ad,niet-EER,realisatie,0.0,0.0,0.0,0.0,0.0,0.0,0.0,0.0,Noord-Holland
5730,28DN00,28DN,Hogeschool van Amsterdam,Amsterdam,2022,voltijd,hbo,ad,niet-EER,realisatie,0.0,0.0,0.0,0.0,0.0,0.0,0.0,0.0,Noord-Holland
5731,28DN00,28DN,Hogeschool van Amsterdam,Amsterdam,2023,voltijd,hbo,ad,niet-EER,realisatie,0.0,0.0,0.0,0.0,0.0,0.0,0.0,0.0,Noord-Holland
5732,28DN00,28DN,Hogeschool van Amsterdam,Amsterdam,2024,voltijd,hbo,ad,niet-EER,realisatie,12.0,10.0,9.0,0.0,0.0,10.0,0.0,0.0,Noord-Holland
5733,28DN00,28DN,Hogeschool van Amsterdam,Amsterdam,2017,voltijd,hbo,ba,EER,realisatie,938.0,300.0,278.0,194.0,466.0,284.0,197.0,457.0,Noord-Holland
5734,28DN00,28DN,Hogeschool van Amsterdam,Amsterdam,2018,voltijd,hbo,ba,EER,realisatie,910.0,317.0,290.0,185.0,435.0,302.0,178.0,430.0,Noord-Holland
5735,28DN00,28DN,Hogeschool van Amsterdam,Amsterdam,2019,voltijd,hbo,ba,EER,realisatie,979.0,333.0,299.0,231.0,449.0,311.0,233.0,435.0,Noord-Holland
5736,28DN00,28DN,Hogeschool van Amsterdam,Amsterdam,2020,voltijd,hbo,ba,EER,realisatie,1113.0,361.0,325.0,257.0,531.0,341.0,261.0,511.0,Noord-Holland
5737,28DN00,28DN,Hogeschool van Amsterdam,Amsterdam,2021,voltijd,hbo,ba,EER,realisatie,1284.0,437.0,412.0,302.0,570.0,425.0,306.0,553.0,Noord-Holland
5738,28DN00,28DN,Hogeschool van Amsterdam,Amsterdam,2022,voltijd,hbo,ba,EER,realisatie,1342.0,412.0,374.0,347.0,621.0,400.0,340.0,602.0,Noord-Holland
5739,28DN00,28DN,Hogeschool van Amsterdam,Amsterdam,2023,voltijd,hbo,ba,EER,realisatie,1403.0,444.0,392.0,297.0,714.0,418.0,297.0,688.0,Noord-Holland
5740,28DN00,28DN,Hogeschool van Amsterdam,Amsterdam,2024,voltijd,hbo,ba,EER,realisatie,1463.0,448.0,387.0,328.0,748.0,420.0,326.0,717.0,Noord-Holland
5741,28DN00,28DN,Hogeschool van Amsterdam,Amsterdam,2017,voltijd,hbo,ba,NL,realisatie,40330.0,10855.0,9267.0,7534.0,23529.0,9621.0,7689.0,23020.0,Noord-Holland
5742,28DN00,28DN,Hogeschool van Amsterdam,Amsterdam,2018,voltijd,hbo,ba,NL,realisatie,39180.0,10127.0,8693.0,7551.0,22936.0,8985.0,7711.0,22484.0,Noord-Holland
5743,28DN00,28DN,Hogeschool van Amsterdam,Amsterdam,2019,voltijd,hbo,ba,NL,realisatie,39307.0,10403.0,8765.0,7495.0,23047.0,9164.0,7557.0,22586.0,Noord-Holland
5744,28DN00,28DN,Hogeschool van Amsterdam,Amsterdam,2020,voltijd,hbo,ba,NL,realisatie,41738.0,11793.0,10231.0,7898.0,23609.0,10566.0,8080.0,23092.0,Noord-Holland
5745,28DN00,28DN,Hogeschool van Amsterdam,Amsterdam,2021,voltijd,hbo,ba,NL,realisatie,41284.0,9734.0,8527.0,9150.0,23607.0,8869.0,9277.0,23138.0,Noord-Holland
5746,28DN00,28DN,Hogeschool van Amsterdam,Amsterdam,2022,voltijd,hbo,ba,NL,realisatie,39625.0,9171.0,7891.0,7440.0,24294.0,8302.0,7557.0,23766.0,Noord-Holland
5747,28DN00,28DN,Hogeschool van Amsterdam,Amsterdam,2023,voltijd,hbo,ba,NL,realisatie,37196.0,9139.0,7641.0,6485.0,23070.0,8014.0,6618.0,22564.0,Noord-Holland
5748,28DN00,28DN,Hogeschool van Amsterdam,Amsterdam,2024,voltijd,hbo,ba,NL,realisatie,36712.0,9923.0,8299.0,6515.0,21898.0,8667.0,6715.0,21330.0,Noord-Holland
5749,28DN00,28DN,Hogeschool van Amsterdam,Amsterdam,2017,voltijd,hbo,ba,niet-EER,realisatie,390.0,157.0,147.0,67.0,176.0,151.0,67.0,172.0,Noord-Holland
5750,28DN00,28DN,Hogeschool van Amsterdam,Amsterdam,2018,voltijd,hbo,ba,niet-EER,realisatie,395.0,146.0,134.0,86.0,175.0,136.0,86.0,173.0,Noord-Holland
5751,28DN00,28DN,Hogeschool van Amsterdam,Amsterdam,2019,voltijd,hbo,ba,niet-EER,realisatie,405.0,154.0,138.0,89.0,178.0,145.0,85.0,175.0,Noord-Holland
5752,28DN00,28DN,Hogeschool van Amsterdam,Amsterdam,2020,voltijd,hbo,ba,niet-EER,realisatie,456.0,161.0,146.0,111.0,199.0,150.0,114.0,192.0,Noord-Holland
5753,28DN00,28DN,Hogeschool van Amsterdam,Amsterdam,2021,voltijd,hbo,ba,niet-EER,realisatie,486.0,160.0,149.0,116.0,221.0,154.0,116.0,216.0,Noord-Holland
5754,28DN00,28DN,Hogeschool van Amsterdam,Amsterdam,2022,voltijd,hbo,ba,niet-EER,realisatie,504.0,168.0,158.0,111.0,235.0,161.0,113.0,230.0,Noord-Holland
5755,28DN00,28DN,Hogeschool van Amsterdam,Amsterdam,2023,voltijd,hbo,ba,niet-EER,realisatie,634.0,295.0,274.0,116.0,244.0,282.0,113.0,239.0,Noord-Holland
5756,28DN00,28DN,Hogeschool van Amsterdam,Amsterdam,2024,voltijd,hbo,ba,niet-EER,realisatie,694.0,262.0,241.0,198.0,255.0,250.0,203.0,241.0,Noord-Holland
5757,28DN00,28DN,Hogeschool van Amsterdam,Amsterdam,2017,voltijd,hbo,ma,EER,realisatie,7.0,7.0,7.0,0.0,0.0,7.0,0.0,0.0,Noord-Holland
5758,28DN00,28DN,Hogeschool van Amsterdam,Amsterdam,2018,voltijd,hbo,ma,EER,realisatie,8.0,8.0,7.0,0.0,0.0,8.0,0.0,0.0,Noord-Holland
5759,28DN00,28DN,Hogeschool van Amsterdam,Amsterdam,2019,voltijd,hbo,ma,EER,realisatie,12.0,12.0,10.0,0.0,0.0,12.0,0.0,0.0,Noord-Holland
5760,28DN00,28DN,Hogeschool van Amsterdam,Amsterdam,2020,voltijd,hbo,ma,EER,realisatie,22.0,22.0,16.0,0.0,0.0,22.0,0.0,0.0,Noord-Holland
5761,28DN00,28DN,Hogeschool van Amsterdam,Amsterdam,2021,voltijd,hbo,ma,EER,realisatie,27.0,24.0,19.0,0.0,6.0,24.0,0.0,0.0,Noord-Holland
5762,28DN00,28DN,Hogeschool van Amsterdam,Amsterdam,2022,voltijd,hbo,ma,EER,realisatie,21.0,21.0,16.0,0.0,0.0,21.0,0.0,0.0,Noord-Holland
5763,28DN00,28DN,Hogeschool van Amsterdam,Amsterdam,2023,voltijd,hbo,ma,EER,realisatie,28.0,25.0,16.0,0.0,11.0,25.0,0.0,0.0,Noord-Holland
5764,28DN00,28DN,Hogeschool van Amsterdam,Amsterdam,2024,voltijd,hbo,ma,EER,realisatie,30.0,22.0,9.0,0.0,17.0,22.0,6.0,0.0,Noord-Holland
5765,28DN00,28DN,Hogeschool van Amsterdam,Amsterdam,2017,voltijd,hbo,ma,NL,realisatie,12.0,12.0,0.0,0.0,12.0,12.0,0.0,0.0,Noord-Holland
5766,28DN00,28DN,Hogeschool van Amsterdam,Amsterdam,2018,voltijd,hbo,ma,NL,realisatie,17.0,17.0,0.0,0.0,17.0,17.0,0.0,0.0,Noord-Holland
5767,28DN00,28DN,Hogeschool van Amsterdam,Amsterdam,2019,voltijd,hbo,ma,NL,realisatie,47.0,42.0,0.0,0.0,46.0,42.0,0.0,0.0,Noord-Holland
5768,28DN00,28DN,Hogeschool van Amsterdam,Amsterdam,2020,voltijd,hbo,ma,NL,realisatie,62.0,45.0,0.0,0.0,59.0,45.0,17.0,0.0,Noord-Holland
5769,28DN00,28DN,Hogeschool van Amsterdam,Amsterdam,2021,voltijd,hbo,ma,NL,realisatie,68.0,59.0,0.0,0.0,64.0,59.0,9.0,0.0,Noord-Holland
5770,28DN00,28DN,Hogeschool van Amsterdam,Amsterdam,2022,voltijd,hbo,ma,NL,realisatie,100.0,85.0,0.0,0.0,100.0,85.0,14.0,0.0,Noord-Holland
5771,28DN00,28DN,Hogeschool van Amsterdam,Amsterdam,2023,voltijd,hbo,ma,NL,realisatie,108.0,80.0,0.0,0.0,106.0,79.0,23.0,6.0,Noord-Holland
5772,28DN00,28DN,Hogeschool van Amsterdam,Amsterdam,2024,voltijd,hbo,ma,NL,realisatie,187.0,149.0,0.0,0.0,183.0,149.0,25.0,13.0,Noord-Holland
5773,28DN00,28DN,Hogeschool van Amsterdam,Amsterdam,2017,voltijd,hbo,ma,niet-EER,realisatie,0.0,0.0,0.0,0.0,0.0,0.0,0.0,0.0,Noord-Holland
5774,28DN00,28DN,Hogeschool van Amsterdam,Amsterdam,2018,voltijd,hbo,ma,niet-EER,realisatie,0.0,0.0,0.0,0.0,0.0,0.0,0.0,0.0,Noord-Holland
5775,28DN00,28DN,Hogeschool van Amsterdam,Amsterdam,2019,voltijd,hbo,ma,niet-EER,realisatie,0.0,0.0,0.0,0.0,0.0,0.0,0.0,0.0,Noord-Holland
5776,28DN00,28DN,Hogeschool van Amsterdam,Amsterdam,2020,voltijd,hbo,ma,niet-EER,realisatie,20.0,20.0,18.0,0.0,0.0,20.0,0.0,0.0,Noord-Holland
5777,28DN00,28DN,Hogeschool van Amsterdam,Amsterdam,2021,voltijd,hbo,ma,niet-EER,realisatie,23.0,23.0,21.0,0.0,0.0,23.0,0.0,0.0,Noord-Holland
5778,28DN00,28DN,Hogeschool van Amsterdam,Amsterdam,2022,voltijd,hbo,ma,niet-EER,realisatie,27.0,22.0,21.0,0.0,0.0,22.0,0.0,0.0,Noord-Holland
5779,28DN00,28DN,Hogeschool van Amsterdam,Amsterdam,2023,voltijd,hbo,ma,niet-EER,realisatie,41.0,38.0,37.0,0.0,0.0,38.0,0.0,0.0,Noord-Holland
5780,28DN00,28DN,Hogeschool van Amsterdam,Amsterdam,2024,voltijd,hbo,ma,niet-EER,realisatie,47.0,47.0,40.0,0.0,6.0,47.0,0.0,0.0,Noord-Holland
5781,30GB00,30GB,Fontys Hogeschool,Eindhoven,2017,deeltijd,hbo,ad,EER,realisatie,0.0,0.0,0.0,0.0,0.0,0.0,0.0,0.0,Noord-Brabant
5782,30GB00,30GB,Fontys Hogeschool,Eindhoven,2018,deeltijd,hbo,ad,EER,realisatie,0.0,0.0,0.0,0.0,0.0,0.0,0.0,0.0,Noord-Brabant
5783,30GB00,30GB,Fontys Hogeschool,Eindhoven,2019,deeltijd,hbo,ad,EER,realisatie,8.0,0.0,0.0,0.0,0.0,0.0,0.0,0.0,Noord-Brabant
5784,30GB00,30GB,Fontys Hogeschool,Eindhoven,2020,deeltijd,hbo,ad,EER,realisatie,8.0,0.0,0.0,0.0,0.0,0.0,0.0,0.0,Noord-Brabant
5785,30GB00,30GB,Fontys Hogeschool,Eindhoven,2021,deeltijd,hbo,ad,EER,realisatie,16.0,8.0,8.0,0.0,0.0,8.0,0.0,0.0,Noord-Brabant
5786,30GB00,30GB,Fontys Hogeschool,Eindhoven,2022,deeltijd,hbo,ad,EER,realisatie,13.0,0.0,0.0,6.0,0.0,0.0,6.0,0.0,Noord-Brabant
5787,30GB00,30GB,Fontys Hogeschool,Eindhoven,2023,deeltijd,hbo,ad,EER,realisatie,9.0,0.0,0.0,0.0,0.0,0.0,0.0,0.0,Noord-Brabant
5788,30GB00,30GB,Fontys Hogeschool,Eindhoven,2024,deeltijd,hbo,ad,EER,realisatie,10.0,8.0,6.0,0.0,0.0,8.0,0.0,0.0,Noord-Brabant
5789,30GB00,30GB,Fontys Hogeschool,Eindhoven,2017,deeltijd,hbo,ad,NL,realisatie,333.0,194.0,101.0,98.0,134.0,181.0,107.0,45.0,Noord-Brabant
5790,30GB00,30GB,Fontys Hogeschool,Eindhoven,2018,deeltijd,hbo,ad,NL,realisatie,446.0,280.0,135.0,124.0,187.0,272.0,120.0,54.0,Noord-Brabant
5791,30GB00,30GB,Fontys Hogeschool,Eindhoven,2019,deeltijd,hbo,ad,NL,realisatie,520.0,272.0,146.0,129.0,245.0,261.0,173.0,86.0,Noord-Brabant
5792,30GB00,30GB,Fontys Hogeschool,Eindhoven,2020,deeltijd,hbo,ad,NL,realisatie,530.0,271.0,155.0,126.0,249.0,263.0,163.0,104.0,Noord-Brabant
5793,30GB00,30GB,Fontys Hogeschool,Eindhoven,2021,deeltijd,hbo,ad,NL,realisatie,614.0,321.0,165.0,155.0,294.0,301.0,191.0,122.0,Noord-Brabant
5794,30GB00,30GB,Fontys Hogeschool,Eindhoven,2022,deeltijd,hbo,ad,NL,realisatie,596.0,267.0,133.0,141.0,322.0,242.0,200.0,154.0,Noord-Brabant
5795,30GB00,30GB,Fontys Hogeschool,Eindhoven,2023,deeltijd,hbo,ad,NL,realisatie,609.0,313.0,157.0,129.0,323.0,286.0,160.0,163.0,Noord-Brabant
5796,30GB00,30GB,Fontys Hogeschool,Eindhoven,2024,deeltijd,hbo,ad,NL,realisatie,625.0,336.0,165.0,154.0,306.0,317.0,196.0,112.0,Noord-Brabant
5797,30GB00,30GB,Fontys Hogeschool,Eindhoven,2018,deeltijd,hbo,ad,niet-EER,realisatie,0.0,0.0,0.0,0.0,0.0,0.0,0.0,0.0,Noord-Brabant
5798,30GB00,30GB,Fontys Hogeschool,Eindhoven,2020,deeltijd,hbo,ad,niet-EER,realisatie,0.0,0.0,0.0,0.0,0.0,0.0,0.0,0.0,Noord-Brabant
5799,30GB00,30GB,Fontys Hogeschool,Eindhoven,2021,deeltijd,hbo,ad,niet-EER,realisatie,0.0,0.0,0.0,0.0,0.0,0.0,0.0,0.0,Noord-Brabant
5800,30GB00,30GB,Fontys Hogeschool,Eindhoven,2022,deeltijd,hbo,ad,niet-EER,realisatie,0.0,0.0,0.0,0.0,0.0,0.0,0.0,0.0,Noord-Brabant
5801,30GB00,30GB,Fontys Hogeschool,Eindhoven,2023,deeltijd,hbo,ad,niet-EER,realisatie,0.0,0.0,0.0,0.0,0.0,0.0,0.0,0.0,Noord-Brabant
5802,30GB00,30GB,Fontys Hogeschool,Eindhoven,2024,deeltijd,hbo,ad,niet-EER,realisatie,0.0,0.0,0.0,0.0,0.0,0.0,0.0,0.0,Noord-Brabant
5803,30GB00,30GB,Fontys Hogeschool,Eindhoven,2017,deeltijd,hbo,ba,EER,realisatie,13.0,0.0,0.0,0.0,8.0,0.0,0.0,7.0,Noord-Brabant
5804,30GB00,30GB,Fontys Hogeschool,Eindhoven,2018,deeltijd,hbo,ba,EER,realisatie,17.0,0.0,0.0,0.0,14.0,0.0,0.0,14.0,Noord-Brabant
5805,30GB00,30GB,Fontys Hogeschool,Eindhoven,2019,deeltijd,hbo,ba,EER,realisatie,22.0,9.0,8.0,0.0,12.0,8.0,0.0,11.0,Noord-Brabant
5806,30GB00,30GB,Fontys Hogeschool,Eindhoven,2020,deeltijd,hbo,ba,EER,realisatie,19.0,0.0,0.0,0.0,12.0,0.0,0.0,12.0,Noord-Brabant
5807,30GB00,30GB,Fontys Hogeschool,Eindhoven,2021,deeltijd,hbo,ba,EER,realisatie,22.0,9.0,6.0,0.0,14.0,6.0,0.0,14.0,Noord-Brabant
5808,30GB00,30GB,Fontys Hogeschool,Eindhoven,2022,deeltijd,hbo,ba,EER,realisatie,17.0,7.0,0.0,0.0,10.0,6.0,0.0,7.0,Noord-Brabant
5809,30GB00,30GB,Fontys Hogeschool,Eindhoven,2023,deeltijd,hbo,ba,EER,realisatie,18.0,10.0,6.0,0.0,11.0,7.0,0.0,7.0,Noord-Brabant
5810,30GB00,30GB,Fontys Hogeschool,Eindhoven,2024,deeltijd,hbo,ba,EER,realisatie,20.0,9.0,6.0,0.0,9.0,7.0,6.0,7.0,Noord-Brabant
5811,30GB00,30GB,Fontys Hogeschool,Eindhoven,2017,deeltijd,hbo,ba,NL,realisatie,1907.0,545.0,221.0,199.0,1487.0,254.0,245.0,1408.0,Noord-Brabant
5812,30GB00,30GB,Fontys Hogeschool,Eindhoven,2018,deeltijd,hbo,ba,NL,realisatie,1886.0,597.0,253.0,208.0,1425.0,303.0,234.0,1349.0,Noord-Brabant
5813,30GB00,30GB,Fontys Hogeschool,Eindhoven,2019,deeltijd,hbo,ba,NL,realisatie,1953.0,684.0,282.0,220.0,1451.0,329.0,271.0,1353.0,Noord-Brabant
5814,30GB00,30GB,Fontys Hogeschool,Eindhoven,2020,deeltijd,hbo,ba,NL,realisatie,1923.0,672.0,308.0,259.0,1356.0,345.0,300.0,1278.0,Noord-Brabant
5815,30GB00,30GB,Fontys Hogeschool,Eindhoven,2021,deeltijd,hbo,ba,NL,realisatie,1869.0,650.0,256.0,275.0,1338.0,308.0,312.0,1249.0,Noord-Brabant
5816,30GB00,30GB,Fontys Hogeschool,Eindhoven,2022,deeltijd,hbo,ba,NL,realisatie,1690.0,539.0,235.0,211.0,1244.0,278.0,261.0,1151.0,Noord-Brabant
5817,30GB00,30GB,Fontys Hogeschool,Eindhoven,2023,deeltijd,hbo,ba,NL,realisatie,1486.0,498.0,204.0,211.0,1071.0,245.0,266.0,975.0,Noord-Brabant
5818,30GB00,30GB,Fontys Hogeschool,Eindhoven,2024,deeltijd,hbo,ba,NL,realisatie,1365.0,462.0,170.0,182.0,1013.0,215.0,226.0,924.0,Noord-Brabant
5819,30GB00,30GB,Fontys Hogeschool,Eindhoven,2017,deeltijd,hbo,ba,niet-EER,realisatie,8.0,0.0,0.0,0.0,0.0,0.0,0.0,0.0,Noord-Brabant
5820,30GB00,30GB,Fontys Hogeschool,Eindhoven,2018,deeltijd,hbo,ba,niet-EER,realisatie,8.0,0.0,0.0,0.0,8.0,0.0,0.0,8.0,Noord-Brabant
5821,30GB00,30GB,Fontys Hogeschool,Eindhoven,2019,deeltijd,hbo,ba,niet-EER,realisatie,6.0,0.0,0.0,0.0,6.0,0.0,0.0,6.0,Noord-Brabant
5822,30GB00,30GB,Fontys Hogeschool,Eindhoven,2020,deeltijd,hbo,ba,niet-EER,realisatie,0.0,0.0,0.0,0.0,0.0,0.0,0.0,0.0,Noord-Brabant
5823,30GB00,30GB,Fontys Hogeschool,Eindhoven,2021,deeltijd,hbo,ba,niet-EER,realisatie,0.0,0.0,0.0,0.0,0.0,0.0,0.0,0.0,Noord-Brabant
5824,30GB00,30GB,Fontys Hogeschool,Eindhoven,2022,deeltijd,hbo,ba,niet-EER,realisatie,0.0,0.0,0.0,0.0,0.0,0.0,0.0,0.0,Noord-Brabant
5825,30GB00,30GB,Fontys Hogeschool,Eindhoven,2023,deeltijd,hbo,ba,niet-EER,realisatie,0.0,0.0,0.0,0.0,0.0,0.0,0.0,0.0,Noord-Brabant
5826,30GB00,30GB,Fontys Hogeschool,Eindhoven,2024,deeltijd,hbo,ba,niet-EER,realisatie,0.0,0.0,0.0,0.0,0.0,0.0,0.0,0.0,Noord-Brabant
5827,30GB00,30GB,Fontys Hogeschool,Eindhoven,2017,deeltijd,hbo,ma,EER,realisatie,0.0,0.0,0.0,0.0,0.0,0.0,0.0,0.0,Noord-Brabant
5828,30GB00,30GB,Fontys Hogeschool,Eindhoven,2018,deeltijd,hbo,ma,EER,realisatie,11.0,9.0,8.0,0.0,0.0,8.0,0.0,0.0,Noord-Brabant
5829,30GB00,30GB,Fontys Hogeschool,Eindhoven,2019,deeltijd,hbo,ma,EER,realisatie,19.0,12.0,12.0,7.0,0.0,12.0,7.0,0.0,Noord-Brabant
5830,30GB00,30GB,Fontys Hogeschool,Eindhoven,2020,deeltijd,hbo,ma,EER,realisatie,38.0,30.0,29.0,9.0,0.0,29.0,9.0,0.0,Noord-Brabant
5831,30GB00,30GB,Fontys Hogeschool,Eindhoven,2021,deeltijd,hbo,ma,EER,realisatie,54.0,28.0,27.0,25.0,0.0,28.0,25.0,0.0,Noord-Brabant
5832,30GB00,30GB,Fontys Hogeschool,Eindhoven,2022,deeltijd,hbo,ma,EER,realisatie,61.0,29.0,28.0,24.0,9.0,28.0,25.0,8.0,Noord-Brabant
5833,30GB00,30GB,Fontys Hogeschool,Eindhoven,2023,deeltijd,hbo,ma,EER,realisatie,87.0,54.0,50.0,22.0,15.0,52.0,23.0,12.0,Noord-Brabant
5834,30GB00,30GB,Fontys Hogeschool,Eindhoven,2024,deeltijd,hbo,ma,EER,realisatie,116.0,64.0,58.0,43.0,15.0,60.0,44.0,12.0,Noord-Brabant
5835,30GB00,30GB,Fontys Hogeschool,Eindhoven,2017,deeltijd,hbo,ma,NL,realisatie,313.0,148.0,0.0,0.0,306.0,126.0,111.0,76.0,Noord-Brabant
5836,30GB00,30GB,Fontys Hogeschool,Eindhoven,2018,deeltijd,hbo,ma,NL,realisatie,252.0,78.0,0.0,0.0,246.0,70.0,104.0,78.0,Noord-Brabant
5837,30GB00,30GB,Fontys Hogeschool,Eindhoven,2019,deeltijd,hbo,ma,NL,realisatie,256.0,143.0,0.0,0.0,251.0,133.0,64.0,59.0,Noord-Brabant
5838,30GB00,30GB,Fontys Hogeschool,Eindhoven,2020,deeltijd,hbo,ma,NL,realisatie,224.0,70.0,0.0,0.0,219.0,67.0,104.0,53.0,Noord-Brabant
5839,30GB00,30GB,Fontys Hogeschool,Eindhoven,2021,deeltijd,hbo,ma,NL,realisatie,222.0,109.0,0.0,0.0,217.0,102.0,53.0,67.0,Noord-Brabant
5840,30GB00,30GB,Fontys Hogeschool,Eindhoven,2022,deeltijd,hbo,ma,NL,realisatie,207.0,80.0,0.0,0.0,203.0,77.0,77.0,53.0,Noord-Brabant
5841,30GB00,30GB,Fontys Hogeschool,Eindhoven,2023,deeltijd,hbo,ma,NL,realisatie,199.0,86.0,0.0,0.0,196.0,84.0,63.0,52.0,Noord-Brabant
5842,30GB00,30GB,Fontys Hogeschool,Eindhoven,2024,deeltijd,hbo,ma,NL,realisatie,180.0,85.0,7.0,0.0,173.0,81.0,69.0,30.0,Noord-Brabant
5843,30GB00,30GB,Fontys Hogeschool,Eindhoven,2023,deeltijd,hbo,ma,niet-EER,realisatie,0.0,0.0,0.0,0.0,0.0,0.0,0.0,0.0,Noord-Brabant
5844,30GB00,30GB,Fontys Hogeschool,Eindhoven,2024,deeltijd,hbo,ma,niet-EER,realisatie,0.0,0.0,0.0,0.0,0.0,0.0,0.0,0.0,Noord-Brabant
5845,30GB00,30GB,Fontys Hogeschool,Eindhoven,2017,voltijd,hbo,ad,EER,realisatie,0.0,0.0,0.0,0.0,0.0,0.0,0.0,0.0,Noord-Brabant
5846,30GB00,30GB,Fontys Hogeschool,Eindhoven,2020,voltijd,hbo,ad,EER,realisatie,0.0,0.0,0.0,0.0,0.0,0.0,0.0,0.0,Noord-Brabant
5847,30GB00,30GB,Fontys Hogeschool,Eindhoven,2021,voltijd,hbo,ad,EER,realisatie,0.0,0.0,0.0,0.0,0.0,0.0,0.0,0.0,Noord-Brabant
5848,30GB00,30GB,Fontys Hogeschool,Eindhoven,2022,voltijd,hbo,ad,EER,realisatie,0.0,0.0,0.0,0.0,0.0,0.0,0.0,0.0,Noord-Brabant
5849,30GB00,30GB,Fontys Hogeschool,Eindhoven,2023,voltijd,hbo,ad,EER,realisatie,0.0,0.0,0.0,0.0,0.0,0.0,0.0,0.0,Noord-Brabant
5850,30GB00,30GB,Fontys Hogeschool,Eindhoven,2024,voltijd,hbo,ad,EER,realisatie,0.0,0.0,0.0,0.0,0.0,0.0,0.0,0.0,Noord-Brabant
5851,30GB00,30GB,Fontys Hogeschool,Eindhoven,2017,voltijd,hbo,ad,NL,realisatie,97.0,54.0,22.0,30.0,45.0,49.0,32.0,16.0,Noord-Brabant
5852,30GB00,30GB,Fontys Hogeschool,Eindhoven,2018,voltijd,hbo,ad,NL,realisatie,139.0,88.0,41.0,28.0,70.0,81.0,35.0,23.0,Noord-Brabant
5853,30GB00,30GB,Fontys Hogeschool,Eindhoven,2019,voltijd,hbo,ad,NL,realisatie,190.0,108.0,55.0,49.0,86.0,106.0,50.0,34.0,Noord-Brabant
5854,30GB00,30GB,Fontys Hogeschool,Eindhoven,2020,voltijd,hbo,ad,NL,realisatie,244.0,132.0,78.0,56.0,110.0,129.0,74.0,41.0,Noord-Brabant
5855,30GB00,30GB,Fontys Hogeschool,Eindhoven,2021,voltijd,hbo,ad,NL,realisatie,264.0,138.0,82.0,57.0,125.0,132.0,80.0,52.0,Noord-Brabant
5856,30GB00,30GB,Fontys Hogeschool,Eindhoven,2022,voltijd,hbo,ad,NL,realisatie,286.0,178.0,75.0,78.0,133.0,168.0,70.0,48.0,Noord-Brabant
5857,30GB00,30GB,Fontys Hogeschool,Eindhoven,2023,voltijd,hbo,ad,NL,realisatie,358.0,215.0,91.0,100.0,167.0,206.0,97.0,55.0,Noord-Brabant
5858,30GB00,30GB,Fontys Hogeschool,Eindhoven,2024,voltijd,hbo,ad,NL,realisatie,376.0,192.0,86.0,93.0,197.0,185.0,127.0,64.0,Noord-Brabant
5859,30GB00,30GB,Fontys Hogeschool,Eindhoven,2023,voltijd,hbo,ad,niet-EER,realisatie,0.0,0.0,0.0,0.0,0.0,0.0,0.0,0.0,Noord-Brabant
5860,30GB00,30GB,Fontys Hogeschool,Eindhoven,2024,voltijd,hbo,ad,niet-EER,realisatie,0.0,0.0,0.0,0.0,0.0,0.0,0.0,0.0,Noord-Brabant
5861,30GB00,30GB,Fontys Hogeschool,Eindhoven,2017,voltijd,hbo,ba,EER,realisatie,748.0,271.0,250.0,171.0,327.0,261.0,176.0,311.0,Noord-Brabant
5862,30GB00,30GB,Fontys Hogeschool,Eindhoven,2018,voltijd,hbo,ba,EER,realisatie,943.0,357.0,332.0,210.0,401.0,344.0,210.0,389.0,Noord-Brabant
5863,30GB00,30GB,Fontys Hogeschool,Eindhoven,2019,voltijd,hbo,ba,EER,realisatie,1132.0,460.0,433.0,242.0,457.0,452.0,236.0,444.0,Noord-Brabant
5864,30GB00,30GB,Fontys Hogeschool,Eindhoven,2020,voltijd,hbo,ba,EER,realisatie,1301.0,424.0,387.0,361.0,553.0,399.0,368.0,534.0,Noord-Brabant
5865,30GB00,30GB,Fontys Hogeschool,Eindhoven,2021,voltijd,hbo,ba,EER,realisatie,1541.0,501.0,476.0,341.0,724.0,489.0,342.0,710.0,Noord-Brabant
5866,30GB00,30GB,Fontys Hogeschool,Eindhoven,2022,voltijd,hbo,ba,EER,realisatie,1859.0,609.0,571.0,421.0,867.0,595.0,413.0,851.0,Noord-Brabant
5867,30GB00,30GB,Fontys Hogeschool,Eindhoven,2023,voltijd,hbo,ba,EER,realisatie,2016.0,606.0,560.0,471.0,985.0,587.0,470.0,959.0,Noord-Brabant
5868,30GB00,30GB,Fontys Hogeschool,Eindhoven,2024,voltijd,hbo,ba,EER,realisatie,2101.0,524.0,474.0,500.0,1127.0,500.0,514.0,1087.0,Noord-Brabant
5869,30GB00,30GB,Fontys Hogeschool,Eindhoven,2017,voltijd,hbo,ba,NL,realisatie,18581.0,4543.0,3881.0,3668.0,11032.0,4093.0,3738.0,10750.0,Noord-Brabant
5870,30GB00,30GB,Fontys Hogeschool,Eindhoven,2018,voltijd,hbo,ba,NL,realisatie,18817.0,5025.0,4283.0,3519.0,11015.0,4535.0,3564.0,10718.0,Noord-Brabant
5871,30GB00,30GB,Fontys Hogeschool,Eindhoven,2019,voltijd,hbo,ba,NL,realisatie,18830.0,4916.0,4231.0,3858.0,10741.0,4470.0,3946.0,10414.0,Noord-Brabant
5872,30GB00,30GB,Fontys Hogeschool,Eindhoven,2020,voltijd,hbo,ba,NL,realisatie,19820.0,5462.0,4729.0,4024.0,11067.0,4914.0,4149.0,10757.0,Noord-Brabant
5873,30GB00,30GB,Fontys Hogeschool,Eindhoven,2021,voltijd,hbo,ba,NL,realisatie,19797.0,4862.0,4249.0,4261.0,11287.0,4482.0,4315.0,11000.0,Noord-Brabant
5874,30GB00,30GB,Fontys Hogeschool,Eindhoven,2022,voltijd,hbo,ba,NL,realisatie,18772.0,4187.0,3573.0,3663.0,11536.0,3834.0,3723.0,11215.0,Noord-Brabant
5875,30GB00,30GB,Fontys Hogeschool,Eindhoven,2023,voltijd,hbo,ba,NL,realisatie,17620.0,4032.0,3366.0,3054.0,11200.0,3581.0,3160.0,10879.0,Noord-Brabant
5876,30GB00,30GB,Fontys Hogeschool,Eindhoven,2024,voltijd,hbo,ba,NL,realisatie,16584.0,4056.0,3443.0,2895.0,10246.0,3660.0,2973.0,9951.0,Noord-Brabant
5877,30GB00,30GB,Fontys Hogeschool,Eindhoven,2017,voltijd,hbo,ba,niet-EER,realisatie,472.0,153.0,144.0,110.0,218.0,146.0,115.0,211.0,Noord-Brabant
5878,30GB00,30GB,Fontys Hogeschool,Eindhoven,2018,voltijd,hbo,ba,niet-EER,realisatie,490.0,144.0,128.0,119.0,243.0,138.0,113.0,239.0,Noord-Brabant
5879,30GB00,30GB,Fontys Hogeschool,Eindhoven,2019,voltijd,hbo,ba,niet-EER,realisatie,506.0,140.0,131.0,89.0,286.0,135.0,95.0,276.0,Noord-Brabant
5880,30GB00,30GB,Fontys Hogeschool,Eindhoven,2020,voltijd,hbo,ba,niet-EER,realisatie,561.0,169.0,152.0,122.0,287.0,159.0,121.0,281.0,Noord-Brabant
5881,30GB00,30GB,Fontys Hogeschool,Eindhoven,2021,voltijd,hbo,ba,niet-EER,realisatie,573.0,155.0,151.0,126.0,296.0,154.0,131.0,288.0,Noord-Brabant
5882,30GB00,30GB,Fontys Hogeschool,Eindhoven,2022,voltijd,hbo,ba,niet-EER,realisatie,629.0,223.0,203.0,125.0,301.0,213.0,122.0,294.0,Noord-Brabant
5883,30GB00,30GB,Fontys Hogeschool,Eindhoven,2023,voltijd,hbo,ba,niet-EER,realisatie,692.0,227.0,213.0,170.0,309.0,217.0,175.0,300.0,Noord-Brabant
5884,30GB00,30GB,Fontys Hogeschool,Eindhoven,2024,voltijd,hbo,ba,niet-EER,realisatie,700.0,195.0,182.0,184.0,334.0,189.0,184.0,327.0,Noord-Brabant
5885,30GB00,30GB,Fontys Hogeschool,Eindhoven,2018,voltijd,hbo,ma,EER,realisatie,0.0,0.0,0.0,0.0,0.0,0.0,0.0,0.0,Noord-Brabant
5886,30GB00,30GB,Fontys Hogeschool,Eindhoven,2019,voltijd,hbo,ma,EER,realisatie,0.0,0.0,0.0,0.0,0.0,0.0,0.0,0.0,Noord-Brabant
5887,30GB00,30GB,Fontys Hogeschool,Eindhoven,2020,voltijd,hbo,ma,EER,realisatie,0.0,0.0,0.0,0.0,0.0,0.0,0.0,0.0,Noord-Brabant
5888,30GB00,30GB,Fontys Hogeschool,Eindhoven,2022,voltijd,hbo,ma,EER,realisatie,0.0,0.0,0.0,0.0,0.0,0.0,0.0,0.0,Noord-Brabant
5889,30GB00,30GB,Fontys Hogeschool,Eindhoven,2023,voltijd,hbo,ma,EER,realisatie,6.0,0.0,0.0,0.0,0.0,0.0,0.0,0.0,Noord-Brabant
5890,30GB00,30GB,Fontys Hogeschool,Eindhoven,2024,voltijd,hbo,ma,EER,realisatie,17.0,15.0,0.0,0.0,13.0,15.0,0.0,0.0,Noord-Brabant
5891,30GB00,30GB,Fontys Hogeschool,Eindhoven,2017,voltijd,hbo,ma,NL,realisatie,13.0,6.0,0.0,0.0,13.0,6.0,6.0,0.0,Noord-Brabant
5892,30GB00,30GB,Fontys Hogeschool,Eindhoven,2018,voltijd,hbo,ma,NL,realisatie,12.0,10.0,0.0,0.0,12.0,10.0,0.0,0.0,Noord-Brabant
5893,30GB00,30GB,Fontys Hogeschool,Eindhoven,2019,voltijd,hbo,ma,NL,realisatie,16.0,14.0,0.0,0.0,16.0,13.0,0.0,0.0,Noord-Brabant
5894,30GB00,30GB,Fontys Hogeschool,Eindhoven,2020,voltijd,hbo,ma,NL,realisatie,22.0,15.0,0.0,0.0,22.0,15.0,6.0,0.0,Noord-Brabant
5895,30GB00,30GB,Fontys Hogeschool,Eindhoven,2021,voltijd,hbo,ma,NL,realisatie,14.0,11.0,0.0,0.0,14.0,11.0,0.0,0.0,Noord-Brabant
5896,30GB00,30GB,Fontys Hogeschool,Eindhoven,2022,voltijd,hbo,ma,NL,realisatie,23.0,21.0,0.0,0.0,23.0,20.0,0.0,0.0,Noord-Brabant
5897,30GB00,30GB,Fontys Hogeschool,Eindhoven,2023,voltijd,hbo,ma,NL,realisatie,57.0,44.0,0.0,0.0,56.0,44.0,13.0,0.0,Noord-Brabant
5898,30GB00,30GB,Fontys Hogeschool,Eindhoven,2024,voltijd,hbo,ma,NL,realisatie,87.0,66.0,0.0,0.0,84.0,64.0,17.0,6.0,Noord-Brabant
5899,30GB00,30GB,Fontys Hogeschool,Eindhoven,2022,voltijd,hbo,ma,niet-EER,realisatie,7.0,7.0,7.0,0.0,0.0,7.0,0.0,0.0,Noord-Brabant
5900,30GB00,30GB,Fontys Hogeschool,Eindhoven,2023,voltijd,hbo,ma,niet-EER,realisatie,15.0,10.0,8.0,0.0,0.0,10.0,0.0,0.0,Noord-Brabant
5901,30GB00,30GB,Fontys Hogeschool,Eindhoven,2024,voltijd,hbo,ma,niet-EER,realisatie,38.0,26.0,21.0,7.0,10.0,26.0,9.0,0.0,Noord-Brabant
5902,30GB03,30GB,Fontys Hogeschool,Venlo,2019,deeltijd,hbo,ad,NL,realisatie,25.0,25.0,18.0,0.0,0.0,25.0,0.0,0.0,Limburg
5903,30GB03,30GB,Fontys Hogeschool,Venlo,2020,deeltijd,hbo,ad,NL,realisatie,33.0,17.0,14.0,11.0,8.0,17.0,16.0,0.0,Limburg
5904,30GB03,30GB,Fontys Hogeschool,Venlo,2021,deeltijd,hbo,ad,NL,realisatie,29.0,12.0,9.0,7.0,13.0,11.0,8.0,10.0,Limburg
5905,30GB03,30GB,Fontys Hogeschool,Venlo,2022,deeltijd,hbo,ad,NL,realisatie,31.0,14.0,11.0,0.0,15.0,14.0,7.0,10.0,Limburg
5906,30GB03,30GB,Fontys Hogeschool,Venlo,2023,deeltijd,hbo,ad,NL,realisatie,36.0,14.0,9.0,10.0,17.0,14.0,9.0,13.0,Limburg
5907,30GB03,30GB,Fontys Hogeschool,Venlo,2024,deeltijd,hbo,ad,NL,realisatie,25.0,11.0,8.0,9.0,8.0,10.0,11.0,0.0,Limburg
5908,30GB03,30GB,Fontys Hogeschool,Venlo,2024,deeltijd,hbo,ba,EER,realisatie,0.0,0.0,0.0,0.0,0.0,0.0,0.0,0.0,Limburg
5909,30GB03,30GB,Fontys Hogeschool,Venlo,2018,deeltijd,hbo,ba,NL,realisatie,14.0,14.0,8.0,0.0,0.0,9.0,0.0,0.0,Limburg
5910,30GB03,30GB,Fontys Hogeschool,Venlo,2019,deeltijd,hbo,ba,NL,realisatie,12.0,6.0,0.0,0.0,7.0,0.0,0.0,6.0,Limburg
5911,30GB03,30GB,Fontys Hogeschool,Venlo,2020,deeltijd,hbo,ba,NL,realisatie,34.0,25.0,11.0,0.0,18.0,11.0,6.0,17.0,Limburg
5912,30GB03,30GB,Fontys Hogeschool,Venlo,2021,deeltijd,hbo,ba,NL,realisatie,35.0,15.0,6.0,6.0,23.0,8.0,7.0,20.0,Limburg
5913,30GB03,30GB,Fontys Hogeschool,Venlo,2022,deeltijd,hbo,ba,NL,realisatie,46.0,19.0,6.0,12.0,28.0,8.0,13.0,25.0,Limburg
5914,30GB03,30GB,Fontys Hogeschool,Venlo,2023,deeltijd,hbo,ba,NL,realisatie,68.0,32.0,15.0,10.0,43.0,17.0,11.0,40.0,Limburg
5915,30GB03,30GB,Fontys Hogeschool,Venlo,2024,deeltijd,hbo,ba,NL,realisatie,58.0,18.0,0.0,13.0,41.0,7.0,14.0,37.0,Limburg
5916,30GB03,30GB,Fontys Hogeschool,Venlo,2021,deeltijd,hbo,ba,niet-EER,realisatie,0.0,0.0,0.0,0.0,0.0,0.0,0.0,0.0,Limburg
5917,30GB03,30GB,Fontys Hogeschool,Venlo,2024,deeltijd,hbo,ba,niet-EER,realisatie,0.0,0.0,0.0,0.0,0.0,0.0,0.0,0.0,Limburg
5918,30GB03,30GB,Fontys Hogeschool,Venlo,2017,voltijd,hbo,ba,EER,realisatie,2491.0,690.0,671.0,490.0,1330.0,672.0,492.0,1327.0,Limburg
5919,30GB03,30GB,Fontys Hogeschool,Venlo,2018,voltijd,hbo,ba,EER,realisatie,2392.0,613.0,593.0,516.0,1283.0,598.0,513.0,1281.0,Limburg
5920,30GB03,30GB,Fontys Hogeschool,Venlo,2019,voltijd,hbo,ba,EER,realisatie,2446.0,745.0,726.0,461.0,1259.0,729.0,463.0,1254.0,Limburg
5921,30GB03,30GB,Fontys Hogeschool,Venlo,2020,voltijd,hbo,ba,EER,realisatie,2516.0,756.0,736.0,561.0,1219.0,739.0,561.0,1216.0,Limburg
5922,30GB03,30GB,Fontys Hogeschool,Venlo,2021,voltijd,hbo,ba,EER,realisatie,2513.0,644.0,628.0,605.0,1280.0,630.0,606.0,1277.0,Limburg
5923,30GB03,30GB,Fontys Hogeschool,Venlo,2022,voltijd,hbo,ba,EER,realisatie,2448.0,608.0,581.0,517.0,1350.0,586.0,513.0,1349.0,Limburg
5924,30GB03,30GB,Fontys Hogeschool,Venlo,2023,voltijd,hbo,ba,EER,realisatie,2457.0,655.0,627.0,465.0,1365.0,631.0,466.0,1360.0,Limburg
5925,30GB03,30GB,Fontys Hogeschool,Venlo,2024,voltijd,hbo,ba,EER,realisatie,2247.0,518.0,494.0,485.0,1268.0,494.0,489.0,1264.0,Limburg
5926,30GB03,30GB,Fontys Hogeschool,Venlo,2017,voltijd,hbo,ba,NL,realisatie,1169.0,290.0,262.0,224.0,683.0,266.0,229.0,674.0,Limburg
5927,30GB03,30GB,Fontys Hogeschool,Venlo,2018,voltijd,hbo,ba,NL,realisatie,1192.0,284.0,255.0,247.0,690.0,264.0,249.0,679.0,Limburg
5928,30GB03,30GB,Fontys Hogeschool,Venlo,2019,voltijd,hbo,ba,NL,realisatie,1176.0,268.0,234.0,244.0,698.0,238.0,251.0,687.0,Limburg
5929,30GB03,30GB,Fontys Hogeschool,Venlo,2020,voltijd,hbo,ba,NL,realisatie,1144.0,243.0,219.0,204.0,721.0,226.0,203.0,715.0,Limburg
5930,30GB03,30GB,Fontys Hogeschool,Venlo,2021,voltijd,hbo,ba,NL,realisatie,1048.0,205.0,175.0,196.0,677.0,186.0,195.0,667.0,Limburg
5931,30GB03,30GB,Fontys Hogeschool,Venlo,2022,voltijd,hbo,ba,NL,realisatie,864.0,135.0,109.0,146.0,609.0,120.0,147.0,597.0,Limburg
5932,30GB03,30GB,Fontys Hogeschool,Venlo,2023,voltijd,hbo,ba,NL,realisatie,749.0,134.0,119.0,103.0,527.0,125.0,111.0,513.0,Limburg
5933,30GB03,30GB,Fontys Hogeschool,Venlo,2024,voltijd,hbo,ba,NL,realisatie,657.0,121.0,99.0,110.0,448.0,104.0,115.0,438.0,Limburg
5934,30GB03,30GB,Fontys Hogeschool,Venlo,2017,voltijd,hbo,ba,niet-EER,realisatie,80.0,26.0,24.0,14.0,42.0,24.0,14.0,42.0,Limburg
5935,30GB03,30GB,Fontys Hogeschool,Venlo,2018,voltijd,hbo,ba,niet-EER,realisatie,86.0,32.0,29.0,14.0,43.0,30.0,13.0,43.0,Limburg
5936,30GB03,30GB,Fontys Hogeschool,Venlo,2019,voltijd,hbo,ba,niet-EER,realisatie,76.0,25.0,25.0,15.0,36.0,25.0,16.0,35.0,Limburg
5937,30GB03,30GB,Fontys Hogeschool,Venlo,2020,voltijd,hbo,ba,niet-EER,realisatie,96.0,33.0,32.0,22.0,42.0,32.0,22.0,42.0,Limburg
5938,30GB03,30GB,Fontys Hogeschool,Venlo,2021,voltijd,hbo,ba,niet-EER,realisatie,112.0,46.0,45.0,22.0,45.0,45.0,22.0,45.0,Limburg
5939,30GB03,30GB,Fontys Hogeschool,Venlo,2022,voltijd,hbo,ba,niet-EER,realisatie,96.0,25.0,24.0,27.0,45.0,24.0,27.0,45.0,Limburg
5940,30GB03,30GB,Fontys Hogeschool,Venlo,2023,voltijd,hbo,ba,niet-EER,realisatie,102.0,32.0,32.0,16.0,54.0,32.0,16.0,54.0,Limburg
5941,30GB03,30GB,Fontys Hogeschool,Venlo,2024,voltijd,hbo,ba,niet-EER,realisatie,97.0,23.0,22.0,29.0,46.0,22.0,29.0,46.0,Limburg
5942,30GB04,30GB,Fontys Hogeschool,Sittard-Geleen,2021,deeltijd,hbo,ad,EER,realisatie,0.0,0.0,0.0,0.0,0.0,0.0,0.0,0.0,Limburg
5943,30GB04,30GB,Fontys Hogeschool,Sittard-Geleen,2022,deeltijd,hbo,ad,EER,realisatie,0.0,0.0,0.0,0.0,0.0,0.0,0.0,0.0,Limburg
5944,30GB04,30GB,Fontys Hogeschool,Sittard-Geleen,2023,deeltijd,hbo,ad,EER,realisatie,0.0,0.0,0.0,0.0,0.0,0.0,0.0,0.0,Limburg
5945,30GB04,30GB,Fontys Hogeschool,Sittard-Geleen,2024,deeltijd,hbo,ad,EER,realisatie,0.0,0.0,0.0,0.0,0.0,0.0,0.0,0.0,Limburg
5946,30GB04,30GB,Fontys Hogeschool,Sittard-Geleen,2019,deeltijd,hbo,ad,NL,realisatie,30.0,30.0,13.0,10.0,7.0,30.0,0.0,0.0,Limburg
5947,30GB04,30GB,Fontys Hogeschool,Sittard-Geleen,2020,deeltijd,hbo,ad,NL,realisatie,68.0,41.0,29.0,17.0,22.0,41.0,27.0,0.0,Limburg
5948,30GB04,30GB,Fontys Hogeschool,Sittard-Geleen,2021,deeltijd,hbo,ad,NL,realisatie,82.0,38.0,22.0,36.0,24.0,38.0,34.0,10.0,Limburg
5949,30GB04,30GB,Fontys Hogeschool,Sittard-Geleen,2022,deeltijd,hbo,ad,NL,realisatie,97.0,48.0,26.0,22.0,49.0,47.0,26.0,24.0,Limburg
5950,30GB04,30GB,Fontys Hogeschool,Sittard-Geleen,2023,deeltijd,hbo,ad,NL,realisatie,101.0,47.0,24.0,21.0,56.0,46.0,27.0,28.0,Limburg
5951,30GB04,30GB,Fontys Hogeschool,Sittard-Geleen,2024,deeltijd,hbo,ad,NL,realisatie,88.0,42.0,18.0,21.0,49.0,38.0,28.0,22.0,Limburg
5952,30GB04,30GB,Fontys Hogeschool,Sittard-Geleen,2017,deeltijd,hbo,ba,EER,realisatie,9.0,0.0,0.0,0.0,0.0,0.0,0.0,0.0,Limburg
5953,30GB04,30GB,Fontys Hogeschool,Sittard-Geleen,2018,deeltijd,hbo,ba,EER,realisatie,9.0,0.0,0.0,0.0,0.0,0.0,0.0,0.0,Limburg
5954,30GB04,30GB,Fontys Hogeschool,Sittard-Geleen,2019,deeltijd,hbo,ba,EER,realisatie,9.0,0.0,0.0,0.0,0.0,0.0,0.0,0.0,Limburg
5955,30GB04,30GB,Fontys Hogeschool,Sittard-Geleen,2020,deeltijd,hbo,ba,EER,realisatie,12.0,0.0,0.0,0.0,0.0,0.0,0.0,0.0,Limburg
5956,30GB04,30GB,Fontys Hogeschool,Sittard-Geleen,2021,deeltijd,hbo,ba,EER,realisatie,14.0,0.0,0.0,0.0,9.0,0.0,0.0,9.0,Limburg
5957,30GB04,30GB,Fontys Hogeschool,Sittard-Geleen,2022,deeltijd,hbo,ba,EER,realisatie,8.0,0.0,0.0,0.0,7.0,0.0,0.0,7.0,Limburg
5958,30GB04,30GB,Fontys Hogeschool,Sittard-Geleen,2023,deeltijd,hbo,ba,EER,realisatie,6.0,0.0,0.0,0.0,0.0,0.0,0.0,0.0,Limburg
5959,30GB04,30GB,Fontys Hogeschool,Sittard-Geleen,2024,deeltijd,hbo,ba,EER,realisatie,6.0,0.0,0.0,0.0,0.0,0.0,0.0,0.0,Limburg
5960,30GB04,30GB,Fontys Hogeschool,Sittard-Geleen,2017,deeltijd,hbo,ba,NL,realisatie,283.0,106.0,14.0,0.0,264.0,28.0,10.0,245.0,Limburg
5961,30GB04,30GB,Fontys Hogeschool,Sittard-Geleen,2018,deeltijd,hbo,ba,NL,realisatie,291.0,122.0,19.0,10.0,262.0,31.0,21.0,239.0,Limburg
5962,30GB04,30GB,Fontys Hogeschool,Sittard-Geleen,2019,deeltijd,hbo,ba,NL,realisatie,328.0,148.0,28.0,23.0,277.0,42.0,34.0,252.0,Limburg
5963,30GB04,30GB,Fontys Hogeschool,Sittard-Geleen,2020,deeltijd,hbo,ba,NL,realisatie,375.0,165.0,26.0,22.0,327.0,44.0,37.0,294.0,Limburg
5964,30GB04,30GB,Fontys Hogeschool,Sittard-Geleen,2021,deeltijd,hbo,ba,NL,realisatie,483.0,252.0,61.0,37.0,385.0,81.0,59.0,343.0,Limburg
5965,30GB04,30GB,Fontys Hogeschool,Sittard-Geleen,2022,deeltijd,hbo,ba,NL,realisatie,474.0,193.0,49.0,44.0,381.0,63.0,63.0,348.0,Limburg
5966,30GB04,30GB,Fontys Hogeschool,Sittard-Geleen,2023,deeltijd,hbo,ba,NL,realisatie,449.0,162.0,33.0,34.0,382.0,46.0,44.0,359.0,Limburg
5967,30GB04,30GB,Fontys Hogeschool,Sittard-Geleen,2024,deeltijd,hbo,ba,NL,realisatie,424.0,164.0,27.0,26.0,371.0,46.0,37.0,341.0,Limburg
5968,30GB04,30GB,Fontys Hogeschool,Sittard-Geleen,2017,deeltijd,hbo,ba,niet-EER,realisatie,0.0,0.0,0.0,0.0,0.0,0.0,0.0,0.0,Limburg
5969,30GB04,30GB,Fontys Hogeschool,Sittard-Geleen,2018,deeltijd,hbo,ba,niet-EER,realisatie,0.0,0.0,0.0,0.0,0.0,0.0,0.0,0.0,Limburg
5970,30GB04,30GB,Fontys Hogeschool,Sittard-Geleen,2019,deeltijd,hbo,ba,niet-EER,realisatie,0.0,0.0,0.0,0.0,0.0,0.0,0.0,0.0,Limburg
5971,30GB04,30GB,Fontys Hogeschool,Sittard-Geleen,2020,deeltijd,hbo,ba,niet-EER,realisatie,0.0,0.0,0.0,0.0,0.0,0.0,0.0,0.0,Limburg
5972,30GB04,30GB,Fontys Hogeschool,Sittard-Geleen,2023,deeltijd,hbo,ba,niet-EER,realisatie,0.0,0.0,0.0,0.0,0.0,0.0,0.0,0.0,Limburg
5973,30GB04,30GB,Fontys Hogeschool,Sittard-Geleen,2024,deeltijd,hbo,ba,niet-EER,realisatie,0.0,0.0,0.0,0.0,0.0,0.0,0.0,0.0,Limburg
5974,30GB04,30GB,Fontys Hogeschool,Sittard-Geleen,2017,deeltijd,hbo,ma,EER,realisatie,8.0,6.0,6.0,0.0,0.0,6.0,0.0,0.0,Limburg
5975,30GB04,30GB,Fontys Hogeschool,Sittard-Geleen,2018,deeltijd,hbo,ma,EER,realisatie,9.0,6.0,6.0,0.0,0.0,6.0,0.0,0.0,Limburg
5976,30GB04,30GB,Fontys Hogeschool,Sittard-Geleen,2019,deeltijd,hbo,ma,EER,realisatie,38.0,34.0,34.0,0.0,0.0,34.0,0.0,0.0,Limburg
5977,30GB04,30GB,Fontys Hogeschool,Sittard-Geleen,2020,deeltijd,hbo,ma,EER,realisatie,85.0,70.0,70.0,14.0,0.0,70.0,14.0,0.0,Limburg
5978,30GB04,30GB,Fontys Hogeschool,Sittard-Geleen,2021,deeltijd,hbo,ma,EER,realisatie,115.0,82.0,79.0,32.0,0.0,80.0,31.0,0.0,Limburg
5979,30GB04,30GB,Fontys Hogeschool,Sittard-Geleen,2022,deeltijd,hbo,ma,EER,realisatie,117.0,67.0,67.0,38.0,12.0,67.0,38.0,12.0,Limburg
5980,30GB04,30GB,Fontys Hogeschool,Sittard-Geleen,2023,deeltijd,hbo,ma,EER,realisatie,116.0,90.0,90.0,18.0,8.0,90.0,18.0,8.0,Limburg
5981,30GB04,30GB,Fontys Hogeschool,Sittard-Geleen,2024,deeltijd,hbo,ma,EER,realisatie,147.0,106.0,103.0,36.0,8.0,104.0,35.0,8.0,Limburg
5982,30GB04,30GB,Fontys Hogeschool,Sittard-Geleen,2017,deeltijd,hbo,ma,NL,realisatie,46.0,16.0,0.0,0.0,46.0,12.0,22.0,12.0,Limburg
5983,30GB04,30GB,Fontys Hogeschool,Sittard-Geleen,2018,deeltijd,hbo,ma,NL,realisatie,48.0,22.0,0.0,0.0,48.0,19.0,11.0,18.0,Limburg
5984,30GB04,30GB,Fontys Hogeschool,Sittard-Geleen,2019,deeltijd,hbo,ma,NL,realisatie,60.0,34.0,0.0,0.0,60.0,31.0,17.0,12.0,Limburg
5985,30GB04,30GB,Fontys Hogeschool,Sittard-Geleen,2020,deeltijd,hbo,ma,NL,realisatie,71.0,32.0,0.0,0.0,66.0,30.0,28.0,13.0,Limburg
5986,30GB04,30GB,Fontys Hogeschool,Sittard-Geleen,2021,deeltijd,hbo,ma,NL,realisatie,90.0,43.0,0.0,0.0,85.0,36.0,30.0,24.0,Limburg
5987,30GB04,30GB,Fontys Hogeschool,Sittard-Geleen,2022,deeltijd,hbo,ma,NL,realisatie,94.0,36.0,0.0,0.0,90.0,34.0,29.0,31.0,Limburg
5988,30GB04,30GB,Fontys Hogeschool,Sittard-Geleen,2023,deeltijd,hbo,ma,NL,realisatie,68.0,27.0,0.0,0.0,66.0,23.0,24.0,21.0,Limburg
5989,30GB04,30GB,Fontys Hogeschool,Sittard-Geleen,2024,deeltijd,hbo,ma,NL,realisatie,57.0,20.0,0.0,0.0,54.0,20.0,22.0,15.0,Limburg
5990,30GB04,30GB,Fontys Hogeschool,Sittard-Geleen,2017,deeltijd,hbo,ma,niet-EER,realisatie,0.0,0.0,0.0,0.0,0.0,0.0,0.0,0.0,Limburg
5991,30GB04,30GB,Fontys Hogeschool,Sittard-Geleen,2018,deeltijd,hbo,ma,niet-EER,realisatie,0.0,0.0,0.0,0.0,0.0,0.0,0.0,0.0,Limburg
5992,30GB04,30GB,Fontys Hogeschool,Sittard-Geleen,2017,voltijd,hbo,ba,EER,realisatie,21.0,0.0,0.0,0.0,15.0,0.0,0.0,14.0,Limburg
5993,30GB04,30GB,Fontys Hogeschool,Sittard-Geleen,2018,voltijd,hbo,ba,EER,realisatie,14.0,0.0,0.0,0.0,12.0,0.0,0.0,12.0,Limburg
5994,30GB04,30GB,Fontys Hogeschool,Sittard-Geleen,2019,voltijd,hbo,ba,EER,realisatie,12.0,0.0,0.0,0.0,9.0,0.0,0.0,9.0,Limburg
5995,30GB04,30GB,Fontys Hogeschool,Sittard-Geleen,2020,voltijd,hbo,ba,EER,realisatie,11.0,0.0,0.0,0.0,7.0,0.0,0.0,7.0,Limburg
5996,30GB04,30GB,Fontys Hogeschool,Sittard-Geleen,2021,voltijd,hbo,ba,EER,realisatie,9.0,0.0,0.0,0.0,6.0,0.0,0.0,6.0,Limburg
5997,30GB04,30GB,Fontys Hogeschool,Sittard-Geleen,2022,voltijd,hbo,ba,EER,realisatie,8.0,0.0,0.0,0.0,0.0,0.0,0.0,0.0,Limburg
5998,30GB04,30GB,Fontys Hogeschool,Sittard-Geleen,2023,voltijd,hbo,ba,EER,realisatie,10.0,0.0,0.0,0.0,0.0,0.0,0.0,0.0,Limburg
5999,30GB04,30GB,Fontys Hogeschool,Sittard-Geleen,2024,voltijd,hbo,ba,EER,realisatie,8.0,0.0,0.0,0.0,0.0,0.0,0.0,0.0,Limburg
6000,30GB04,30GB,Fontys Hogeschool,Sittard-Geleen,2017,voltijd,hbo,ba,NL,realisatie,1141.0,275.0,242.0,206.0,693.0,252.0,215.0,674.0,Limburg
6001,30GB04,30GB,Fontys Hogeschool,Sittard-Geleen,2018,voltijd,hbo,ba,NL,realisatie,1100.0,268.0,229.0,199.0,672.0,239.0,202.0,659.0,Limburg
6002,30GB04,30GB,Fontys Hogeschool,Sittard-Geleen,2019,voltijd,hbo,ba,NL,realisatie,1084.0,285.0,262.0,195.0,627.0,267.0,201.0,616.0,Limburg
6003,30GB04,30GB,Fontys Hogeschool,Sittard-Geleen,2020,voltijd,hbo,ba,NL,realisatie,1132.0,341.0,305.0,230.0,597.0,314.0,228.0,590.0,Limburg
6004,30GB04,30GB,Fontys Hogeschool,Sittard-Geleen,2021,voltijd,hbo,ba,NL,realisatie,1045.0,221.0,195.0,240.0,610.0,204.0,243.0,598.0,Limburg
6005,30GB04,30GB,Fontys Hogeschool,Sittard-Geleen,2022,voltijd,hbo,ba,NL,realisatie,1035.0,237.0,207.0,195.0,633.0,220.0,189.0,626.0,Limburg
6006,30GB04,30GB,Fontys Hogeschool,Sittard-Geleen,2023,voltijd,hbo,ba,NL,realisatie,935.0,209.0,166.0,176.0,593.0,178.0,179.0,578.0,Limburg
6007,30GB04,30GB,Fontys Hogeschool,Sittard-Geleen,2024,voltijd,hbo,ba,NL,realisatie,892.0,219.0,187.0,154.0,551.0,197.0,157.0,538.0,Limburg
6008,30GB04,30GB,Fontys Hogeschool,Sittard-Geleen,2017,voltijd,hbo,ba,niet-EER,realisatie,0.0,0.0,0.0,0.0,0.0,0.0,0.0,0.0,Limburg
6009,30GB04,30GB,Fontys Hogeschool,Sittard-Geleen,2020,voltijd,hbo,ba,niet-EER,realisatie,0.0,0.0,0.0,0.0,0.0,0.0,0.0,0.0,Limburg
6010,30GB04,30GB,Fontys Hogeschool,Sittard-Geleen,2021,voltijd,hbo,ba,niet-EER,realisatie,0.0,0.0,0.0,0.0,0.0,0.0,0.0,0.0,Limburg
6011,30GB04,30GB,Fontys Hogeschool,Sittard-Geleen,2022,voltijd,hbo,ba,niet-EER,realisatie,0.0,0.0,0.0,0.0,0.0,0.0,0.0,0.0,Limburg
6012,30GB04,30GB,Fontys Hogeschool,Sittard-Geleen,2023,voltijd,hbo,ba,niet-EER,realisatie,0.0,0.0,0.0,0.0,0.0,0.0,0.0,0.0,Limburg
6013,30GB04,30GB,Fontys Hogeschool,Sittard-Geleen,2024,voltijd,hbo,ba,niet-EER,realisatie,0.0,0.0,0.0,0.0,0.0,0.0,0.0,0.0,Limburg
6014,30GB04,30GB,Fontys Hogeschool,Sittard-Geleen,2017,voltijd,hbo,ma,EER,realisatie,0.0,0.0,0.0,0.0,0.0,0.0,0.0,0.0,Limburg
6015,30GB04,30GB,Fontys Hogeschool,Sittard-Geleen,2018,voltijd,hbo,ma,EER,realisatie,0.0,0.0,0.0,0.0,0.0,0.0,0.0,0.0,Limburg
6016,30GB04,30GB,Fontys Hogeschool,Sittard-Geleen,2019,voltijd,hbo,ma,EER,realisatie,6.0,0.0,0.0,0.0,0.0,0.0,0.0,0.0,Limburg
6017,30GB04,30GB,Fontys Hogeschool,Sittard-Geleen,2020,voltijd,hbo,ma,EER,realisatie,0.0,0.0,0.0,0.0,0.0,0.0,0.0,0.0,Limburg
6018,30GB04,30GB,Fontys Hogeschool,Sittard-Geleen,2021,voltijd,hbo,ma,EER,realisatie,0.0,0.0,0.0,0.0,0.0,0.0,0.0,0.0,Limburg
6019,30GB04,30GB,Fontys Hogeschool,Sittard-Geleen,2022,voltijd,hbo,ma,EER,realisatie,0.0,0.0,0.0,0.0,0.0,0.0,0.0,0.0,Limburg
6020,30GB04,30GB,Fontys Hogeschool,Sittard-Geleen,2023,voltijd,hbo,ma,EER,realisatie,7.0,0.0,0.0,0.0,0.0,0.0,0.0,0.0,Limburg
6021,30GB04,30GB,Fontys Hogeschool,Sittard-Geleen,2024,voltijd,hbo,ma,EER,realisatie,9.0,0.0,0.0,0.0,0.0,0.0,0.0,0.0,Limburg
6022,30GB04,30GB,Fontys Hogeschool,Sittard-Geleen,2017,voltijd,hbo,ma,NL,realisatie,59.0,30.0,0.0,0.0,59.0,28.0,21.0,10.0,Limburg
6023,30GB04,30GB,Fontys Hogeschool,Sittard-Geleen,2018,voltijd,hbo,ma,NL,realisatie,63.0,15.0,0.0,0.0,63.0,13.0,27.0,23.0,Limburg
6024,30GB04,30GB,Fontys Hogeschool,Sittard-Geleen,2019,voltijd,hbo,ma,NL,realisatie,58.0,19.0,0.0,0.0,56.0,18.0,10.0,30.0,Limburg
6025,30GB04,30GB,Fontys Hogeschool,Sittard-Geleen,2020,voltijd,hbo,ma,NL,realisatie,50.0,17.0,0.0,0.0,48.0,16.0,11.0,23.0,Limburg
6026,30GB04,30GB,Fontys Hogeschool,Sittard-Geleen,2021,voltijd,hbo,ma,NL,realisatie,61.0,25.0,0.0,0.0,61.0,23.0,14.0,24.0,Limburg
6027,30GB04,30GB,Fontys Hogeschool,Sittard-Geleen,2022,voltijd,hbo,ma,NL,realisatie,53.0,14.0,0.0,0.0,52.0,13.0,19.0,21.0,Limburg
6028,30GB04,30GB,Fontys Hogeschool,Sittard-Geleen,2023,voltijd,hbo,ma,NL,realisatie,59.0,17.0,0.0,0.0,56.0,14.0,15.0,30.0,Limburg
6029,30GB04,30GB,Fontys Hogeschool,Sittard-Geleen,2024,voltijd,hbo,ma,NL,realisatie,54.0,12.0,0.0,0.0,52.0,10.0,11.0,33.0,Limburg
6030,30GB04,30GB,Fontys Hogeschool,Sittard-Geleen,2018,voltijd,hbo,ma,niet-EER,realisatie,0.0,0.0,0.0,0.0,0.0,0.0,0.0,0.0,Limburg
6031,30GB04,30GB,Fontys Hogeschool,Sittard-Geleen,2019,voltijd,hbo,ma,niet-EER,realisatie,0.0,0.0,0.0,0.0,0.0,0.0,0.0,0.0,Limburg
6032,30GB04,30GB,Fontys Hogeschool,Sittard-Geleen,2020,voltijd,hbo,ma,niet-EER,realisatie,0.0,0.0,0.0,0.0,0.0,0.0,0.0,0.0,Limburg
6033,30GB04,30GB,Fontys Hogeschool,Sittard-Geleen,2021,voltijd,hbo,ma,niet-EER,realisatie,0.0,0.0,0.0,0.0,0.0,0.0,0.0,0.0,Limburg
6034,30GB08,30GB,Fontys Hogeschool,'s-Hertogenbosch,2018,deeltijd,hbo,ad,NL,realisatie,40.0,40.0,24.0,9.0,7.0,40.0,0.0,0.0,Noord-Brabant
6035,30GB08,30GB,Fontys Hogeschool,'s-Hertogenbosch,2019,deeltijd,hbo,ad,NL,realisatie,89.0,56.0,34.0,32.0,23.0,56.0,33.0,0.0,Noord-Brabant
6036,30GB08,30GB,Fontys Hogeschool,'s-Hertogenbosch,2020,deeltijd,hbo,ad,NL,realisatie,103.0,61.0,41.0,28.0,34.0,61.0,35.0,7.0,Noord-Brabant
6037,30GB08,30GB,Fontys Hogeschool,'s-Hertogenbosch,2021,deeltijd,hbo,ad,NL,realisatie,112.0,50.0,37.0,37.0,38.0,48.0,46.0,18.0,Noord-Brabant
6038,30GB08,30GB,Fontys Hogeschool,'s-Hertogenbosch,2022,deeltijd,hbo,ad,NL,realisatie,92.0,41.0,24.0,26.0,42.0,40.0,24.0,28.0,Noord-Brabant
6039,30GB08,30GB,Fontys Hogeschool,'s-Hertogenbosch,2023,deeltijd,hbo,ad,NL,realisatie,100.0,50.0,24.0,28.0,48.0,48.0,30.0,22.0,Noord-Brabant
6040,30GB08,30GB,Fontys Hogeschool,'s-Hertogenbosch,2024,deeltijd,hbo,ad,NL,realisatie,71.0,31.0,14.0,18.0,39.0,27.0,30.0,14.0,Noord-Brabant
6041,30GB08,30GB,Fontys Hogeschool,'s-Hertogenbosch,2017,deeltijd,hbo,ba,NL,realisatie,9.0,0.0,0.0,0.0,8.0,0.0,0.0,8.0,Noord-Brabant
6042,30GB08,30GB,Fontys Hogeschool,'s-Hertogenbosch,2018,deeltijd,hbo,ba,NL,realisatie,7.0,0.0,0.0,0.0,7.0,0.0,0.0,7.0,Noord-Brabant
6043,30GB08,30GB,Fontys Hogeschool,'s-Hertogenbosch,2019,deeltijd,hbo,ba,NL,realisatie,0.0,0.0,0.0,0.0,0.0,0.0,0.0,0.0,Noord-Brabant
6044,30GB08,30GB,Fontys Hogeschool,'s-Hertogenbosch,2020,deeltijd,hbo,ba,NL,realisatie,0.0,0.0,0.0,0.0,0.0,0.0,0.0,0.0,Noord-Brabant
6045,30GB08,30GB,Fontys Hogeschool,'s-Hertogenbosch,2021,deeltijd,hbo,ba,NL,realisatie,0.0,0.0,0.0,0.0,0.0,0.0,0.0,0.0,Noord-Brabant
6046,30GB08,30GB,Fontys Hogeschool,'s-Hertogenbosch,2022,deeltijd,hbo,ba,NL,realisatie,0.0,0.0,0.0,0.0,0.0,0.0,0.0,0.0,Noord-Brabant
6047,30GB08,30GB,Fontys Hogeschool,'s-Hertogenbosch,2023,deeltijd,hbo,ba,NL,realisatie,0.0,0.0,0.0,0.0,0.0,0.0,0.0,0.0,Noord-Brabant
6048,30GB08,30GB,Fontys Hogeschool,'s-Hertogenbosch,2017,deeltijd,hbo,ma,EER,realisatie,0.0,0.0,0.0,0.0,0.0,0.0,0.0,0.0,Noord-Brabant
6049,30GB08,30GB,Fontys Hogeschool,'s-Hertogenbosch,2018,deeltijd,hbo,ma,EER,realisatie,0.0,0.0,0.0,0.0,0.0,0.0,0.0,0.0,Noord-Brabant
6050,30GB08,30GB,Fontys Hogeschool,'s-Hertogenbosch,2019,deeltijd,hbo,ma,EER,realisatie,0.0,0.0,0.0,0.0,0.0,0.0,0.0,0.0,Noord-Brabant
6051,30GB08,30GB,Fontys Hogeschool,'s-Hertogenbosch,2020,deeltijd,hbo,ma,EER,realisatie,0.0,0.0,0.0,0.0,0.0,0.0,0.0,0.0,Noord-Brabant
6052,30GB08,30GB,Fontys Hogeschool,'s-Hertogenbosch,2021,deeltijd,hbo,ma,EER,realisatie,13.0,9.0,8.0,0.0,0.0,9.0,0.0,0.0,Noord-Brabant
6053,30GB08,30GB,Fontys Hogeschool,'s-Hertogenbosch,2022,deeltijd,hbo,ma,EER,realisatie,10.0,0.0,0.0,7.0,0.0,0.0,8.0,0.0,Noord-Brabant
6054,30GB08,30GB,Fontys Hogeschool,'s-Hertogenbosch,2023,deeltijd,hbo,ma,EER,realisatie,0.0,0.0,0.0,0.0,0.0,0.0,0.0,0.0,Noord-Brabant
6055,30GB08,30GB,Fontys Hogeschool,'s-Hertogenbosch,2017,deeltijd,hbo,ma,NL,realisatie,78.0,34.0,0.0,0.0,75.0,28.0,29.0,21.0,Noord-Brabant
6056,30GB08,30GB,Fontys Hogeschool,'s-Hertogenbosch,2018,deeltijd,hbo,ma,NL,realisatie,87.0,46.0,0.0,0.0,84.0,42.0,25.0,20.0,Noord-Brabant
6057,30GB08,30GB,Fontys Hogeschool,'s-Hertogenbosch,2019,deeltijd,hbo,ma,NL,realisatie,85.0,32.0,0.0,0.0,81.0,29.0,38.0,18.0,Noord-Brabant
6058,30GB08,30GB,Fontys Hogeschool,'s-Hertogenbosch,2020,deeltijd,hbo,ma,NL,realisatie,73.0,23.0,0.0,0.0,70.0,17.0,28.0,28.0,Noord-Brabant
6059,30GB08,30GB,Fontys Hogeschool,'s-Hertogenbosch,2021,deeltijd,hbo,ma,NL,realisatie,82.0,45.0,0.0,0.0,79.0,42.0,14.0,26.0,Noord-Brabant
6060,30GB08,30GB,Fontys Hogeschool,'s-Hertogenbosch,2022,deeltijd,hbo,ma,NL,realisatie,57.0,13.0,0.0,0.0,56.0,12.0,31.0,14.0,Noord-Brabant
6061,30GB08,30GB,Fontys Hogeschool,'s-Hertogenbosch,2023,deeltijd,hbo,ma,NL,realisatie,36.0,19.0,0.0,0.0,36.0,18.0,9.0,9.0,Noord-Brabant
6062,30GB08,30GB,Fontys Hogeschool,'s-Hertogenbosch,2024,deeltijd,hbo,ma,NL,realisatie,24.0,0.0,0.0,0.0,24.0,0.0,17.0,0.0,Noord-Brabant
6063,30GB08,30GB,Fontys Hogeschool,'s-Hertogenbosch,2022,deeltijd,hbo,ma,niet-EER,realisatie,0.0,0.0,0.0,0.0,0.0,0.0,0.0,0.0,Noord-Brabant
6064,30GB08,30GB,Fontys Hogeschool,'s-Hertogenbosch,2017,voltijd,hbo,ba,EER,realisatie,0.0,0.0,0.0,0.0,0.0,0.0,0.0,0.0,Noord-Brabant
6065,30GB08,30GB,Fontys Hogeschool,'s-Hertogenbosch,2018,voltijd,hbo,ba,EER,realisatie,0.0,0.0,0.0,0.0,0.0,0.0,0.0,0.0,Noord-Brabant
6066,30GB08,30GB,Fontys Hogeschool,'s-Hertogenbosch,2019,voltijd,hbo,ba,EER,realisatie,0.0,0.0,0.0,0.0,0.0,0.0,0.0,0.0,Noord-Brabant
6067,30GB08,30GB,Fontys Hogeschool,'s-Hertogenbosch,2020,voltijd,hbo,ba,EER,realisatie,0.0,0.0,0.0,0.0,0.0,0.0,0.0,0.0,Noord-Brabant
6068,30GB08,30GB,Fontys Hogeschool,'s-Hertogenbosch,2021,voltijd,hbo,ba,EER,realisatie,0.0,0.0,0.0,0.0,0.0,0.0,0.0,0.0,Noord-Brabant
6069,30GB08,30GB,Fontys Hogeschool,'s-Hertogenbosch,2022,voltijd,hbo,ba,EER,realisatie,0.0,0.0,0.0,0.0,0.0,0.0,0.0,0.0,Noord-Brabant
6070,30GB08,30GB,Fontys Hogeschool,'s-Hertogenbosch,2023,voltijd,hbo,ba,EER,realisatie,0.0,0.0,0.0,0.0,0.0,0.0,0.0,0.0,Noord-Brabant
6071,30GB08,30GB,Fontys Hogeschool,'s-Hertogenbosch,2017,voltijd,hbo,ba,NL,realisatie,798.0,181.0,161.0,152.0,485.0,164.0,149.0,485.0,Noord-Brabant
6072,30GB08,30GB,Fontys Hogeschool,'s-Hertogenbosch,2018,voltijd,hbo,ba,NL,realisatie,721.0,162.0,144.0,134.0,443.0,146.0,137.0,438.0,Noord-Brabant
6073,30GB08,30GB,Fontys Hogeschool,'s-Hertogenbosch,2019,voltijd,hbo,ba,NL,realisatie,690.0,191.0,167.0,137.0,386.0,172.0,138.0,380.0,Noord-Brabant
6074,30GB08,30GB,Fontys Hogeschool,'s-Hertogenbosch,2020,voltijd,hbo,ba,NL,realisatie,708.0,231.0,208.0,156.0,344.0,214.0,154.0,340.0,Noord-Brabant
6075,30GB08,30GB,Fontys Hogeschool,'s-Hertogenbosch,2021,voltijd,hbo,ba,NL,realisatie,682.0,164.0,154.0,174.0,354.0,157.0,177.0,348.0,Noord-Brabant
6076,30GB08,30GB,Fontys Hogeschool,'s-Hertogenbosch,2022,voltijd,hbo,ba,NL,realisatie,633.0,128.0,117.0,125.0,391.0,118.0,126.0,389.0,Noord-Brabant
6077,30GB08,30GB,Fontys Hogeschool,'s-Hertogenbosch,2023,voltijd,hbo,ba,NL,realisatie,615.0,126.0,119.0,103.0,393.0,120.0,104.0,391.0,Noord-Brabant
6078,30GB08,30GB,Fontys Hogeschool,'s-Hertogenbosch,2024,voltijd,hbo,ba,NL,realisatie,551.0,123.0,108.0,99.0,344.0,110.0,98.0,343.0,Noord-Brabant
6079,30GB08,30GB,Fontys Hogeschool,'s-Hertogenbosch,2018,voltijd,hbo,ba,niet-EER,realisatie,0.0,0.0,0.0,0.0,0.0,0.0,0.0,0.0,Noord-Brabant
6080,30GB08,30GB,Fontys Hogeschool,'s-Hertogenbosch,2021,voltijd,hbo,ba,niet-EER,realisatie,0.0,0.0,0.0,0.0,0.0,0.0,0.0,0.0,Noord-Brabant
6081,30GB08,30GB,Fontys Hogeschool,'s-Hertogenbosch,2019,voltijd,hbo,ma,EER,realisatie,0.0,0.0,0.0,0.0,0.0,0.0,0.0,0.0,Noord-Brabant
6082,30GB08,30GB,Fontys Hogeschool,'s-Hertogenbosch,2020,voltijd,hbo,ma,EER,realisatie,0.0,0.0,0.0,0.0,0.0,0.0,0.0,0.0,Noord-Brabant
6083,30GB08,30GB,Fontys Hogeschool,'s-Hertogenbosch,2021,voltijd,hbo,ma,EER,realisatie,0.0,0.0,0.0,0.0,0.0,0.0,0.0,0.0,Noord-Brabant
6084,30GB08,30GB,Fontys Hogeschool,'s-Hertogenbosch,2022,voltijd,hbo,ma,EER,realisatie,0.0,0.0,0.0,0.0,0.0,0.0,0.0,0.0,Noord-Brabant
6085,30GB08,30GB,Fontys Hogeschool,'s-Hertogenbosch,2017,voltijd,hbo,ma,NL,realisatie,0.0,0.0,0.0,0.0,0.0,0.0,0.0,0.0,Noord-Brabant
6086,30GB08,30GB,Fontys Hogeschool,'s-Hertogenbosch,2018,voltijd,hbo,ma,NL,realisatie,0.0,0.0,0.0,0.0,0.0,0.0,0.0,0.0,Noord-Brabant
6087,30GB08,30GB,Fontys Hogeschool,'s-Hertogenbosch,2019,voltijd,hbo,ma,NL,realisatie,0.0,0.0,0.0,0.0,0.0,0.0,0.0,0.0,Noord-Brabant
6088,30GB08,30GB,Fontys Hogeschool,'s-Hertogenbosch,2020,voltijd,hbo,ma,NL,realisatie,0.0,0.0,0.0,0.0,0.0,0.0,0.0,0.0,Noord-Brabant
6089,30GB08,30GB,Fontys Hogeschool,'s-Hertogenbosch,2021,voltijd,hbo,ma,NL,realisatie,0.0,0.0,0.0,0.0,0.0,0.0,0.0,0.0,Noord-Brabant
6090,30GB13,30GB,Fontys Hogeschool,Tilburg,2022,deeltijd,hbo,ad,EER,realisatie,0.0,0.0,0.0,0.0,0.0,0.0,0.0,0.0,Noord-Brabant
6091,30GB13,30GB,Fontys Hogeschool,Tilburg,2018,deeltijd,hbo,ad,NL,realisatie,51.0,51.0,33.0,12.0,6.0,51.0,0.0,0.0,Noord-Brabant
6092,30GB13,30GB,Fontys Hogeschool,Tilburg,2019,deeltijd,hbo,ad,NL,realisatie,85.0,52.0,24.0,37.0,24.0,52.0,33.0,0.0,Noord-Brabant
6093,30GB13,30GB,Fontys Hogeschool,Tilburg,2020,deeltijd,hbo,ad,NL,realisatie,104.0,55.0,39.0,29.0,36.0,54.0,39.0,11.0,Noord-Brabant
6094,30GB13,30GB,Fontys Hogeschool,Tilburg,2021,deeltijd,hbo,ad,NL,realisatie,93.0,38.0,14.0,37.0,42.0,37.0,35.0,21.0,Noord-Brabant
6095,30GB13,30GB,Fontys Hogeschool,Tilburg,2022,deeltijd,hbo,ad,NL,realisatie,78.0,25.0,15.0,14.0,49.0,24.0,24.0,30.0,Noord-Brabant
6096,30GB13,30GB,Fontys Hogeschool,Tilburg,2023,deeltijd,hbo,ad,NL,realisatie,79.0,42.0,13.0,25.0,41.0,41.0,17.0,21.0,Noord-Brabant
6097,30GB13,30GB,Fontys Hogeschool,Tilburg,2024,deeltijd,hbo,ad,NL,realisatie,78.0,34.0,20.0,16.0,42.0,33.0,34.0,11.0,Noord-Brabant
6098,30GB13,30GB,Fontys Hogeschool,Tilburg,2017,deeltijd,hbo,ba,EER,realisatie,27.0,11.0,6.0,0.0,18.0,7.0,0.0,17.0,Noord-Brabant
6099,30GB13,30GB,Fontys Hogeschool,Tilburg,2018,deeltijd,hbo,ba,EER,realisatie,29.0,11.0,7.0,0.0,19.0,7.0,0.0,18.0,Noord-Brabant
6100,30GB13,30GB,Fontys Hogeschool,Tilburg,2019,deeltijd,hbo,ba,EER,realisatie,32.0,9.0,9.0,7.0,16.0,9.0,7.0,16.0,Noord-Brabant
6101,30GB13,30GB,Fontys Hogeschool,Tilburg,2020,deeltijd,hbo,ba,EER,realisatie,36.0,12.0,8.0,0.0,23.0,9.0,0.0,22.0,Noord-Brabant
6102,30GB13,30GB,Fontys Hogeschool,Tilburg,2021,deeltijd,hbo,ba,EER,realisatie,40.0,15.0,11.0,6.0,23.0,11.0,7.0,22.0,Noord-Brabant
6103,30GB13,30GB,Fontys Hogeschool,Tilburg,2022,deeltijd,hbo,ba,EER,realisatie,41.0,13.0,8.0,10.0,23.0,10.0,10.0,21.0,Noord-Brabant
6104,30GB13,30GB,Fontys Hogeschool,Tilburg,2023,deeltijd,hbo,ba,EER,realisatie,44.0,12.0,7.0,7.0,30.0,9.0,9.0,26.0,Noord-Brabant
6105,30GB13,30GB,Fontys Hogeschool,Tilburg,2024,deeltijd,hbo,ba,EER,realisatie,43.0,16.0,12.0,6.0,25.0,13.0,7.0,23.0,Noord-Brabant
6106,30GB13,30GB,Fontys Hogeschool,Tilburg,2017,deeltijd,hbo,ba,NL,realisatie,2052.0,719.0,178.0,146.0,1728.0,225.0,190.0,1637.0,Noord-Brabant
6107,30GB13,30GB,Fontys Hogeschool,Tilburg,2018,deeltijd,hbo,ba,NL,realisatie,1965.0,640.0,189.0,164.0,1612.0,219.0,203.0,1543.0,Noord-Brabant
6108,30GB13,30GB,Fontys Hogeschool,Tilburg,2019,deeltijd,hbo,ba,NL,realisatie,1992.0,694.0,210.0,196.0,1586.0,250.0,221.0,1521.0,Noord-Brabant
6109,30GB13,30GB,Fontys Hogeschool,Tilburg,2020,deeltijd,hbo,ba,NL,realisatie,2036.0,717.0,246.0,210.0,1580.0,287.0,254.0,1495.0,Noord-Brabant
6110,30GB13,30GB,Fontys Hogeschool,Tilburg,2021,deeltijd,hbo,ba,NL,realisatie,2096.0,707.0,250.0,243.0,1603.0,280.0,289.0,1527.0,Noord-Brabant
6111,30GB13,30GB,Fontys Hogeschool,Tilburg,2022,deeltijd,hbo,ba,NL,realisatie,2028.0,625.0,227.0,228.0,1573.0,262.0,252.0,1514.0,Noord-Brabant
6112,30GB13,30GB,Fontys Hogeschool,Tilburg,2023,deeltijd,hbo,ba,NL,realisatie,1947.0,633.0,200.0,198.0,1549.0,236.0,231.0,1480.0,Noord-Brabant
6113,30GB13,30GB,Fontys Hogeschool,Tilburg,2024,deeltijd,hbo,ba,NL,realisatie,1943.0,687.0,212.0,189.0,1542.0,263.0,225.0,1455.0,Noord-Brabant
6114,30GB13,30GB,Fontys Hogeschool,Tilburg,2017,deeltijd,hbo,ba,niet-EER,realisatie,0.0,0.0,0.0,0.0,0.0,0.0,0.0,0.0,Noord-Brabant
6115,30GB13,30GB,Fontys Hogeschool,Tilburg,2018,deeltijd,hbo,ba,niet-EER,realisatie,0.0,0.0,0.0,0.0,0.0,0.0,0.0,0.0,Noord-Brabant
6116,30GB13,30GB,Fontys Hogeschool,Tilburg,2019,deeltijd,hbo,ba,niet-EER,realisatie,0.0,0.0,0.0,0.0,0.0,0.0,0.0,0.0,Noord-Brabant
6117,30GB13,30GB,Fontys Hogeschool,Tilburg,2020,deeltijd,hbo,ba,niet-EER,realisatie,0.0,0.0,0.0,0.0,0.0,0.0,0.0,0.0,Noord-Brabant
6118,30GB13,30GB,Fontys Hogeschool,Tilburg,2021,deeltijd,hbo,ba,niet-EER,realisatie,0.0,0.0,0.0,0.0,0.0,0.0,0.0,0.0,Noord-Brabant
6119,30GB13,30GB,Fontys Hogeschool,Tilburg,2022,deeltijd,hbo,ba,niet-EER,realisatie,0.0,0.0,0.0,0.0,0.0,0.0,0.0,0.0,Noord-Brabant
6120,30GB13,30GB,Fontys Hogeschool,Tilburg,2023,deeltijd,hbo,ba,niet-EER,realisatie,0.0,0.0,0.0,0.0,0.0,0.0,0.0,0.0,Noord-Brabant
6121,30GB13,30GB,Fontys Hogeschool,Tilburg,2024,deeltijd,hbo,ba,niet-EER,realisatie,10.0,7.0,0.0,0.0,0.0,0.0,0.0,0.0,Noord-Brabant
6122,30GB13,30GB,Fontys Hogeschool,Tilburg,2017,deeltijd,hbo,ma,EER,realisatie,51.0,25.0,18.0,10.0,23.0,24.0,12.0,15.0,Noord-Brabant
6123,30GB13,30GB,Fontys Hogeschool,Tilburg,2018,deeltijd,hbo,ma,EER,realisatie,53.0,14.0,12.0,15.0,26.0,12.0,20.0,21.0,Noord-Brabant
6124,30GB13,30GB,Fontys Hogeschool,Tilburg,2019,deeltijd,hbo,ma,EER,realisatie,70.0,42.0,34.0,12.0,24.0,40.0,12.0,18.0,Noord-Brabant
6125,30GB13,30GB,Fontys Hogeschool,Tilburg,2020,deeltijd,hbo,ma,EER,realisatie,63.0,20.0,15.0,29.0,19.0,18.0,34.0,11.0,Noord-Brabant
6126,30GB13,30GB,Fontys Hogeschool,Tilburg,2021,deeltijd,hbo,ma,EER,realisatie,72.0,39.0,31.0,12.0,29.0,36.0,15.0,21.0,Noord-Brabant
6127,30GB13,30GB,Fontys Hogeschool,Tilburg,2022,deeltijd,hbo,ma,EER,realisatie,91.0,41.0,36.0,26.0,29.0,40.0,30.0,21.0,Noord-Brabant
6128,30GB13,30GB,Fontys Hogeschool,Tilburg,2023,deeltijd,hbo,ma,EER,realisatie,104.0,50.0,39.0,29.0,36.0,49.0,32.0,23.0,Noord-Brabant
6129,30GB13,30GB,Fontys Hogeschool,Tilburg,2024,deeltijd,hbo,ma,EER,realisatie,129.0,64.0,57.0,34.0,38.0,63.0,45.0,21.0,Noord-Brabant
6130,30GB13,30GB,Fontys Hogeschool,Tilburg,2017,deeltijd,hbo,ma,NL,realisatie,988.0,305.0,0.0,8.0,976.0,270.0,243.0,475.0,Noord-Brabant
6131,30GB13,30GB,Fontys Hogeschool,Tilburg,2018,deeltijd,hbo,ma,NL,realisatie,971.0,337.0,9.0,8.0,954.0,284.0,245.0,442.0,Noord-Brabant
6132,30GB13,30GB,Fontys Hogeschool,Tilburg,2019,deeltijd,hbo,ma,NL,realisatie,1010.0,349.0,10.0,9.0,991.0,314.0,248.0,448.0,Noord-Brabant
6133,30GB13,30GB,Fontys Hogeschool,Tilburg,2020,deeltijd,hbo,ma,NL,realisatie,1005.0,316.0,8.0,7.0,990.0,271.0,274.0,460.0,Noord-Brabant
6134,30GB13,30GB,Fontys Hogeschool,Tilburg,2021,deeltijd,hbo,ma,NL,realisatie,1057.0,379.0,8.0,8.0,1041.0,326.0,243.0,488.0,Noord-Brabant
6135,30GB13,30GB,Fontys Hogeschool,Tilburg,2022,deeltijd,hbo,ma,NL,realisatie,1005.0,321.0,0.0,8.0,992.0,280.0,290.0,435.0,Noord-Brabant
6136,30GB13,30GB,Fontys Hogeschool,Tilburg,2023,deeltijd,hbo,ma,NL,realisatie,922.0,304.0,6.0,10.0,906.0,264.0,247.0,411.0,Noord-Brabant
6137,30GB13,30GB,Fontys Hogeschool,Tilburg,2024,deeltijd,hbo,ma,NL,realisatie,902.0,278.0,0.0,8.0,889.0,243.0,252.0,407.0,Noord-Brabant
6138,30GB13,30GB,Fontys Hogeschool,Tilburg,2017,deeltijd,hbo,ma,niet-EER,realisatie,14.0,0.0,0.0,0.0,6.0,0.0,0.0,6.0,Noord-Brabant
6139,30GB13,30GB,Fontys Hogeschool,Tilburg,2018,deeltijd,hbo,ma,niet-EER,realisatie,20.0,10.0,6.0,0.0,11.0,9.0,0.0,8.0,Noord-Brabant
6140,30GB13,30GB,Fontys Hogeschool,Tilburg,2019,deeltijd,hbo,ma,niet-EER,realisatie,25.0,11.0,8.0,0.0,14.0,10.0,6.0,9.0,Noord-Brabant
6141,30GB13,30GB,Fontys Hogeschool,Tilburg,2020,deeltijd,hbo,ma,niet-EER,realisatie,26.0,9.0,9.0,7.0,10.0,9.0,9.0,8.0,Noord-Brabant
6142,30GB13,30GB,Fontys Hogeschool,Tilburg,2021,deeltijd,hbo,ma,niet-EER,realisatie,36.0,17.0,12.0,9.0,15.0,15.0,8.0,13.0,Noord-Brabant
6143,30GB13,30GB,Fontys Hogeschool,Tilburg,2022,deeltijd,hbo,ma,niet-EER,realisatie,49.0,18.0,14.0,12.0,23.0,15.0,15.0,19.0,Noord-Brabant
6144,30GB13,30GB,Fontys Hogeschool,Tilburg,2023,deeltijd,hbo,ma,niet-EER,realisatie,52.0,17.0,16.0,10.0,26.0,16.0,11.0,25.0,Noord-Brabant
6145,30GB13,30GB,Fontys Hogeschool,Tilburg,2024,deeltijd,hbo,ma,niet-EER,realisatie,58.0,17.0,14.0,14.0,30.0,17.0,14.0,27.0,Noord-Brabant
6146,30GB13,30GB,Fontys Hogeschool,Tilburg,2020,voltijd,hbo,ad,EER,realisatie,0.0,0.0,0.0,0.0,0.0,0.0,0.0,0.0,Noord-Brabant
6147,30GB13,30GB,Fontys Hogeschool,Tilburg,2021,voltijd,hbo,ad,EER,realisatie,0.0,0.0,0.0,0.0,0.0,0.0,0.0,0.0,Noord-Brabant
6148,30GB13,30GB,Fontys Hogeschool,Tilburg,2022,voltijd,hbo,ad,EER,realisatie,0.0,0.0,0.0,0.0,0.0,0.0,0.0,0.0,Noord-Brabant
6149,30GB13,30GB,Fontys Hogeschool,Tilburg,2023,voltijd,hbo,ad,EER,realisatie,0.0,0.0,0.0,0.0,0.0,0.0,0.0,0.0,Noord-Brabant
6150,30GB13,30GB,Fontys Hogeschool,Tilburg,2024,voltijd,hbo,ad,EER,realisatie,0.0,0.0,0.0,0.0,0.0,0.0,0.0,0.0,Noord-Brabant
6151,30GB13,30GB,Fontys Hogeschool,Tilburg,2019,voltijd,hbo,ad,NL,realisatie,21.0,21.0,8.0,6.0,7.0,21.0,0.0,0.0,Noord-Brabant
6152,30GB13,30GB,Fontys Hogeschool,Tilburg,2020,voltijd,hbo,ad,NL,realisatie,65.0,53.0,18.0,9.0,38.0,51.0,14.0,0.0,Noord-Brabant
6153,30GB13,30GB,Fontys Hogeschool,Tilburg,2021,voltijd,hbo,ad,NL,realisatie,83.0,47.0,17.0,18.0,48.0,46.0,30.0,7.0,Noord-Brabant
6154,30GB13,30GB,Fontys Hogeschool,Tilburg,2022,voltijd,hbo,ad,NL,realisatie,69.0,41.0,13.0,15.0,41.0,39.0,21.0,9.0,Noord-Brabant
6155,30GB13,30GB,Fontys Hogeschool,Tilburg,2023,voltijd,hbo,ad,NL,realisatie,57.0,27.0,0.0,11.0,41.0,25.0,22.0,10.0,Noord-Brabant
6156,30GB13,30GB,Fontys Hogeschool,Tilburg,2024,voltijd,hbo,ad,NL,realisatie,56.0,36.0,12.0,7.0,37.0,35.0,15.0,6.0,Noord-Brabant
6157,30GB13,30GB,Fontys Hogeschool,Tilburg,2023,voltijd,hbo,ad,niet-EER,realisatie,0.0,0.0,0.0,0.0,0.0,0.0,0.0,0.0,Noord-Brabant
6158,30GB13,30GB,Fontys Hogeschool,Tilburg,2024,voltijd,hbo,ad,niet-EER,realisatie,0.0,0.0,0.0,0.0,0.0,0.0,0.0,0.0,Noord-Brabant
6159,30GB13,30GB,Fontys Hogeschool,Tilburg,2017,voltijd,hbo,ba,EER,realisatie,260.0,110.0,110.0,67.0,83.0,110.0,67.0,83.0,Noord-Brabant
6160,30GB13,30GB,Fontys Hogeschool,Tilburg,2018,voltijd,hbo,ba,EER,realisatie,285.0,91.0,88.0,91.0,106.0,88.0,91.0,106.0,Noord-Brabant
6161,30GB13,30GB,Fontys Hogeschool,Tilburg,2019,voltijd,hbo,ba,EER,realisatie,352.0,133.0,120.0,79.0,153.0,125.0,74.0,153.0,Noord-Brabant
6162,30GB13,30GB,Fontys Hogeschool,Tilburg,2020,voltijd,hbo,ba,EER,realisatie,356.0,110.0,106.0,85.0,165.0,108.0,88.0,160.0,Noord-Brabant
6163,30GB13,30GB,Fontys Hogeschool,Tilburg,2021,voltijd,hbo,ba,EER,realisatie,363.0,119.0,114.0,73.0,176.0,115.0,74.0,174.0,Noord-Brabant
6164,30GB13,30GB,Fontys Hogeschool,Tilburg,2022,voltijd,hbo,ba,EER,realisatie,391.0,120.0,111.0,90.0,190.0,114.0,89.0,188.0,Noord-Brabant
6165,30GB13,30GB,Fontys Hogeschool,Tilburg,2023,voltijd,hbo,ba,EER,realisatie,379.0,103.0,98.0,85.0,196.0,101.0,88.0,190.0,Noord-Brabant
6166,30GB13,30GB,Fontys Hogeschool,Tilburg,2024,voltijd,hbo,ba,EER,realisatie,390.0,113.0,108.0,80.0,202.0,112.0,80.0,198.0,Noord-Brabant
6167,30GB13,30GB,Fontys Hogeschool,Tilburg,2017,voltijd,hbo,ba,NL,realisatie,10609.0,2629.0,2245.0,1887.0,6477.0,2331.0,1931.0,6347.0,Noord-Brabant
6168,30GB13,30GB,Fontys Hogeschool,Tilburg,2018,voltijd,hbo,ba,NL,realisatie,10259.0,2549.0,2172.0,1828.0,6259.0,2252.0,1869.0,6138.0,Noord-Brabant
6169,30GB13,30GB,Fontys Hogeschool,Tilburg,2019,voltijd,hbo,ba,NL,realisatie,9977.0,2537.0,2177.0,1803.0,5997.0,2268.0,1830.0,5879.0,Noord-Brabant
6170,30GB13,30GB,Fontys Hogeschool,Tilburg,2020,voltijd,hbo,ba,NL,realisatie,9991.0,2636.0,2273.0,1888.0,5830.0,2348.0,1929.0,5714.0,Noord-Brabant
6171,30GB13,30GB,Fontys Hogeschool,Tilburg,2021,voltijd,hbo,ba,NL,realisatie,9554.0,2182.0,1882.0,1994.0,5678.0,1975.0,1991.0,5588.0,Noord-Brabant
6172,30GB13,30GB,Fontys Hogeschool,Tilburg,2022,voltijd,hbo,ba,NL,realisatie,8667.0,1775.0,1523.0,1560.0,5584.0,1616.0,1583.0,5468.0,Noord-Brabant
6173,30GB13,30GB,Fontys Hogeschool,Tilburg,2023,voltijd,hbo,ba,NL,realisatie,7993.0,1925.0,1575.0,1267.0,5151.0,1675.0,1305.0,5013.0,Noord-Brabant
6174,30GB13,30GB,Fontys Hogeschool,Tilburg,2024,voltijd,hbo,ba,NL,realisatie,7586.0,1932.0,1616.0,1357.0,4613.0,1712.0,1404.0,4470.0,Noord-Brabant
6175,30GB13,30GB,Fontys Hogeschool,Tilburg,2017,voltijd,hbo,ba,niet-EER,realisatie,40.0,14.0,10.0,10.0,20.0,12.0,8.0,20.0,Noord-Brabant
6176,30GB13,30GB,Fontys Hogeschool,Tilburg,2018,voltijd,hbo,ba,niet-EER,realisatie,42.0,16.0,14.0,11.0,17.0,15.0,10.0,17.0,Noord-Brabant
6177,30GB13,30GB,Fontys Hogeschool,Tilburg,2019,voltijd,hbo,ba,niet-EER,realisatie,43.0,16.0,15.0,12.0,16.0,16.0,12.0,15.0,Noord-Brabant
6178,30GB13,30GB,Fontys Hogeschool,Tilburg,2020,voltijd,hbo,ba,niet-EER,realisatie,47.0,14.0,12.0,10.0,25.0,12.0,12.0,23.0,Noord-Brabant
6179,30GB13,30GB,Fontys Hogeschool,Tilburg,2021,voltijd,hbo,ba,niet-EER,realisatie,52.0,22.0,22.0,7.0,23.0,22.0,7.0,23.0,Noord-Brabant
6180,30GB13,30GB,Fontys Hogeschool,Tilburg,2022,voltijd,hbo,ba,niet-EER,realisatie,61.0,22.0,19.0,17.0,25.0,21.0,15.0,25.0,Noord-Brabant
6181,30GB13,30GB,Fontys Hogeschool,Tilburg,2023,voltijd,hbo,ba,niet-EER,realisatie,61.0,17.0,17.0,17.0,27.0,17.0,18.0,26.0,Noord-Brabant
6182,30GB13,30GB,Fontys Hogeschool,Tilburg,2024,voltijd,hbo,ba,niet-EER,realisatie,65.0,18.0,18.0,16.0,31.0,18.0,16.0,31.0,Noord-Brabant
6183,30GB13,30GB,Fontys Hogeschool,Tilburg,2017,voltijd,hbo,ma,EER,realisatie,40.0,21.0,18.0,10.0,12.0,21.0,15.0,0.0,Noord-Brabant
6184,30GB13,30GB,Fontys Hogeschool,Tilburg,2018,voltijd,hbo,ma,EER,realisatie,51.0,34.0,26.0,9.0,16.0,34.0,12.0,0.0,Noord-Brabant
6185,30GB13,30GB,Fontys Hogeschool,Tilburg,2019,voltijd,hbo,ma,EER,realisatie,53.0,33.0,22.0,15.0,16.0,32.0,19.0,0.0,Noord-Brabant
6186,30GB13,30GB,Fontys Hogeschool,Tilburg,2020,voltijd,hbo,ma,EER,realisatie,67.0,39.0,27.0,16.0,24.0,39.0,22.0,6.0,Noord-Brabant
6187,30GB13,30GB,Fontys Hogeschool,Tilburg,2021,voltijd,hbo,ma,EER,realisatie,76.0,39.0,33.0,21.0,22.0,38.0,33.0,0.0,Noord-Brabant
6188,30GB13,30GB,Fontys Hogeschool,Tilburg,2022,voltijd,hbo,ma,EER,realisatie,64.0,24.0,15.0,25.0,24.0,24.0,27.0,13.0,Noord-Brabant
6189,30GB13,30GB,Fontys Hogeschool,Tilburg,2023,voltijd,hbo,ma,EER,realisatie,44.0,17.0,10.0,9.0,25.0,16.0,16.0,12.0,Noord-Brabant
6190,30GB13,30GB,Fontys Hogeschool,Tilburg,2024,voltijd,hbo,ma,EER,realisatie,50.0,31.0,18.0,7.0,25.0,31.0,12.0,7.0,Noord-Brabant
6191,30GB13,30GB,Fontys Hogeschool,Tilburg,2017,voltijd,hbo,ma,NL,realisatie,169.0,91.0,10.0,6.0,153.0,84.0,65.0,20.0,Noord-Brabant
6192,30GB13,30GB,Fontys Hogeschool,Tilburg,2018,voltijd,hbo,ma,NL,realisatie,174.0,78.0,6.0,10.0,158.0,77.0,65.0,32.0,Noord-Brabant
6193,30GB13,30GB,Fontys Hogeschool,Tilburg,2019,voltijd,hbo,ma,NL,realisatie,162.0,85.0,9.0,9.0,144.0,80.0,65.0,17.0,Noord-Brabant
6194,30GB13,30GB,Fontys Hogeschool,Tilburg,2020,voltijd,hbo,ma,NL,realisatie,160.0,76.0,0.0,8.0,149.0,71.0,72.0,17.0,Noord-Brabant
6195,30GB13,30GB,Fontys Hogeschool,Tilburg,2021,voltijd,hbo,ma,NL,realisatie,147.0,68.0,0.0,0.0,141.0,66.0,64.0,17.0,Noord-Brabant
6196,30GB13,30GB,Fontys Hogeschool,Tilburg,2022,voltijd,hbo,ma,NL,realisatie,136.0,63.0,0.0,0.0,129.0,61.0,58.0,17.0,Noord-Brabant
6197,30GB13,30GB,Fontys Hogeschool,Tilburg,2023,voltijd,hbo,ma,NL,realisatie,145.0,74.0,0.0,0.0,138.0,74.0,53.0,18.0,Noord-Brabant
6198,30GB13,30GB,Fontys Hogeschool,Tilburg,2024,voltijd,hbo,ma,NL,realisatie,183.0,112.0,9.0,0.0,171.0,108.0,64.0,11.0,Noord-Brabant
6199,30GB13,30GB,Fontys Hogeschool,Tilburg,2017,voltijd,hbo,ma,niet-EER,realisatie,26.0,16.0,13.0,0.0,9.0,14.0,0.0,8.0,Noord-Brabant
6200,30GB13,30GB,Fontys Hogeschool,Tilburg,2018,voltijd,hbo,ma,niet-EER,realisatie,24.0,9.0,7.0,8.0,9.0,9.0,8.0,7.0,Noord-Brabant
6201,30GB13,30GB,Fontys Hogeschool,Tilburg,2019,voltijd,hbo,ma,niet-EER,realisatie,18.0,13.0,10.0,0.0,0.0,13.0,0.0,0.0,Noord-Brabant
6202,30GB13,30GB,Fontys Hogeschool,Tilburg,2020,voltijd,hbo,ma,niet-EER,realisatie,20.0,13.0,12.0,0.0,0.0,13.0,7.0,0.0,Noord-Brabant
6203,30GB13,30GB,Fontys Hogeschool,Tilburg,2021,voltijd,hbo,ma,niet-EER,realisatie,19.0,6.0,0.0,11.0,0.0,0.0,12.0,0.0,Noord-Brabant
6204,30GB13,30GB,Fontys Hogeschool,Tilburg,2022,voltijd,hbo,ma,niet-EER,realisatie,22.0,16.0,12.0,0.0,8.0,14.0,0.0,0.0,Noord-Brabant
6205,30GB13,30GB,Fontys Hogeschool,Tilburg,2023,voltijd,hbo,ma,niet-EER,realisatie,19.0,7.0,0.0,8.0,7.0,0.0,10.0,0.0,Noord-Brabant
6206,30GB13,30GB,Fontys Hogeschool,Tilburg,2024,voltijd,hbo,ma,niet-EER,realisatie,19.0,10.0,9.0,0.0,6.0,10.0,0.0,0.0,Noord-Brabant
6207,30GB20,30GB,Fontys Hogeschool,Bergen op Zoom,2017,deeltijd,hbo,ma,EER,realisatie,20.0,14.0,14.0,6.0,0.0,14.0,6.0,0.0,
6208,30GB20,30GB,Fontys Hogeschool,Bergen op Zoom,2018,deeltijd,hbo,ma,EER,realisatie,23.0,13.0,13.0,8.0,0.0,13.0,8.0,0.0,
6209,30GB20,30GB,Fontys Hogeschool,Bergen op Zoom,2019,deeltijd,hbo,ma,EER,realisatie,30.0,17.0,17.0,10.0,0.0,17.0,10.0,0.0,
6210,30GB20,30GB,Fontys Hogeschool,Bergen op Zoom,2020,deeltijd,hbo,ma,EER,realisatie,49.0,31.0,30.0,14.0,0.0,31.0,14.0,0.0,
6211,30GB20,30GB,Fontys Hogeschool,Bergen op Zoom,2021,deeltijd,hbo,ma,EER,realisatie,69.0,38.0,38.0,25.0,6.0,38.0,26.0,0.0,
6212,30GB20,30GB,Fontys Hogeschool,Bergen op Zoom,2022,deeltijd,hbo,ma,EER,realisatie,83.0,42.0,41.0,28.0,14.0,42.0,27.0,14.0,
6213,30GB20,30GB,Fontys Hogeschool,Bergen op Zoom,2023,deeltijd,hbo,ma,EER,realisatie,95.0,53.0,52.0,27.0,16.0,52.0,28.0,15.0,
6214,30GB20,30GB,Fontys Hogeschool,Bergen op Zoom,2024,deeltijd,hbo,ma,EER,realisatie,116.0,62.0,61.0,41.0,14.0,62.0,40.0,14.0,
6215,30GB20,30GB,Fontys Hogeschool,Bergen op Zoom,2017,deeltijd,hbo,ma,NL,realisatie,56.0,21.0,0.0,0.0,54.0,19.0,20.0,17.0,
6216,30GB20,30GB,Fontys Hogeschool,Bergen op Zoom,2018,deeltijd,hbo,ma,NL,realisatie,32.0,10.0,0.0,0.0,30.0,8.0,16.0,8.0,
6217,30GB20,30GB,Fontys Hogeschool,Bergen op Zoom,2019,deeltijd,hbo,ma,NL,realisatie,42.0,28.0,0.0,0.0,41.0,21.0,9.0,12.0,
6218,30GB20,30GB,Fontys Hogeschool,Bergen op Zoom,2020,deeltijd,hbo,ma,NL,realisatie,49.0,25.0,0.0,0.0,47.0,23.0,16.0,10.0,
6219,30GB20,30GB,Fontys Hogeschool,Bergen op Zoom,2021,deeltijd,hbo,ma,NL,realisatie,50.0,21.0,0.0,0.0,46.0,19.0,22.0,9.0,
6220,30GB20,30GB,Fontys Hogeschool,Bergen op Zoom,2022,deeltijd,hbo,ma,NL,realisatie,41.0,20.0,0.0,0.0,35.0,19.0,13.0,9.0,
6221,30GB20,30GB,Fontys Hogeschool,Bergen op Zoom,2023,deeltijd,hbo,ma,NL,realisatie,32.0,11.0,0.0,6.0,26.0,11.0,16.0,0.0,
6222,30GB20,30GB,Fontys Hogeschool,Bergen op Zoom,2024,deeltijd,hbo,ma,NL,realisatie,29.0,16.0,0.0,0.0,26.0,14.0,9.0,6.0,
6223,30GB23,30GB,Fontys Hogeschool,Rotterdam,2020,deeltijd,hbo,ma,EER,realisatie,0.0,0.0,0.0,0.0,0.0,0.0,0.0,0.0,Zuid-Holland
6224,30GB23,30GB,Fontys Hogeschool,Rotterdam,2021,deeltijd,hbo,ma,EER,realisatie,0.0,0.0,0.0,0.0,0.0,0.0,0.0,0.0,Zuid-Holland
6225,30GB23,30GB,Fontys Hogeschool,Rotterdam,2022,deeltijd,hbo,ma,EER,realisatie,0.0,0.0,0.0,0.0,0.0,0.0,0.0,0.0,Zuid-Holland
6226,30GB23,30GB,Fontys Hogeschool,Rotterdam,2023,deeltijd,hbo,ma,EER,realisatie,0.0,0.0,0.0,0.0,0.0,0.0,0.0,0.0,Zuid-Holland
6227,30GB23,30GB,Fontys Hogeschool,Rotterdam,2024,deeltijd,hbo,ma,EER,realisatie,0.0,0.0,0.0,0.0,0.0,0.0,0.0,0.0,Zuid-Holland
6228,30GB23,30GB,Fontys Hogeschool,Rotterdam,2017,deeltijd,hbo,ma,NL,realisatie,147.0,47.0,0.0,0.0,144.0,42.0,62.0,43.0,Zuid-Holland
6229,30GB23,30GB,Fontys Hogeschool,Rotterdam,2018,deeltijd,hbo,ma,NL,realisatie,96.0,29.0,0.0,0.0,95.0,24.0,38.0,34.0,Zuid-Holland
6230,30GB23,30GB,Fontys Hogeschool,Rotterdam,2019,deeltijd,hbo,ma,NL,realisatie,80.0,34.0,0.0,0.0,80.0,33.0,21.0,26.0,Zuid-Holland
6231,30GB23,30GB,Fontys Hogeschool,Rotterdam,2020,deeltijd,hbo,ma,NL,realisatie,75.0,22.0,0.0,0.0,74.0,21.0,29.0,25.0,Zuid-Holland
6232,30GB23,30GB,Fontys Hogeschool,Rotterdam,2021,deeltijd,hbo,ma,NL,realisatie,91.0,51.0,0.0,0.0,89.0,47.0,19.0,25.0,Zuid-Holland
6233,30GB23,30GB,Fontys Hogeschool,Rotterdam,2022,deeltijd,hbo,ma,NL,realisatie,93.0,33.0,0.0,0.0,93.0,32.0,40.0,21.0,Zuid-Holland
6234,30GB23,30GB,Fontys Hogeschool,Rotterdam,2023,deeltijd,hbo,ma,NL,realisatie,78.0,21.0,0.0,0.0,77.0,20.0,28.0,30.0,Zuid-Holland
6235,30GB23,30GB,Fontys Hogeschool,Rotterdam,2024,deeltijd,hbo,ma,NL,realisatie,46.0,12.0,0.0,0.0,44.0,11.0,17.0,18.0,Zuid-Holland
6236,30GB23,30GB,Fontys Hogeschool,Rotterdam,2017,deeltijd,hbo,ma,niet-EER,realisatie,0.0,0.0,0.0,0.0,0.0,0.0,0.0,0.0,Zuid-Holland
6237,30GB23,30GB,Fontys Hogeschool,Rotterdam,2018,deeltijd,hbo,ma,niet-EER,realisatie,0.0,0.0,0.0,0.0,0.0,0.0,0.0,0.0,Zuid-Holland
6238,30GB23,30GB,Fontys Hogeschool,Rotterdam,2021,deeltijd,hbo,ma,niet-EER,realisatie,0.0,0.0,0.0,0.0,0.0,0.0,0.0,0.0,Zuid-Holland
6239,30GB23,30GB,Fontys Hogeschool,Rotterdam,2022,deeltijd,hbo,ma,niet-EER,realisatie,0.0,0.0,0.0,0.0,0.0,0.0,0.0,0.0,Zuid-Holland
6240,30GB23,30GB,Fontys Hogeschool,Rotterdam,2023,deeltijd,hbo,ma,niet-EER,realisatie,0.0,0.0,0.0,0.0,0.0,0.0,0.0,0.0,Zuid-Holland
6241,30GB23,30GB,Fontys Hogeschool,Rotterdam,2024,deeltijd,hbo,ma,niet-EER,realisatie,0.0,0.0,0.0,0.0,0.0,0.0,0.0,0.0,Zuid-Holland
6242,30GB23,30GB,Fontys Hogeschool,Rotterdam,2020,voltijd,hbo,ma,EER,realisatie,0.0,0.0,0.0,0.0,0.0,0.0,0.0,0.0,Zuid-Holland
6243,30GB23,30GB,Fontys Hogeschool,Rotterdam,2017,voltijd,hbo,ma,NL,realisatie,7.0,0.0,0.0,0.0,7.0,0.0,0.0,0.0,Zuid-Holland
6244,30GB23,30GB,Fontys Hogeschool,Rotterdam,2018,voltijd,hbo,ma,NL,realisatie,0.0,0.0,0.0,0.0,0.0,0.0,0.0,0.0,Zuid-Holland
6245,30GB23,30GB,Fontys Hogeschool,Rotterdam,2019,voltijd,hbo,ma,NL,realisatie,0.0,0.0,0.0,0.0,0.0,0.0,0.0,0.0,Zuid-Holland
6246,30GB23,30GB,Fontys Hogeschool,Rotterdam,2020,voltijd,hbo,ma,NL,realisatie,0.0,0.0,0.0,0.0,0.0,0.0,0.0,0.0,Zuid-Holland
6247,30GB23,30GB,Fontys Hogeschool,Rotterdam,2021,voltijd,hbo,ma,NL,realisatie,0.0,0.0,0.0,0.0,0.0,0.0,0.0,0.0,Zuid-Holland
6248,30GB24,30GB,Fontys Hogeschool,Utrecht,2018,deeltijd,hbo,ba,EER,realisatie,0.0,0.0,0.0,0.0,0.0,0.0,0.0,0.0,Utrecht
6249,30GB24,30GB,Fontys Hogeschool,Utrecht,2019,deeltijd,hbo,ba,EER,realisatie,0.0,0.0,0.0,0.0,0.0,0.0,0.0,0.0,Utrecht
6250,30GB24,30GB,Fontys Hogeschool,Utrecht,2020,deeltijd,hbo,ba,EER,realisatie,0.0,0.0,0.0,0.0,0.0,0.0,0.0,0.0,Utrecht
6251,30GB24,30GB,Fontys Hogeschool,Utrecht,2021,deeltijd,hbo,ba,EER,realisatie,0.0,0.0,0.0,0.0,0.0,0.0,0.0,0.0,Utrecht
6252,30GB24,30GB,Fontys Hogeschool,Utrecht,2022,deeltijd,hbo,ba,EER,realisatie,0.0,0.0,0.0,0.0,0.0,0.0,0.0,0.0,Utrecht
6253,30GB24,30GB,Fontys Hogeschool,Utrecht,2023,deeltijd,hbo,ba,EER,realisatie,0.0,0.0,0.0,0.0,0.0,0.0,0.0,0.0,Utrecht
6254,30GB24,30GB,Fontys Hogeschool,Utrecht,2024,deeltijd,hbo,ba,EER,realisatie,0.0,0.0,0.0,0.0,0.0,0.0,0.0,0.0,Utrecht
6255,30GB24,30GB,Fontys Hogeschool,Utrecht,2017,deeltijd,hbo,ba,NL,realisatie,40.0,20.0,6.0,0.0,32.0,9.0,0.0,27.0,Utrecht
6256,30GB24,30GB,Fontys Hogeschool,Utrecht,2018,deeltijd,hbo,ba,NL,realisatie,47.0,19.0,0.0,7.0,35.0,8.0,10.0,29.0,Utrecht
6257,30GB24,30GB,Fontys Hogeschool,Utrecht,2019,deeltijd,hbo,ba,NL,realisatie,57.0,22.0,8.0,0.0,46.0,9.0,0.0,43.0,Utrecht
6258,30GB24,30GB,Fontys Hogeschool,Utrecht,2020,deeltijd,hbo,ba,NL,realisatie,64.0,24.0,0.0,9.0,50.0,13.0,9.0,42.0,Utrecht
6259,30GB24,30GB,Fontys Hogeschool,Utrecht,2021,deeltijd,hbo,ba,NL,realisatie,65.0,18.0,0.0,8.0,54.0,0.0,12.0,48.0,Utrecht
6260,30GB24,30GB,Fontys Hogeschool,Utrecht,2022,deeltijd,hbo,ba,NL,realisatie,53.0,12.0,0.0,0.0,48.0,6.0,0.0,44.0,Utrecht
6261,30GB24,30GB,Fontys Hogeschool,Utrecht,2023,deeltijd,hbo,ba,NL,realisatie,47.0,14.0,0.0,0.0,42.0,0.0,6.0,39.0,Utrecht
6262,30GB24,30GB,Fontys Hogeschool,Utrecht,2024,deeltijd,hbo,ba,NL,realisatie,45.0,14.0,0.0,0.0,37.0,7.0,0.0,36.0,Utrecht
6263,30GB24,30GB,Fontys Hogeschool,Utrecht,2017,deeltijd,hbo,ma,EER,realisatie,0.0,0.0,0.0,0.0,0.0,0.0,0.0,0.0,Utrecht
6264,30GB24,30GB,Fontys Hogeschool,Utrecht,2018,deeltijd,hbo,ma,EER,realisatie,0.0,0.0,0.0,0.0,0.0,0.0,0.0,0.0,Utrecht
6265,30GB24,30GB,Fontys Hogeschool,Utrecht,2019,deeltijd,hbo,ma,EER,realisatie,0.0,0.0,0.0,0.0,0.0,0.0,0.0,0.0,Utrecht
6266,30GB24,30GB,Fontys Hogeschool,Utrecht,2022,deeltijd,hbo,ma,EER,realisatie,0.0,0.0,0.0,0.0,0.0,0.0,0.0,0.0,Utrecht
6267,30GB24,30GB,Fontys Hogeschool,Utrecht,2023,deeltijd,hbo,ma,EER,realisatie,0.0,0.0,0.0,0.0,0.0,0.0,0.0,0.0,Utrecht
6268,30GB24,30GB,Fontys Hogeschool,Utrecht,2024,deeltijd,hbo,ma,EER,realisatie,0.0,0.0,0.0,0.0,0.0,0.0,0.0,0.0,Utrecht
6269,30GB24,30GB,Fontys Hogeschool,Utrecht,2017,deeltijd,hbo,ma,NL,realisatie,136.0,46.0,0.0,0.0,133.0,39.0,52.0,45.0,Utrecht
6270,30GB24,30GB,Fontys Hogeschool,Utrecht,2018,deeltijd,hbo,ma,NL,realisatie,115.0,41.0,0.0,0.0,113.0,35.0,36.0,44.0,Utrecht
6271,30GB24,30GB,Fontys Hogeschool,Utrecht,2019,deeltijd,hbo,ma,NL,realisatie,101.0,30.0,0.0,0.0,101.0,27.0,29.0,45.0,Utrecht
6272,30GB24,30GB,Fontys Hogeschool,Utrecht,2020,deeltijd,hbo,ma,NL,realisatie,75.0,20.0,0.0,0.0,75.0,16.0,23.0,36.0,Utrecht
6273,30GB24,30GB,Fontys Hogeschool,Utrecht,2021,deeltijd,hbo,ma,NL,realisatie,65.0,22.0,0.0,0.0,65.0,18.0,15.0,32.0,Utrecht
6274,30GB24,30GB,Fontys Hogeschool,Utrecht,2022,deeltijd,hbo,ma,NL,realisatie,53.0,19.0,0.0,0.0,53.0,17.0,15.0,21.0,Utrecht
6275,30GB24,30GB,Fontys Hogeschool,Utrecht,2023,deeltijd,hbo,ma,NL,realisatie,37.0,8.0,0.0,0.0,36.0,7.0,14.0,16.0,Utrecht
6276,30GB24,30GB,Fontys Hogeschool,Utrecht,2024,deeltijd,hbo,ma,NL,realisatie,29.0,10.0,0.0,0.0,27.0,10.0,6.0,13.0,Utrecht
6277,30GB24,30GB,Fontys Hogeschool,Utrecht,2017,voltijd,hbo,ba,EER,realisatie,0.0,0.0,0.0,0.0,0.0,0.0,0.0,0.0,Utrecht
6278,30GB24,30GB,Fontys Hogeschool,Utrecht,2018,voltijd,hbo,ba,EER,realisatie,0.0,0.0,0.0,0.0,0.0,0.0,0.0,0.0,Utrecht
6279,30GB24,30GB,Fontys Hogeschool,Utrecht,2019,voltijd,hbo,ba,EER,realisatie,0.0,0.0,0.0,0.0,0.0,0.0,0.0,0.0,Utrecht
6280,30GB24,30GB,Fontys Hogeschool,Utrecht,2020,voltijd,hbo,ba,EER,realisatie,0.0,0.0,0.0,0.0,0.0,0.0,0.0,0.0,Utrecht
6281,30GB24,30GB,Fontys Hogeschool,Utrecht,2021,voltijd,hbo,ba,EER,realisatie,0.0,0.0,0.0,0.0,0.0,0.0,0.0,0.0,Utrecht
6282,30GB24,30GB,Fontys Hogeschool,Utrecht,2022,voltijd,hbo,ba,EER,realisatie,0.0,0.0,0.0,0.0,0.0,0.0,0.0,0.0,Utrecht
6283,30GB24,30GB,Fontys Hogeschool,Utrecht,2023,voltijd,hbo,ba,EER,realisatie,0.0,0.0,0.0,0.0,0.0,0.0,0.0,0.0,Utrecht
6284,30GB24,30GB,Fontys Hogeschool,Utrecht,2024,voltijd,hbo,ba,EER,realisatie,0.0,0.0,0.0,0.0,0.0,0.0,0.0,0.0,Utrecht
6285,30GB24,30GB,Fontys Hogeschool,Utrecht,2017,voltijd,hbo,ba,NL,realisatie,48.0,14.0,8.0,7.0,33.0,8.0,9.0,31.0,Utrecht
6286,30GB24,30GB,Fontys Hogeschool,Utrecht,2018,voltijd,hbo,ba,NL,realisatie,51.0,16.0,11.0,8.0,32.0,11.0,8.0,32.0,Utrecht
6287,30GB24,30GB,Fontys Hogeschool,Utrecht,2019,voltijd,hbo,ba,NL,realisatie,59.0,20.0,13.0,12.0,34.0,14.0,12.0,33.0,Utrecht
6288,30GB24,30GB,Fontys Hogeschool,Utrecht,2020,voltijd,hbo,ba,NL,realisatie,57.0,19.0,15.0,10.0,32.0,15.0,11.0,31.0,Utrecht
6289,30GB24,30GB,Fontys Hogeschool,Utrecht,2021,voltijd,hbo,ba,NL,realisatie,51.0,15.0,9.0,10.0,32.0,10.0,10.0,31.0,Utrecht
6290,30GB24,30GB,Fontys Hogeschool,Utrecht,2022,voltijd,hbo,ba,NL,realisatie,51.0,13.0,10.0,6.0,35.0,11.0,7.0,33.0,Utrecht
6291,30GB24,30GB,Fontys Hogeschool,Utrecht,2023,voltijd,hbo,ba,NL,realisatie,55.0,23.0,14.0,9.0,32.0,15.0,9.0,31.0,Utrecht
6292,30GB24,30GB,Fontys Hogeschool,Utrecht,2024,voltijd,hbo,ba,NL,realisatie,45.0,13.0,11.0,9.0,25.0,11.0,10.0,24.0,Utrecht
6293,30GB24,30GB,Fontys Hogeschool,Utrecht,2017,voltijd,hbo,ma,NL,realisatie,8.0,0.0,0.0,0.0,8.0,0.0,0.0,0.0,Utrecht
6294,30GB24,30GB,Fontys Hogeschool,Utrecht,2018,voltijd,hbo,ma,NL,realisatie,0.0,0.0,0.0,0.0,0.0,0.0,0.0,0.0,Utrecht
6295,30GB24,30GB,Fontys Hogeschool,Utrecht,2019,voltijd,hbo,ma,NL,realisatie,0.0,0.0,0.0,0.0,0.0,0.0,0.0,0.0,Utrecht
6296,30GB24,30GB,Fontys Hogeschool,Utrecht,2020,voltijd,hbo,ma,NL,realisatie,0.0,0.0,0.0,0.0,0.0,0.0,0.0,0.0,Utrecht
6297,30GB26,30GB,Fontys Hogeschool,Nijmegen,2017,deeltijd,hbo,ma,EER,realisatie,0.0,0.0,0.0,0.0,0.0,0.0,0.0,0.0,Gelderland
6298,30GB26,30GB,Fontys Hogeschool,Nijmegen,2018,deeltijd,hbo,ma,EER,realisatie,0.0,0.0,0.0,0.0,0.0,0.0,0.0,0.0,Gelderland
6299,30GB26,30GB,Fontys Hogeschool,Nijmegen,2019,deeltijd,hbo,ma,EER,realisatie,0.0,0.0,0.0,0.0,0.0,0.0,0.0,0.0,Gelderland
6300,30GB26,30GB,Fontys Hogeschool,Nijmegen,2020,deeltijd,hbo,ma,EER,realisatie,0.0,0.0,0.0,0.0,0.0,0.0,0.0,0.0,Gelderland
6301,30GB26,30GB,Fontys Hogeschool,Nijmegen,2017,deeltijd,hbo,ma,NL,realisatie,119.0,43.0,0.0,0.0,114.0,35.0,47.0,37.0,Gelderland
6302,30GB26,30GB,Fontys Hogeschool,Nijmegen,2018,deeltijd,hbo,ma,NL,realisatie,83.0,25.0,0.0,0.0,82.0,24.0,29.0,30.0,Gelderland
6303,30GB26,30GB,Fontys Hogeschool,Nijmegen,2019,deeltijd,hbo,ma,NL,realisatie,78.0,37.0,0.0,0.0,78.0,35.0,18.0,25.0,Gelderland
6304,30GB26,30GB,Fontys Hogeschool,Nijmegen,2020,deeltijd,hbo,ma,NL,realisatie,70.0,17.0,0.0,0.0,70.0,16.0,33.0,21.0,Gelderland
6305,30GB26,30GB,Fontys Hogeschool,Nijmegen,2021,deeltijd,hbo,ma,NL,realisatie,73.0,30.0,0.0,0.0,73.0,30.0,14.0,29.0,Gelderland
6306,30GB26,30GB,Fontys Hogeschool,Nijmegen,2022,deeltijd,hbo,ma,NL,realisatie,65.0,32.0,0.0,0.0,64.0,30.0,19.0,16.0,Gelderland
6307,30GB26,30GB,Fontys Hogeschool,Nijmegen,2023,deeltijd,hbo,ma,NL,realisatie,60.0,29.0,0.0,0.0,59.0,25.0,24.0,11.0,Gelderland
6308,30GB26,30GB,Fontys Hogeschool,Nijmegen,2024,deeltijd,hbo,ma,NL,realisatie,49.0,21.0,0.0,0.0,49.0,18.0,18.0,13.0,Gelderland
6309,30GB26,30GB,Fontys Hogeschool,Nijmegen,2017,voltijd,hbo,ma,NL,realisatie,14.0,9.0,0.0,0.0,14.0,9.0,0.0,0.0,Gelderland
6310,30GB26,30GB,Fontys Hogeschool,Nijmegen,2018,voltijd,hbo,ma,NL,realisatie,8.0,0.0,0.0,0.0,8.0,0.0,0.0,0.0,Gelderland
6311,30GB26,30GB,Fontys Hogeschool,Nijmegen,2019,voltijd,hbo,ma,NL,realisatie,11.0,7.0,0.0,0.0,11.0,7.0,0.0,0.0,Gelderland
6312,30GB26,30GB,Fontys Hogeschool,Nijmegen,2020,voltijd,hbo,ma,NL,realisatie,8.0,0.0,0.0,0.0,8.0,0.0,0.0,0.0,Gelderland
6313,30GB26,30GB,Fontys Hogeschool,Nijmegen,2021,voltijd,hbo,ma,NL,realisatie,0.0,0.0,0.0,0.0,0.0,0.0,0.0,0.0,Gelderland
6314,30GB26,30GB,Fontys Hogeschool,Nijmegen,2022,voltijd,hbo,ma,NL,realisatie,0.0,0.0,0.0,0.0,0.0,0.0,0.0,0.0,Gelderland
6315,30HD00,30HD,Hogeschool Van Hall Larenstein,Rheden,2021,deeltijd,hbo,ad,EER,realisatie,0.0,0.0,0.0,0.0,0.0,0.0,0.0,0.0,
6316,30HD00,30HD,Hogeschool Van Hall Larenstein,Rheden,2022,deeltijd,hbo,ad,EER,realisatie,0.0,0.0,0.0,0.0,0.0,0.0,0.0,0.0,
6317,30HD00,30HD,Hogeschool Van Hall Larenstein,Rheden,2023,deeltijd,hbo,ad,EER,realisatie,0.0,0.0,0.0,0.0,0.0,0.0,0.0,0.0,
6318,30HD00,30HD,Hogeschool Van Hall Larenstein,Rheden,2024,deeltijd,hbo,ad,EER,realisatie,0.0,0.0,0.0,0.0,0.0,0.0,0.0,0.0,
6319,30HD00,30HD,Hogeschool Van Hall Larenstein,Rheden,2017,deeltijd,hbo,ad,NL,realisatie,63.0,38.0,19.0,21.0,23.0,37.0,20.0,6.0,
6320,30HD00,30HD,Hogeschool Van Hall Larenstein,Rheden,2018,deeltijd,hbo,ad,NL,realisatie,73.0,39.0,16.0,22.0,35.0,39.0,28.0,6.0,
6321,30HD00,30HD,Hogeschool Van Hall Larenstein,Rheden,2019,deeltijd,hbo,ad,NL,realisatie,87.0,49.0,22.0,14.0,51.0,48.0,28.0,11.0,
6322,30HD00,30HD,Hogeschool Van Hall Larenstein,Rheden,2020,deeltijd,hbo,ad,NL,realisatie,99.0,52.0,22.0,17.0,60.0,49.0,33.0,17.0,
6323,30HD00,30HD,Hogeschool Van Hall Larenstein,Rheden,2021,deeltijd,hbo,ad,NL,realisatie,95.0,51.0,20.0,20.0,55.0,50.0,29.0,16.0,
6324,30HD00,30HD,Hogeschool Van Hall Larenstein,Rheden,2022,deeltijd,hbo,ad,NL,realisatie,92.0,44.0,20.0,24.0,48.0,43.0,34.0,15.0,
6325,30HD00,30HD,Hogeschool Van Hall Larenstein,Rheden,2023,deeltijd,hbo,ad,NL,realisatie,94.0,54.0,22.0,18.0,54.0,53.0,28.0,13.0,
6326,30HD00,30HD,Hogeschool Van Hall Larenstein,Rheden,2024,deeltijd,hbo,ad,NL,realisatie,103.0,47.0,12.0,21.0,70.0,41.0,45.0,17.0,
6327,30HD00,30HD,Hogeschool Van Hall Larenstein,Rheden,2017,deeltijd,hbo,ba,EER,realisatie,0.0,0.0,0.0,0.0,0.0,0.0,0.0,0.0,
6328,30HD00,30HD,Hogeschool Van Hall Larenstein,Rheden,2018,deeltijd,hbo,ba,EER,realisatie,0.0,0.0,0.0,0.0,0.0,0.0,0.0,0.0,
6329,30HD00,30HD,Hogeschool Van Hall Larenstein,Rheden,2019,deeltijd,hbo,ba,EER,realisatie,0.0,0.0,0.0,0.0,0.0,0.0,0.0,0.0,
6330,30HD00,30HD,Hogeschool Van Hall Larenstein,Rheden,2020,deeltijd,hbo,ba,EER,realisatie,0.0,0.0,0.0,0.0,0.0,0.0,0.0,0.0,
6331,30HD00,30HD,Hogeschool Van Hall Larenstein,Rheden,2021,deeltijd,hbo,ba,EER,realisatie,0.0,0.0,0.0,0.0,0.0,0.0,0.0,0.0,
6332,30HD00,30HD,Hogeschool Van Hall Larenstein,Rheden,2022,deeltijd,hbo,ba,EER,realisatie,0.0,0.0,0.0,0.0,0.0,0.0,0.0,0.0,
6333,30HD00,30HD,Hogeschool Van Hall Larenstein,Rheden,2023,deeltijd,hbo,ba,EER,realisatie,0.0,0.0,0.0,0.0,0.0,0.0,0.0,0.0,
6334,30HD00,30HD,Hogeschool Van Hall Larenstein,Rheden,2024,deeltijd,hbo,ba,EER,realisatie,0.0,0.0,0.0,0.0,0.0,0.0,0.0,0.0,
6335,30HD00,30HD,Hogeschool Van Hall Larenstein,Rheden,2017,deeltijd,hbo,ba,NL,realisatie,169.0,54.0,19.0,16.0,134.0,28.0,20.0,121.0,
6336,30HD00,30HD,Hogeschool Van Hall Larenstein,Rheden,2018,deeltijd,hbo,ba,NL,realisatie,165.0,68.0,17.0,18.0,130.0,36.0,23.0,106.0,
6337,30HD00,30HD,Hogeschool Van Hall Larenstein,Rheden,2019,deeltijd,hbo,ba,NL,realisatie,177.0,66.0,23.0,14.0,140.0,29.0,36.0,112.0,
6338,30HD00,30HD,Hogeschool Van Hall Larenstein,Rheden,2020,deeltijd,hbo,ba,NL,realisatie,192.0,69.0,15.0,20.0,157.0,29.0,27.0,136.0,
6339,30HD00,30HD,Hogeschool Van Hall Larenstein,Rheden,2021,deeltijd,hbo,ba,NL,realisatie,225.0,101.0,18.0,15.0,192.0,43.0,28.0,154.0,
6340,30HD00,30HD,Hogeschool Van Hall Larenstein,Rheden,2022,deeltijd,hbo,ba,NL,realisatie,236.0,78.0,15.0,19.0,202.0,32.0,41.0,163.0,
6341,30HD00,30HD,Hogeschool Van Hall Larenstein,Rheden,2023,deeltijd,hbo,ba,NL,realisatie,240.0,65.0,19.0,14.0,207.0,32.0,32.0,176.0,
6342,30HD00,30HD,Hogeschool Van Hall Larenstein,Rheden,2024,deeltijd,hbo,ba,NL,realisatie,223.0,65.0,21.0,13.0,189.0,32.0,25.0,166.0,
6343,30HD00,30HD,Hogeschool Van Hall Larenstein,Rheden,2017,deeltijd,hbo,ba,niet-EER,realisatie,0.0,0.0,0.0,0.0,0.0,0.0,0.0,0.0,
6344,30HD00,30HD,Hogeschool Van Hall Larenstein,Rheden,2020,deeltijd,hbo,ba,niet-EER,realisatie,0.0,0.0,0.0,0.0,0.0,0.0,0.0,0.0,
6345,30HD00,30HD,Hogeschool Van Hall Larenstein,Rheden,2021,deeltijd,hbo,ba,niet-EER,realisatie,0.0,0.0,0.0,0.0,0.0,0.0,0.0,0.0,
6346,30HD00,30HD,Hogeschool Van Hall Larenstein,Rheden,2022,deeltijd,hbo,ba,niet-EER,realisatie,0.0,0.0,0.0,0.0,0.0,0.0,0.0,0.0,
6347,30HD00,30HD,Hogeschool Van Hall Larenstein,Rheden,2024,deeltijd,hbo,ba,niet-EER,realisatie,0.0,0.0,0.0,0.0,0.0,0.0,0.0,0.0,
6348,30HD00,30HD,Hogeschool Van Hall Larenstein,Rheden,2023,voltijd,hbo,ad,EER,realisatie,0.0,0.0,0.0,0.0,0.0,0.0,0.0,0.0,
6349,30HD00,30HD,Hogeschool Van Hall Larenstein,Rheden,2017,voltijd,hbo,ad,NL,realisatie,45.0,31.0,22.0,11.0,12.0,29.0,13.0,0.0,
6350,30HD00,30HD,Hogeschool Van Hall Larenstein,Rheden,2018,voltijd,hbo,ad,NL,realisatie,58.0,37.0,27.0,19.0,12.0,35.0,18.0,0.0,
6351,30HD00,30HD,Hogeschool Van Hall Larenstein,Rheden,2019,voltijd,hbo,ad,NL,realisatie,54.0,27.0,17.0,16.0,21.0,27.0,17.0,10.0,
6352,30HD00,30HD,Hogeschool Van Hall Larenstein,Rheden,2020,voltijd,hbo,ad,NL,realisatie,63.0,35.0,18.0,22.0,23.0,35.0,18.0,10.0,
6353,30HD00,30HD,Hogeschool Van Hall Larenstein,Rheden,2021,voltijd,hbo,ad,NL,realisatie,67.0,39.0,21.0,14.0,32.0,38.0,20.0,9.0,
6354,30HD00,30HD,Hogeschool Van Hall Larenstein,Rheden,2022,voltijd,hbo,ad,NL,realisatie,113.0,88.0,45.0,28.0,40.0,88.0,17.0,8.0,
6355,30HD00,30HD,Hogeschool Van Hall Larenstein,Rheden,2023,voltijd,hbo,ad,NL,realisatie,172.0,92.0,52.0,44.0,76.0,90.0,70.0,12.0,
6356,30HD00,30HD,Hogeschool Van Hall Larenstein,Rheden,2024,voltijd,hbo,ad,NL,realisatie,174.0,90.0,54.0,36.0,84.0,87.0,56.0,31.0,
6357,30HD00,30HD,Hogeschool Van Hall Larenstein,Rheden,2017,voltijd,hbo,ba,EER,realisatie,127.0,32.0,29.0,31.0,67.0,30.0,30.0,67.0,
6358,30HD00,30HD,Hogeschool Van Hall Larenstein,Rheden,2018,voltijd,hbo,ba,EER,realisatie,135.0,37.0,35.0,23.0,77.0,35.0,24.0,76.0,
6359,30HD00,30HD,Hogeschool Van Hall Larenstein,Rheden,2019,voltijd,hbo,ba,EER,realisatie,131.0,34.0,32.0,26.0,73.0,33.0,25.0,73.0,
6360,30HD00,30HD,Hogeschool Van Hall Larenstein,Rheden,2020,voltijd,hbo,ba,EER,realisatie,132.0,35.0,32.0,29.0,71.0,32.0,30.0,70.0,
6361,30HD00,30HD,Hogeschool Van Hall Larenstein,Rheden,2021,voltijd,hbo,ba,EER,realisatie,152.0,54.0,51.0,28.0,73.0,52.0,28.0,72.0,
6362,30HD00,30HD,Hogeschool Van Hall Larenstein,Rheden,2022,voltijd,hbo,ba,EER,realisatie,169.0,49.0,47.0,37.0,85.0,48.0,38.0,83.0,
6363,30HD00,30HD,Hogeschool Van Hall Larenstein,Rheden,2023,voltijd,hbo,ba,EER,realisatie,174.0,46.0,42.0,36.0,96.0,43.0,35.0,96.0,
6364,30HD00,30HD,Hogeschool Van Hall Larenstein,Rheden,2024,voltijd,hbo,ba,EER,realisatie,183.0,54.0,50.0,27.0,106.0,52.0,27.0,104.0,
6365,30HD00,30HD,Hogeschool Van Hall Larenstein,Rheden,2017,voltijd,hbo,ba,NL,realisatie,1451.0,368.0,299.0,265.0,887.0,313.0,289.0,849.0,
6366,30HD00,30HD,Hogeschool Van Hall Larenstein,Rheden,2018,voltijd,hbo,ba,NL,realisatie,1443.0,345.0,276.0,268.0,899.0,299.0,273.0,871.0,
6367,30HD00,30HD,Hogeschool Van Hall Larenstein,Rheden,2019,voltijd,hbo,ba,NL,realisatie,1415.0,293.0,224.0,265.0,926.0,249.0,272.0,894.0,
6368,30HD00,30HD,Hogeschool Van Hall Larenstein,Rheden,2020,voltijd,hbo,ba,NL,realisatie,1470.0,321.0,242.0,244.0,984.0,264.0,264.0,942.0,
6369,30HD00,30HD,Hogeschool Van Hall Larenstein,Rheden,2021,voltijd,hbo,ba,NL,realisatie,1543.0,336.0,258.0,280.0,1005.0,278.0,299.0,966.0,
6370,30HD00,30HD,Hogeschool Van Hall Larenstein,Rheden,2022,voltijd,hbo,ba,NL,realisatie,1513.0,336.0,253.0,263.0,997.0,281.0,271.0,961.0,
6371,30HD00,30HD,Hogeschool Van Hall Larenstein,Rheden,2023,voltijd,hbo,ba,NL,realisatie,1498.0,344.0,280.0,249.0,969.0,297.0,263.0,938.0,
6372,30HD00,30HD,Hogeschool Van Hall Larenstein,Rheden,2024,voltijd,hbo,ba,NL,realisatie,1458.0,329.0,253.0,272.0,933.0,280.0,276.0,902.0,
6373,30HD00,30HD,Hogeschool Van Hall Larenstein,Rheden,2017,voltijd,hbo,ba,niet-EER,realisatie,87.0,37.0,36.0,33.0,18.0,36.0,33.0,18.0,
6374,30HD00,30HD,Hogeschool Van Hall Larenstein,Rheden,2018,voltijd,hbo,ba,niet-EER,realisatie,93.0,35.0,35.0,24.0,34.0,35.0,24.0,34.0,
6375,30HD00,30HD,Hogeschool Van Hall Larenstein,Rheden,2019,voltijd,hbo,ba,niet-EER,realisatie,82.0,27.0,26.0,27.0,29.0,26.0,27.0,29.0,
6376,30HD00,30HD,Hogeschool Van Hall Larenstein,Rheden,2020,voltijd,hbo,ba,niet-EER,realisatie,62.0,17.0,16.0,20.0,26.0,16.0,20.0,26.0,
6377,30HD00,30HD,Hogeschool Van Hall Larenstein,Rheden,2021,voltijd,hbo,ba,niet-EER,realisatie,60.0,28.0,26.0,11.0,23.0,26.0,11.0,23.0,
6378,30HD00,30HD,Hogeschool Van Hall Larenstein,Rheden,2022,voltijd,hbo,ba,niet-EER,realisatie,57.0,17.0,13.0,24.0,20.0,13.0,24.0,20.0,
6379,30HD00,30HD,Hogeschool Van Hall Larenstein,Rheden,2023,voltijd,hbo,ba,niet-EER,realisatie,63.0,33.0,32.0,10.0,21.0,32.0,10.0,21.0,
6380,30HD00,30HD,Hogeschool Van Hall Larenstein,Rheden,2024,voltijd,hbo,ba,niet-EER,realisatie,57.0,16.0,14.0,23.0,20.0,15.0,22.0,20.0,
6381,30HD00,30HD,Hogeschool Van Hall Larenstein,Rheden,2023,voltijd,hbo,ma,NL,realisatie,11.0,11.0,0.0,0.0,11.0,11.0,0.0,0.0,
6382,30HD00,30HD,Hogeschool Van Hall Larenstein,Rheden,2024,voltijd,hbo,ma,NL,realisatie,12.0,9.0,0.0,0.0,12.0,9.0,0.0,0.0,
6383,30HD02,30HD,Hogeschool Van Hall Larenstein,Leeuwarden,2020,deeltijd,hbo,ad,EER,realisatie,0.0,0.0,0.0,0.0,0.0,0.0,0.0,0.0,Friesland
6384,30HD02,30HD,Hogeschool Van Hall Larenstein,Leeuwarden,2021,deeltijd,hbo,ad,EER,realisatie,0.0,0.0,0.0,0.0,0.0,0.0,0.0,0.0,Friesland
6385,30HD02,30HD,Hogeschool Van Hall Larenstein,Leeuwarden,2022,deeltijd,hbo,ad,EER,realisatie,0.0,0.0,0.0,0.0,0.0,0.0,0.0,0.0,Friesland
6386,30HD02,30HD,Hogeschool Van Hall Larenstein,Leeuwarden,2023,deeltijd,hbo,ad,EER,realisatie,0.0,0.0,0.0,0.0,0.0,0.0,0.0,0.0,Friesland
6387,30HD02,30HD,Hogeschool Van Hall Larenstein,Leeuwarden,2017,deeltijd,hbo,ad,NL,realisatie,15.0,0.0,0.0,6.0,7.0,0.0,0.0,6.0,Friesland
6388,30HD02,30HD,Hogeschool Van Hall Larenstein,Leeuwarden,2018,deeltijd,hbo,ad,NL,realisatie,18.0,10.0,0.0,0.0,10.0,10.0,0.0,6.0,Friesland
6389,30HD02,30HD,Hogeschool Van Hall Larenstein,Leeuwarden,2019,deeltijd,hbo,ad,NL,realisatie,23.0,12.0,7.0,0.0,11.0,11.0,8.0,0.0,Friesland
6390,30HD02,30HD,Hogeschool Van Hall Larenstein,Leeuwarden,2020,deeltijd,hbo,ad,NL,realisatie,38.0,22.0,11.0,8.0,19.0,22.0,9.0,7.0,Friesland
6391,30HD02,30HD,Hogeschool Van Hall Larenstein,Leeuwarden,2021,deeltijd,hbo,ad,NL,realisatie,39.0,13.0,9.0,9.0,21.0,13.0,19.0,7.0,Friesland
6392,30HD02,30HD,Hogeschool Van Hall Larenstein,Leeuwarden,2022,deeltijd,hbo,ad,NL,realisatie,45.0,30.0,16.0,9.0,20.0,30.0,7.0,8.0,Friesland
6393,30HD02,30HD,Hogeschool Van Hall Larenstein,Leeuwarden,2023,deeltijd,hbo,ad,NL,realisatie,35.0,8.0,0.0,14.0,17.0,8.0,23.0,0.0,Friesland
6394,30HD02,30HD,Hogeschool Van Hall Larenstein,Leeuwarden,2024,deeltijd,hbo,ad,NL,realisatie,33.0,19.0,0.0,7.0,21.0,18.0,8.0,7.0,Friesland
6395,30HD02,30HD,Hogeschool Van Hall Larenstein,Leeuwarden,2017,deeltijd,hbo,ba,EER,realisatie,0.0,0.0,0.0,0.0,0.0,0.0,0.0,0.0,Friesland
6396,30HD02,30HD,Hogeschool Van Hall Larenstein,Leeuwarden,2018,deeltijd,hbo,ba,EER,realisatie,0.0,0.0,0.0,0.0,0.0,0.0,0.0,0.0,Friesland
6397,30HD02,30HD,Hogeschool Van Hall Larenstein,Leeuwarden,2019,deeltijd,hbo,ba,EER,realisatie,0.0,0.0,0.0,0.0,0.0,0.0,0.0,0.0,Friesland
6398,30HD02,30HD,Hogeschool Van Hall Larenstein,Leeuwarden,2020,deeltijd,hbo,ba,EER,realisatie,0.0,0.0,0.0,0.0,0.0,0.0,0.0,0.0,Friesland
6399,30HD02,30HD,Hogeschool Van Hall Larenstein,Leeuwarden,2022,deeltijd,hbo,ba,EER,realisatie,0.0,0.0,0.0,0.0,0.0,0.0,0.0,0.0,Friesland
6400,30HD02,30HD,Hogeschool Van Hall Larenstein,Leeuwarden,2017,deeltijd,hbo,ba,NL,realisatie,43.0,12.0,0.0,0.0,37.0,0.0,0.0,33.0,Friesland
6401,30HD02,30HD,Hogeschool Van Hall Larenstein,Leeuwarden,2018,deeltijd,hbo,ba,NL,realisatie,45.0,16.0,7.0,0.0,35.0,9.0,0.0,31.0,Friesland
6402,30HD02,30HD,Hogeschool Van Hall Larenstein,Leeuwarden,2019,deeltijd,hbo,ba,NL,realisatie,46.0,10.0,8.0,6.0,32.0,8.0,8.0,30.0,Friesland
6403,30HD02,30HD,Hogeschool Van Hall Larenstein,Leeuwarden,2020,deeltijd,hbo,ba,NL,realisatie,40.0,7.0,0.0,0.0,32.0,0.0,0.0,32.0,Friesland
6404,30HD02,30HD,Hogeschool Van Hall Larenstein,Leeuwarden,2021,deeltijd,hbo,ba,NL,realisatie,33.0,7.0,0.0,0.0,29.0,0.0,0.0,28.0,Friesland
6405,30HD02,30HD,Hogeschool Van Hall Larenstein,Leeuwarden,2022,deeltijd,hbo,ba,NL,realisatie,34.0,11.0,0.0,0.0,28.0,0.0,0.0,28.0,Friesland
6406,30HD02,30HD,Hogeschool Van Hall Larenstein,Leeuwarden,2023,deeltijd,hbo,ba,NL,realisatie,25.0,0.0,0.0,0.0,21.0,0.0,0.0,21.0,Friesland
6407,30HD02,30HD,Hogeschool Van Hall Larenstein,Leeuwarden,2024,deeltijd,hbo,ba,NL,realisatie,19.0,0.0,0.0,0.0,19.0,0.0,0.0,19.0,Friesland
6408,30HD02,30HD,Hogeschool Van Hall Larenstein,Leeuwarden,2018,deeltijd,hbo,ma,NL,realisatie,0.0,0.0,0.0,0.0,0.0,0.0,0.0,0.0,Friesland
6409,30HD02,30HD,Hogeschool Van Hall Larenstein,Leeuwarden,2019,deeltijd,hbo,ma,NL,realisatie,0.0,0.0,0.0,0.0,0.0,0.0,0.0,0.0,Friesland
6410,30HD02,30HD,Hogeschool Van Hall Larenstein,Leeuwarden,2020,deeltijd,hbo,ma,NL,realisatie,0.0,0.0,0.0,0.0,0.0,0.0,0.0,0.0,Friesland
6411,30HD02,30HD,Hogeschool Van Hall Larenstein,Leeuwarden,2021,deeltijd,hbo,ma,NL,realisatie,0.0,0.0,0.0,0.0,0.0,0.0,0.0,0.0,Friesland
6412,30HD02,30HD,Hogeschool Van Hall Larenstein,Leeuwarden,2022,deeltijd,hbo,ma,NL,realisatie,0.0,0.0,0.0,0.0,0.0,0.0,0.0,0.0,Friesland
6413,30HD02,30HD,Hogeschool Van Hall Larenstein,Leeuwarden,2023,deeltijd,hbo,ma,NL,realisatie,0.0,0.0,0.0,0.0,0.0,0.0,0.0,0.0,Friesland
6414,30HD02,30HD,Hogeschool Van Hall Larenstein,Leeuwarden,2017,voltijd,hbo,ad,NL,realisatie,73.0,38.0,32.0,22.0,19.0,36.0,23.0,14.0,Friesland
6415,30HD02,30HD,Hogeschool Van Hall Larenstein,Leeuwarden,2018,voltijd,hbo,ad,NL,realisatie,67.0,27.0,22.0,25.0,20.0,25.0,29.0,13.0,Friesland
6416,30HD02,30HD,Hogeschool Van Hall Larenstein,Leeuwarden,2019,voltijd,hbo,ad,NL,realisatie,76.0,42.0,31.0,23.0,22.0,42.0,18.0,16.0,Friesland
6417,30HD02,30HD,Hogeschool Van Hall Larenstein,Leeuwarden,2020,voltijd,hbo,ad,NL,realisatie,97.0,46.0,42.0,26.0,29.0,44.0,34.0,19.0,Friesland
6418,30HD02,30HD,Hogeschool Van Hall Larenstein,Leeuwarden,2021,voltijd,hbo,ad,NL,realisatie,106.0,45.0,36.0,30.0,40.0,44.0,31.0,31.0,Friesland
6419,30HD02,30HD,Hogeschool Van Hall Larenstein,Leeuwarden,2022,voltijd,hbo,ad,NL,realisatie,93.0,36.0,30.0,28.0,35.0,36.0,31.0,26.0,Friesland
6420,30HD02,30HD,Hogeschool Van Hall Larenstein,Leeuwarden,2023,voltijd,hbo,ad,NL,realisatie,100.0,48.0,35.0,36.0,29.0,46.0,32.0,22.0,Friesland
6421,30HD02,30HD,Hogeschool Van Hall Larenstein,Leeuwarden,2024,voltijd,hbo,ad,NL,realisatie,87.0,38.0,32.0,29.0,26.0,37.0,34.0,16.0,Friesland
6422,30HD02,30HD,Hogeschool Van Hall Larenstein,Leeuwarden,2018,voltijd,hbo,ad,niet-EER,realisatie,0.0,0.0,0.0,0.0,0.0,0.0,0.0,0.0,Friesland
6423,30HD02,30HD,Hogeschool Van Hall Larenstein,Leeuwarden,2019,voltijd,hbo,ad,niet-EER,realisatie,0.0,0.0,0.0,0.0,0.0,0.0,0.0,0.0,Friesland
6424,30HD02,30HD,Hogeschool Van Hall Larenstein,Leeuwarden,2020,voltijd,hbo,ad,niet-EER,realisatie,0.0,0.0,0.0,0.0,0.0,0.0,0.0,0.0,Friesland
6425,30HD02,30HD,Hogeschool Van Hall Larenstein,Leeuwarden,2021,voltijd,hbo,ad,niet-EER,realisatie,0.0,0.0,0.0,0.0,0.0,0.0,0.0,0.0,Friesland
6426,30HD02,30HD,Hogeschool Van Hall Larenstein,Leeuwarden,2023,voltijd,hbo,ad,niet-EER,realisatie,0.0,0.0,0.0,0.0,0.0,0.0,0.0,0.0,Friesland
6427,30HD02,30HD,Hogeschool Van Hall Larenstein,Leeuwarden,2017,voltijd,hbo,ba,EER,realisatie,163.0,46.0,45.0,37.0,81.0,45.0,37.0,81.0,Friesland
6428,30HD02,30HD,Hogeschool Van Hall Larenstein,Leeuwarden,2018,voltijd,hbo,ba,EER,realisatie,144.0,33.0,31.0,32.0,81.0,31.0,32.0,81.0,Friesland
6429,30HD02,30HD,Hogeschool Van Hall Larenstein,Leeuwarden,2019,voltijd,hbo,ba,EER,realisatie,137.0,31.0,29.0,27.0,81.0,30.0,26.0,81.0,Friesland
6430,30HD02,30HD,Hogeschool Van Hall Larenstein,Leeuwarden,2020,voltijd,hbo,ba,EER,realisatie,145.0,36.0,35.0,25.0,85.0,35.0,26.0,84.0,Friesland
6431,30HD02,30HD,Hogeschool Van Hall Larenstein,Leeuwarden,2021,voltijd,hbo,ba,EER,realisatie,154.0,36.0,34.0,30.0,90.0,34.0,30.0,90.0,Friesland
6432,30HD02,30HD,Hogeschool Van Hall Larenstein,Leeuwarden,2022,voltijd,hbo,ba,EER,realisatie,123.0,22.0,22.0,24.0,77.0,22.0,24.0,77.0,Friesland
6433,30HD02,30HD,Hogeschool Van Hall Larenstein,Leeuwarden,2023,voltijd,hbo,ba,EER,realisatie,122.0,30.0,29.0,12.0,81.0,29.0,12.0,81.0,Friesland
6434,30HD02,30HD,Hogeschool Van Hall Larenstein,Leeuwarden,2024,voltijd,hbo,ba,EER,realisatie,109.0,12.0,12.0,28.0,69.0,12.0,28.0,69.0,Friesland
6435,30HD02,30HD,Hogeschool Van Hall Larenstein,Leeuwarden,2017,voltijd,hbo,ba,NL,realisatie,2046.0,444.0,397.0,350.0,1299.0,410.0,351.0,1285.0,Friesland
6436,30HD02,30HD,Hogeschool Van Hall Larenstein,Leeuwarden,2018,voltijd,hbo,ba,NL,realisatie,2038.0,475.0,427.0,352.0,1259.0,441.0,359.0,1238.0,Friesland
6437,30HD02,30HD,Hogeschool Van Hall Larenstein,Leeuwarden,2019,voltijd,hbo,ba,NL,realisatie,2054.0,509.0,438.0,384.0,1232.0,458.0,386.0,1210.0,Friesland
6438,30HD02,30HD,Hogeschool Van Hall Larenstein,Leeuwarden,2020,voltijd,hbo,ba,NL,realisatie,2141.0,530.0,488.0,408.0,1245.0,507.0,417.0,1217.0,Friesland
6439,30HD02,30HD,Hogeschool Van Hall Larenstein,Leeuwarden,2021,voltijd,hbo,ba,NL,realisatie,2147.0,453.0,390.0,461.0,1296.0,410.0,469.0,1268.0,Friesland
6440,30HD02,30HD,Hogeschool Van Hall Larenstein,Leeuwarden,2022,voltijd,hbo,ba,NL,realisatie,2092.0,447.0,385.0,365.0,1342.0,403.0,378.0,1311.0,Friesland
6441,30HD02,30HD,Hogeschool Van Hall Larenstein,Leeuwarden,2023,voltijd,hbo,ba,NL,realisatie,2133.0,516.0,424.0,343.0,1366.0,456.0,344.0,1333.0,Friesland
6442,30HD02,30HD,Hogeschool Van Hall Larenstein,Leeuwarden,2024,voltijd,hbo,ba,NL,realisatie,2041.0,422.0,364.0,367.0,1310.0,382.0,396.0,1263.0,Friesland
6443,30HD02,30HD,Hogeschool Van Hall Larenstein,Leeuwarden,2017,voltijd,hbo,ba,niet-EER,realisatie,0.0,0.0,0.0,0.0,0.0,0.0,0.0,0.0,Friesland
6444,30HD02,30HD,Hogeschool Van Hall Larenstein,Leeuwarden,2018,voltijd,hbo,ba,niet-EER,realisatie,0.0,0.0,0.0,0.0,0.0,0.0,0.0,0.0,Friesland
6445,30HD02,30HD,Hogeschool Van Hall Larenstein,Leeuwarden,2019,voltijd,hbo,ba,niet-EER,realisatie,0.0,0.0,0.0,0.0,0.0,0.0,0.0,0.0,Friesland
6446,30HD02,30HD,Hogeschool Van Hall Larenstein,Leeuwarden,2020,voltijd,hbo,ba,niet-EER,realisatie,0.0,0.0,0.0,0.0,0.0,0.0,0.0,0.0,Friesland
6447,30HD02,30HD,Hogeschool Van Hall Larenstein,Leeuwarden,2021,voltijd,hbo,ba,niet-EER,realisatie,0.0,0.0,0.0,0.0,0.0,0.0,0.0,0.0,Friesland
6448,30HD02,30HD,Hogeschool Van Hall Larenstein,Leeuwarden,2022,voltijd,hbo,ba,niet-EER,realisatie,0.0,0.0,0.0,0.0,0.0,0.0,0.0,0.0,Friesland
6449,30HD02,30HD,Hogeschool Van Hall Larenstein,Leeuwarden,2023,voltijd,hbo,ba,niet-EER,realisatie,0.0,0.0,0.0,0.0,0.0,0.0,0.0,0.0,Friesland
6450,30HD02,30HD,Hogeschool Van Hall Larenstein,Leeuwarden,2024,voltijd,hbo,ba,niet-EER,realisatie,0.0,0.0,0.0,0.0,0.0,0.0,0.0,0.0,Friesland
6451,30HD02,30HD,Hogeschool Van Hall Larenstein,Leeuwarden,2018,voltijd,hbo,ma,EER,realisatie,0.0,0.0,0.0,0.0,0.0,0.0,0.0,0.0,Friesland
6452,30HD02,30HD,Hogeschool Van Hall Larenstein,Leeuwarden,2020,voltijd,hbo,ma,EER,realisatie,0.0,0.0,0.0,0.0,0.0,0.0,0.0,0.0,Friesland
6453,30HD02,30HD,Hogeschool Van Hall Larenstein,Leeuwarden,2021,voltijd,hbo,ma,EER,realisatie,0.0,0.0,0.0,0.0,0.0,0.0,0.0,0.0,Friesland
6454,30HD02,30HD,Hogeschool Van Hall Larenstein,Leeuwarden,2022,voltijd,hbo,ma,EER,realisatie,0.0,0.0,0.0,0.0,0.0,0.0,0.0,0.0,Friesland
6455,30HD02,30HD,Hogeschool Van Hall Larenstein,Leeuwarden,2023,voltijd,hbo,ma,EER,realisatie,0.0,0.0,0.0,0.0,0.0,0.0,0.0,0.0,Friesland
6456,30HD02,30HD,Hogeschool Van Hall Larenstein,Leeuwarden,2018,voltijd,hbo,ma,NL,realisatie,0.0,0.0,0.0,0.0,0.0,0.0,0.0,0.0,Friesland
6457,30HD02,30HD,Hogeschool Van Hall Larenstein,Leeuwarden,2019,voltijd,hbo,ma,NL,realisatie,0.0,0.0,0.0,0.0,0.0,0.0,0.0,0.0,Friesland
6458,30HD02,30HD,Hogeschool Van Hall Larenstein,Leeuwarden,2020,voltijd,hbo,ma,NL,realisatie,6.0,0.0,0.0,0.0,6.0,0.0,0.0,0.0,Friesland
6459,30HD02,30HD,Hogeschool Van Hall Larenstein,Leeuwarden,2021,voltijd,hbo,ma,NL,realisatie,7.0,6.0,0.0,0.0,7.0,6.0,0.0,0.0,Friesland
6460,30HD02,30HD,Hogeschool Van Hall Larenstein,Leeuwarden,2022,voltijd,hbo,ma,NL,realisatie,0.0,0.0,0.0,0.0,0.0,0.0,0.0,0.0,Friesland
6461,30HD02,30HD,Hogeschool Van Hall Larenstein,Leeuwarden,2023,voltijd,hbo,ma,NL,realisatie,0.0,0.0,0.0,0.0,0.0,0.0,0.0,0.0,Friesland
6462,30HD02,30HD,Hogeschool Van Hall Larenstein,Leeuwarden,2024,voltijd,hbo,ma,NL,realisatie,0.0,0.0,0.0,0.0,0.0,0.0,0.0,0.0,Friesland
6463,30HD02,30HD,Hogeschool Van Hall Larenstein,Leeuwarden,2018,voltijd,hbo,ma,niet-EER,realisatie,0.0,0.0,0.0,0.0,0.0,0.0,0.0,0.0,Friesland
6464,30HD02,30HD,Hogeschool Van Hall Larenstein,Leeuwarden,2019,voltijd,hbo,ma,niet-EER,realisatie,0.0,0.0,0.0,0.0,0.0,0.0,0.0,0.0,Friesland
6465,30HD02,30HD,Hogeschool Van Hall Larenstein,Leeuwarden,2020,voltijd,hbo,ma,niet-EER,realisatie,8.0,7.0,6.0,0.0,0.0,7.0,0.0,0.0,Friesland
6466,30HD02,30HD,Hogeschool Van Hall Larenstein,Leeuwarden,2021,voltijd,hbo,ma,niet-EER,realisatie,0.0,0.0,0.0,0.0,0.0,0.0,0.0,0.0,Friesland
6467,30HD02,30HD,Hogeschool Van Hall Larenstein,Leeuwarden,2022,voltijd,hbo,ma,niet-EER,realisatie,0.0,0.0,0.0,0.0,0.0,0.0,0.0,0.0,Friesland
6468,30HD02,30HD,Hogeschool Van Hall Larenstein,Leeuwarden,2023,voltijd,hbo,ma,niet-EER,realisatie,10.0,9.0,9.0,0.0,0.0,9.0,0.0,0.0,Friesland
6469,30HD02,30HD,Hogeschool Van Hall Larenstein,Leeuwarden,2024,voltijd,hbo,ma,niet-EER,realisatie,0.0,0.0,0.0,0.0,0.0,0.0,0.0,0.0,Friesland
6470,30TX01,30TX,Aeres Hogeschool,Dronten,2017,deeltijd,hbo,ad,EER,realisatie,0.0,0.0,0.0,0.0,0.0,0.0,0.0,0.0,
6471,30TX01,30TX,Aeres Hogeschool,Dronten,2020,deeltijd,hbo,ad,EER,realisatie,0.0,0.0,0.0,0.0,0.0,0.0,0.0,0.0,
6472,30TX01,30TX,Aeres Hogeschool,Dronten,2021,deeltijd,hbo,ad,EER,realisatie,0.0,0.0,0.0,0.0,0.0,0.0,0.0,0.0,
6473,30TX01,30TX,Aeres Hogeschool,Dronten,2017,deeltijd,hbo,ad,NL,realisatie,69.0,37.0,31.0,21.0,17.0,36.0,29.0,0.0,
6474,30TX01,30TX,Aeres Hogeschool,Dronten,2018,deeltijd,hbo,ad,NL,realisatie,93.0,54.0,41.0,35.0,17.0,52.0,34.0,7.0,
6475,30TX01,30TX,Aeres Hogeschool,Dronten,2019,deeltijd,hbo,ad,NL,realisatie,84.0,24.0,18.0,42.0,24.0,23.0,49.0,12.0,
6476,30TX01,30TX,Aeres Hogeschool,Dronten,2020,deeltijd,hbo,ad,NL,realisatie,70.0,25.0,16.0,21.0,33.0,25.0,20.0,25.0,
6477,30TX01,30TX,Aeres Hogeschool,Dronten,2021,deeltijd,hbo,ad,NL,realisatie,56.0,22.0,13.0,15.0,28.0,22.0,17.0,17.0,
6478,30TX01,30TX,Aeres Hogeschool,Dronten,2022,deeltijd,hbo,ad,NL,realisatie,51.0,18.0,10.0,12.0,29.0,15.0,19.0,17.0,
6479,30TX01,30TX,Aeres Hogeschool,Dronten,2023,deeltijd,hbo,ad,NL,realisatie,47.0,24.0,16.0,13.0,18.0,22.0,10.0,15.0,
6480,30TX01,30TX,Aeres Hogeschool,Dronten,2024,deeltijd,hbo,ad,NL,realisatie,49.0,22.0,14.0,14.0,21.0,21.0,18.0,10.0,
6481,30TX01,30TX,Aeres Hogeschool,Dronten,2017,deeltijd,hbo,ba,EER,realisatie,0.0,0.0,0.0,0.0,0.0,0.0,0.0,0.0,
6482,30TX01,30TX,Aeres Hogeschool,Dronten,2018,deeltijd,hbo,ba,EER,realisatie,0.0,0.0,0.0,0.0,0.0,0.0,0.0,0.0,
6483,30TX01,30TX,Aeres Hogeschool,Dronten,2019,deeltijd,hbo,ba,EER,realisatie,0.0,0.0,0.0,0.0,0.0,0.0,0.0,0.0,
6484,30TX01,30TX,Aeres Hogeschool,Dronten,2020,deeltijd,hbo,ba,EER,realisatie,0.0,0.0,0.0,0.0,0.0,0.0,0.0,0.0,
6485,30TX01,30TX,Aeres Hogeschool,Dronten,2017,deeltijd,hbo,ba,NL,realisatie,109.0,28.0,10.0,22.0,77.0,14.0,24.0,71.0,
6486,30TX01,30TX,Aeres Hogeschool,Dronten,2018,deeltijd,hbo,ba,NL,realisatie,85.0,9.0,0.0,8.0,77.0,6.0,14.0,65.0,
6487,30TX01,30TX,Aeres Hogeschool,Dronten,2019,deeltijd,hbo,ba,NL,realisatie,104.0,36.0,17.0,0.0,84.0,25.0,10.0,69.0,
6488,30TX01,30TX,Aeres Hogeschool,Dronten,2020,deeltijd,hbo,ba,NL,realisatie,93.0,19.0,0.0,16.0,77.0,12.0,27.0,54.0,
6489,30TX01,30TX,Aeres Hogeschool,Dronten,2021,deeltijd,hbo,ba,NL,realisatie,89.0,26.0,11.0,0.0,74.0,18.0,15.0,56.0,
6490,30TX01,30TX,Aeres Hogeschool,Dronten,2022,deeltijd,hbo,ba,NL,realisatie,69.0,7.0,0.0,7.0,62.0,0.0,15.0,49.0,
6491,30TX01,30TX,Aeres Hogeschool,Dronten,2023,deeltijd,hbo,ba,NL,realisatie,45.0,0.0,0.0,0.0,45.0,0.0,6.0,39.0,
6492,30TX01,30TX,Aeres Hogeschool,Dronten,2024,deeltijd,hbo,ba,NL,realisatie,32.0,0.0,0.0,0.0,32.0,0.0,0.0,32.0,
6493,30TX01,30TX,Aeres Hogeschool,Dronten,2023,deeltijd,hbo,ma,NL,realisatie,0.0,0.0,0.0,0.0,0.0,0.0,0.0,0.0,
6494,30TX01,30TX,Aeres Hogeschool,Dronten,2024,deeltijd,hbo,ma,NL,realisatie,0.0,0.0,0.0,0.0,0.0,0.0,0.0,0.0,
6495,30TX01,30TX,Aeres Hogeschool,Dronten,2018,voltijd,hbo,ad,EER,realisatie,0.0,0.0,0.0,0.0,0.0,0.0,0.0,0.0,
6496,30TX01,30TX,Aeres Hogeschool,Dronten,2021,voltijd,hbo,ad,EER,realisatie,0.0,0.0,0.0,0.0,0.0,0.0,0.0,0.0,
6497,30TX01,30TX,Aeres Hogeschool,Dronten,2022,voltijd,hbo,ad,EER,realisatie,0.0,0.0,0.0,0.0,0.0,0.0,0.0,0.0,
6498,30TX01,30TX,Aeres Hogeschool,Dronten,2023,voltijd,hbo,ad,EER,realisatie,0.0,0.0,0.0,0.0,0.0,0.0,0.0,0.0,
6499,30TX01,30TX,Aeres Hogeschool,Dronten,2024,voltijd,hbo,ad,EER,realisatie,0.0,0.0,0.0,0.0,0.0,0.0,0.0,0.0,
6500,30TX01,30TX,Aeres Hogeschool,Dronten,2017,voltijd,hbo,ad,NL,realisatie,97.0,78.0,72.0,14.0,11.0,77.0,15.0,0.0,
6501,30TX01,30TX,Aeres Hogeschool,Dronten,2018,voltijd,hbo,ad,NL,realisatie,129.0,88.0,77.0,44.0,8.0,88.0,38.0,0.0,
6502,30TX01,30TX,Aeres Hogeschool,Dronten,2019,voltijd,hbo,ad,NL,realisatie,157.0,99.0,86.0,46.0,25.0,96.0,46.0,15.0,
6503,30TX01,30TX,Aeres Hogeschool,Dronten,2020,voltijd,hbo,ad,NL,realisatie,220.0,127.0,110.0,56.0,54.0,125.0,58.0,37.0,
6504,30TX01,30TX,Aeres Hogeschool,Dronten,2021,voltijd,hbo,ad,NL,realisatie,239.0,100.0,79.0,87.0,73.0,99.0,91.0,49.0,
6505,30TX01,30TX,Aeres Hogeschool,Dronten,2022,voltijd,hbo,ad,NL,realisatie,264.0,124.0,92.0,69.0,103.0,120.0,68.0,76.0,
6506,30TX01,30TX,Aeres Hogeschool,Dronten,2023,voltijd,hbo,ad,NL,realisatie,266.0,126.0,81.0,76.0,109.0,125.0,72.0,69.0,
6507,30TX01,30TX,Aeres Hogeschool,Dronten,2024,voltijd,hbo,ad,NL,realisatie,272.0,128.0,77.0,77.0,118.0,125.0,77.0,70.0,
6508,30TX01,30TX,Aeres Hogeschool,Dronten,2020,voltijd,hbo,ad,niet-EER,realisatie,0.0,0.0,0.0,0.0,0.0,0.0,0.0,0.0,
6509,30TX01,30TX,Aeres Hogeschool,Dronten,2017,voltijd,hbo,ba,EER,realisatie,115.0,41.0,41.0,32.0,42.0,41.0,32.0,42.0,
6510,30TX01,30TX,Aeres Hogeschool,Dronten,2018,voltijd,hbo,ba,EER,realisatie,138.0,62.0,61.0,35.0,42.0,61.0,35.0,42.0,
6511,30TX01,30TX,Aeres Hogeschool,Dronten,2019,voltijd,hbo,ba,EER,realisatie,127.0,41.0,40.0,42.0,45.0,41.0,41.0,45.0,
6512,30TX01,30TX,Aeres Hogeschool,Dronten,2020,voltijd,hbo,ba,EER,realisatie,107.0,31.0,31.0,26.0,50.0,31.0,27.0,49.0,
6513,30TX01,30TX,Aeres Hogeschool,Dronten,2021,voltijd,hbo,ba,EER,realisatie,92.0,24.0,24.0,24.0,44.0,24.0,24.0,44.0,
6514,30TX01,30TX,Aeres Hogeschool,Dronten,2022,voltijd,hbo,ba,EER,realisatie,87.0,28.0,28.0,19.0,40.0,28.0,19.0,40.0,
6515,30TX01,30TX,Aeres Hogeschool,Dronten,2023,voltijd,hbo,ba,EER,realisatie,72.0,26.0,26.0,13.0,33.0,26.0,13.0,33.0,
6516,30TX01,30TX,Aeres Hogeschool,Dronten,2024,voltijd,hbo,ba,EER,realisatie,48.0,9.0,9.0,14.0,25.0,9.0,14.0,25.0,
6517,30TX01,30TX,Aeres Hogeschool,Dronten,2017,voltijd,hbo,ba,NL,realisatie,1699.0,434.0,415.0,338.0,946.0,425.0,341.0,933.0,
6518,30TX01,30TX,Aeres Hogeschool,Dronten,2018,voltijd,hbo,ba,NL,realisatie,1742.0,434.0,396.0,358.0,988.0,420.0,351.0,971.0,
6519,30TX01,30TX,Aeres Hogeschool,Dronten,2019,voltijd,hbo,ba,NL,realisatie,1820.0,456.0,408.0,359.0,1053.0,442.0,363.0,1015.0,
6520,30TX01,30TX,Aeres Hogeschool,Dronten,2020,voltijd,hbo,ba,NL,realisatie,1920.0,437.0,391.0,392.0,1137.0,417.0,411.0,1092.0,
6521,30TX01,30TX,Aeres Hogeschool,Dronten,2021,voltijd,hbo,ba,NL,realisatie,1978.0,447.0,401.0,382.0,1195.0,434.0,383.0,1161.0,
6522,30TX01,30TX,Aeres Hogeschool,Dronten,2022,voltijd,hbo,ba,NL,realisatie,1940.0,386.0,358.0,346.0,1236.0,373.0,373.0,1194.0,
6523,30TX01,30TX,Aeres Hogeschool,Dronten,2023,voltijd,hbo,ba,NL,realisatie,1816.0,387.0,346.0,283.0,1187.0,365.0,288.0,1163.0,
6524,30TX01,30TX,Aeres Hogeschool,Dronten,2024,voltijd,hbo,ba,NL,realisatie,1694.0,336.0,312.0,286.0,1096.0,321.0,300.0,1073.0,
6525,30TX01,30TX,Aeres Hogeschool,Dronten,2017,voltijd,hbo,ba,niet-EER,realisatie,52.0,15.0,14.0,10.0,28.0,14.0,10.0,28.0,
6526,30TX01,30TX,Aeres Hogeschool,Dronten,2018,voltijd,hbo,ba,niet-EER,realisatie,44.0,12.0,11.0,10.0,23.0,11.0,10.0,23.0,
6527,30TX01,30TX,Aeres Hogeschool,Dronten,2019,voltijd,hbo,ba,niet-EER,realisatie,34.0,8.0,8.0,6.0,20.0,8.0,6.0,20.0,
6528,30TX01,30TX,Aeres Hogeschool,Dronten,2020,voltijd,hbo,ba,niet-EER,realisatie,27.0,8.0,8.0,6.0,13.0,8.0,6.0,13.0,
6529,30TX01,30TX,Aeres Hogeschool,Dronten,2021,voltijd,hbo,ba,niet-EER,realisatie,28.0,13.0,12.0,7.0,9.0,12.0,7.0,9.0,
6530,30TX01,30TX,Aeres Hogeschool,Dronten,2022,voltijd,hbo,ba,niet-EER,realisatie,22.0,10.0,9.0,0.0,8.0,9.0,0.0,8.0,
6531,30TX01,30TX,Aeres Hogeschool,Dronten,2023,voltijd,hbo,ba,niet-EER,realisatie,31.0,16.0,14.0,0.0,12.0,14.0,0.0,12.0,
6532,30TX01,30TX,Aeres Hogeschool,Dronten,2024,voltijd,hbo,ba,niet-EER,realisatie,40.0,20.0,19.0,7.0,14.0,19.0,7.0,14.0,
6533,30TX01,30TX,Aeres Hogeschool,Dronten,2019,voltijd,hbo,ma,EER,realisatie,0.0,0.0,0.0,0.0,0.0,0.0,0.0,0.0,
6534,30TX01,30TX,Aeres Hogeschool,Dronten,2020,voltijd,hbo,ma,EER,realisatie,0.0,0.0,0.0,0.0,0.0,0.0,0.0,0.0,
6535,30TX01,30TX,Aeres Hogeschool,Dronten,2021,voltijd,hbo,ma,EER,realisatie,0.0,0.0,0.0,0.0,0.0,0.0,0.0,0.0,
6536,30TX01,30TX,Aeres Hogeschool,Dronten,2022,voltijd,hbo,ma,EER,realisatie,0.0,0.0,0.0,0.0,0.0,0.0,0.0,0.0,
6537,30TX01,30TX,Aeres Hogeschool,Dronten,2023,voltijd,hbo,ma,EER,realisatie,0.0,0.0,0.0,0.0,0.0,0.0,0.0,0.0,
6538,30TX01,30TX,Aeres Hogeschool,Dronten,2024,voltijd,hbo,ma,EER,realisatie,0.0,0.0,0.0,0.0,0.0,0.0,0.0,0.0,
6539,30TX01,30TX,Aeres Hogeschool,Dronten,2018,voltijd,hbo,ma,NL,realisatie,8.0,8.0,0.0,0.0,8.0,8.0,0.0,0.0,
6540,30TX01,30TX,Aeres Hogeschool,Dronten,2019,voltijd,hbo,ma,NL,realisatie,11.0,9.0,0.0,0.0,9.0,9.0,0.0,0.0,
6541,30TX01,30TX,Aeres Hogeschool,Dronten,2020,voltijd,hbo,ma,NL,realisatie,13.0,12.0,0.0,0.0,13.0,12.0,0.0,0.0,
6542,30TX01,30TX,Aeres Hogeschool,Dronten,2021,voltijd,hbo,ma,NL,realisatie,10.0,6.0,0.0,0.0,10.0,6.0,0.0,0.0,
6543,30TX01,30TX,Aeres Hogeschool,Dronten,2022,voltijd,hbo,ma,NL,realisatie,10.0,7.0,0.0,0.0,10.0,7.0,0.0,0.0,
6544,30TX01,30TX,Aeres Hogeschool,Dronten,2023,voltijd,hbo,ma,NL,realisatie,0.0,0.0,0.0,0.0,0.0,0.0,0.0,0.0,
6545,30TX01,30TX,Aeres Hogeschool,Dronten,2024,voltijd,hbo,ma,NL,realisatie,11.0,10.0,0.0,0.0,11.0,10.0,0.0,0.0,
6546,30TX01,30TX,Aeres Hogeschool,Dronten,2018,voltijd,hbo,ma,niet-EER,realisatie,0.0,0.0,0.0,0.0,0.0,0.0,0.0,0.0,
6547,30TX01,30TX,Aeres Hogeschool,Dronten,2019,voltijd,hbo,ma,niet-EER,realisatie,0.0,0.0,0.0,0.0,0.0,0.0,0.0,0.0,
6548,30TX01,30TX,Aeres Hogeschool,Dronten,2021,voltijd,hbo,ma,niet-EER,realisatie,0.0,0.0,0.0,0.0,0.0,0.0,0.0,0.0,
6549,30TX01,30TX,Aeres Hogeschool,Dronten,2022,voltijd,hbo,ma,niet-EER,realisatie,0.0,0.0,0.0,0.0,0.0,0.0,0.0,0.0,
6550,30TX01,30TX,Aeres Hogeschool,Dronten,2023,voltijd,hbo,ma,niet-EER,realisatie,0.0,0.0,0.0,0.0,0.0,0.0,0.0,0.0,
6551,30TX01,30TX,Aeres Hogeschool,Dronten,2024,voltijd,hbo,ma,niet-EER,realisatie,0.0,0.0,0.0,0.0,0.0,0.0,0.0,0.0,
6552,30TX02,30TX,Aeres Hogeschool,Almere,2023,deeltijd,hbo,ma,NL,realisatie,14.0,14.0,0.0,0.0,13.0,14.0,0.0,0.0,
6553,30TX02,30TX,Aeres Hogeschool,Almere,2024,deeltijd,hbo,ma,NL,realisatie,12.0,0.0,0.0,0.0,11.0,0.0,12.0,0.0,
6554,30TX02,30TX,Aeres Hogeschool,Almere,2017,voltijd,hbo,ad,NL,realisatie,0.0,0.0,0.0,0.0,0.0,0.0,0.0,0.0,
6555,30TX02,30TX,Aeres Hogeschool,Almere,2018,voltijd,hbo,ad,NL,realisatie,0.0,0.0,0.0,0.0,0.0,0.0,0.0,0.0,
6556,30TX02,30TX,Aeres Hogeschool,Almere,2019,voltijd,hbo,ad,NL,realisatie,8.0,8.0,8.0,0.0,0.0,8.0,0.0,0.0,
6557,30TX02,30TX,Aeres Hogeschool,Almere,2020,voltijd,hbo,ad,NL,realisatie,16.0,9.0,0.0,8.0,0.0,7.0,9.0,0.0,
6558,30TX02,30TX,Aeres Hogeschool,Almere,2021,voltijd,hbo,ad,NL,realisatie,20.0,8.0,0.0,7.0,9.0,8.0,7.0,0.0,
6559,30TX02,30TX,Aeres Hogeschool,Almere,2022,voltijd,hbo,ad,NL,realisatie,27.0,11.0,11.0,0.0,13.0,11.0,7.0,9.0,
6560,30TX02,30TX,Aeres Hogeschool,Almere,2023,voltijd,hbo,ad,NL,realisatie,23.0,0.0,0.0,10.0,13.0,0.0,9.0,12.0,
6561,30TX02,30TX,Aeres Hogeschool,Almere,2024,voltijd,hbo,ad,NL,realisatie,7.0,0.0,0.0,0.0,7.0,0.0,0.0,6.0,
6562,30TX02,30TX,Aeres Hogeschool,Almere,2017,voltijd,hbo,ba,EER,realisatie,21.0,12.0,12.0,8.0,0.0,12.0,8.0,0.0,
6563,30TX02,30TX,Aeres Hogeschool,Almere,2018,voltijd,hbo,ba,EER,realisatie,18.0,9.0,9.0,0.0,0.0,9.0,0.0,0.0,
6564,30TX02,30TX,Aeres Hogeschool,Almere,2019,voltijd,hbo,ba,EER,realisatie,18.0,8.0,8.0,0.0,0.0,8.0,0.0,0.0,
6565,30TX02,30TX,Aeres Hogeschool,Almere,2020,voltijd,hbo,ba,EER,realisatie,16.0,0.0,0.0,9.0,0.0,0.0,9.0,0.0,
6566,30TX02,30TX,Aeres Hogeschool,Almere,2021,voltijd,hbo,ba,EER,realisatie,18.0,0.0,0.0,0.0,14.0,0.0,0.0,13.0,
6567,30TX02,30TX,Aeres Hogeschool,Almere,2022,voltijd,hbo,ba,EER,realisatie,21.0,0.0,0.0,0.0,15.0,0.0,0.0,14.0,
6568,30TX02,30TX,Aeres Hogeschool,Almere,2023,voltijd,hbo,ba,EER,realisatie,21.0,8.0,8.0,0.0,9.0,8.0,0.0,9.0,
6569,30TX02,30TX,Aeres Hogeschool,Almere,2024,voltijd,hbo,ba,EER,realisatie,15.0,0.0,0.0,0.0,10.0,0.0,0.0,10.0,
6570,30TX02,30TX,Aeres Hogeschool,Almere,2017,voltijd,hbo,ba,NL,realisatie,517.0,145.0,120.0,95.0,302.0,123.0,101.0,293.0,
6571,30TX02,30TX,Aeres Hogeschool,Almere,2018,voltijd,hbo,ba,NL,realisatie,550.0,130.0,108.0,98.0,344.0,112.0,100.0,338.0,
6572,30TX02,30TX,Aeres Hogeschool,Almere,2019,voltijd,hbo,ba,NL,realisatie,594.0,158.0,126.0,89.0,379.0,133.0,89.0,372.0,
6573,30TX02,30TX,Aeres Hogeschool,Almere,2020,voltijd,hbo,ba,NL,realisatie,630.0,157.0,125.0,117.0,388.0,127.0,124.0,379.0,
6574,30TX02,30TX,Aeres Hogeschool,Almere,2021,voltijd,hbo,ba,NL,realisatie,674.0,161.0,135.0,146.0,393.0,141.0,145.0,388.0,
6575,30TX02,30TX,Aeres Hogeschool,Almere,2022,voltijd,hbo,ba,NL,realisatie,680.0,126.0,103.0,130.0,447.0,112.0,129.0,439.0,
6576,30TX02,30TX,Aeres Hogeschool,Almere,2023,voltijd,hbo,ba,NL,realisatie,671.0,148.0,117.0,92.0,462.0,123.0,96.0,452.0,
6577,30TX02,30TX,Aeres Hogeschool,Almere,2024,voltijd,hbo,ba,NL,realisatie,656.0,141.0,111.0,122.0,423.0,119.0,123.0,414.0,
6578,30TX02,30TX,Aeres Hogeschool,Almere,2017,voltijd,hbo,ba,niet-EER,realisatie,6.0,0.0,0.0,0.0,0.0,0.0,0.0,0.0,
6579,30TX02,30TX,Aeres Hogeschool,Almere,2018,voltijd,hbo,ba,niet-EER,realisatie,7.0,0.0,0.0,0.0,0.0,0.0,0.0,0.0,
6580,30TX02,30TX,Aeres Hogeschool,Almere,2019,voltijd,hbo,ba,niet-EER,realisatie,7.0,0.0,0.0,0.0,0.0,0.0,0.0,0.0,
6581,30TX02,30TX,Aeres Hogeschool,Almere,2020,voltijd,hbo,ba,niet-EER,realisatie,0.0,0.0,0.0,0.0,0.0,0.0,0.0,0.0,
6582,30TX02,30TX,Aeres Hogeschool,Almere,2021,voltijd,hbo,ba,niet-EER,realisatie,6.0,0.0,0.0,0.0,0.0,0.0,0.0,0.0,
6583,30TX02,30TX,Aeres Hogeschool,Almere,2022,voltijd,hbo,ba,niet-EER,realisatie,6.0,0.0,0.0,0.0,0.0,0.0,0.0,0.0,
6584,30TX02,30TX,Aeres Hogeschool,Almere,2023,voltijd,hbo,ba,niet-EER,realisatie,13.0,7.0,7.0,0.0,0.0,7.0,0.0,0.0,
6585,30TX02,30TX,Aeres Hogeschool,Almere,2024,voltijd,hbo,ba,niet-EER,realisatie,7.0,0.0,0.0,0.0,0.0,0.0,0.0,0.0,
6586,30TX02,30TX,Aeres Hogeschool,Almere,2021,voltijd,hbo,ma,EER,realisatie,0.0,0.0,0.0,0.0,0.0,0.0,0.0,0.0,
6587,30TX02,30TX,Aeres Hogeschool,Almere,2022,voltijd,hbo,ma,EER,realisatie,0.0,0.0,0.0,0.0,0.0,0.0,0.0,0.0,
6588,30TX02,30TX,Aeres Hogeschool,Almere,2023,voltijd,hbo,ma,EER,realisatie,0.0,0.0,0.0,0.0,0.0,0.0,0.0,0.0,
6589,30TX02,30TX,Aeres Hogeschool,Almere,2024,voltijd,hbo,ma,EER,realisatie,0.0,0.0,0.0,0.0,0.0,0.0,0.0,0.0,
6590,30TX02,30TX,Aeres Hogeschool,Almere,2021,voltijd,hbo,ma,NL,realisatie,14.0,14.0,0.0,0.0,14.0,14.0,0.0,0.0,
6591,30TX02,30TX,Aeres Hogeschool,Almere,2022,voltijd,hbo,ma,NL,realisatie,0.0,0.0,0.0,0.0,0.0,0.0,0.0,0.0,
6592,30TX02,30TX,Aeres Hogeschool,Almere,2023,voltijd,hbo,ma,NL,realisatie,0.0,0.0,0.0,0.0,0.0,0.0,0.0,0.0,
6593,30TX02,30TX,Aeres Hogeschool,Almere,2024,voltijd,hbo,ma,NL,realisatie,0.0,0.0,0.0,0.0,0.0,0.0,0.0,0.0,
6594,30TX02,30TX,Aeres Hogeschool,Almere,2021,voltijd,hbo,ma,niet-EER,realisatie,0.0,0.0,0.0,0.0,0.0,0.0,0.0,0.0,
6595,30TX02,30TX,Aeres Hogeschool,Almere,2022,voltijd,hbo,ma,niet-EER,realisatie,0.0,0.0,0.0,0.0,0.0,0.0,0.0,0.0,
6596,30TX02,30TX,Aeres Hogeschool,Almere,2023,voltijd,hbo,ma,niet-EER,realisatie,8.0,7.0,6.0,0.0,0.0,7.0,0.0,0.0,
6597,30TX02,30TX,Aeres Hogeschool,Almere,2024,voltijd,hbo,ma,niet-EER,realisatie,0.0,0.0,0.0,0.0,0.0,0.0,0.0,0.0,
6598,30TX03,30TX,Aeres Hogeschool,Wageningen,2020,deeltijd,hbo,ad,EER,realisatie,0.0,0.0,0.0,0.0,0.0,0.0,0.0,0.0,Gelderland
6599,30TX03,30TX,Aeres Hogeschool,Wageningen,2021,deeltijd,hbo,ad,EER,realisatie,0.0,0.0,0.0,0.0,0.0,0.0,0.0,0.0,Gelderland
6600,30TX03,30TX,Aeres Hogeschool,Wageningen,2022,deeltijd,hbo,ad,EER,realisatie,0.0,0.0,0.0,0.0,0.0,0.0,0.0,0.0,Gelderland
6601,30TX03,30TX,Aeres Hogeschool,Wageningen,2023,deeltijd,hbo,ad,EER,realisatie,0.0,0.0,0.0,0.0,0.0,0.0,0.0,0.0,Gelderland
6602,30TX03,30TX,Aeres Hogeschool,Wageningen,2024,deeltijd,hbo,ad,EER,realisatie,0.0,0.0,0.0,0.0,0.0,0.0,0.0,0.0,Gelderland
6603,30TX03,30TX,Aeres Hogeschool,Wageningen,2017,deeltijd,hbo,ad,NL,realisatie,16.0,0.0,0.0,0.0,8.0,0.0,6.0,0.0,Gelderland
6604,30TX03,30TX,Aeres Hogeschool,Wageningen,2018,deeltijd,hbo,ad,NL,realisatie,25.0,18.0,8.0,0.0,12.0,18.0,0.0,0.0,Gelderland
6605,30TX03,30TX,Aeres Hogeschool,Wageningen,2019,deeltijd,hbo,ad,NL,realisatie,22.0,9.0,0.0,0.0,13.0,9.0,8.0,0.0,Gelderland
6606,30TX03,30TX,Aeres Hogeschool,Wageningen,2020,deeltijd,hbo,ad,NL,realisatie,27.0,17.0,0.0,0.0,21.0,16.0,0.0,7.0,Gelderland
6607,30TX03,30TX,Aeres Hogeschool,Wageningen,2021,deeltijd,hbo,ad,NL,realisatie,46.0,30.0,13.0,7.0,26.0,30.0,14.0,0.0,Gelderland
6608,30TX03,30TX,Aeres Hogeschool,Wageningen,2022,deeltijd,hbo,ad,NL,realisatie,42.0,18.0,9.0,10.0,23.0,18.0,23.0,0.0,Gelderland
6609,30TX03,30TX,Aeres Hogeschool,Wageningen,2023,deeltijd,hbo,ad,NL,realisatie,51.0,33.0,17.0,12.0,22.0,31.0,14.0,6.0,Gelderland
6610,30TX03,30TX,Aeres Hogeschool,Wageningen,2024,deeltijd,hbo,ad,NL,realisatie,47.0,15.0,0.0,14.0,28.0,14.0,24.0,9.0,Gelderland
6611,30TX03,30TX,Aeres Hogeschool,Wageningen,2017,deeltijd,hbo,ba,EER,realisatie,0.0,0.0,0.0,0.0,0.0,0.0,0.0,0.0,Gelderland
6612,30TX03,30TX,Aeres Hogeschool,Wageningen,2018,deeltijd,hbo,ba,EER,realisatie,0.0,0.0,0.0,0.0,0.0,0.0,0.0,0.0,Gelderland
6613,30TX03,30TX,Aeres Hogeschool,Wageningen,2019,deeltijd,hbo,ba,EER,realisatie,0.0,0.0,0.0,0.0,0.0,0.0,0.0,0.0,Gelderland
6614,30TX03,30TX,Aeres Hogeschool,Wageningen,2020,deeltijd,hbo,ba,EER,realisatie,0.0,0.0,0.0,0.0,0.0,0.0,0.0,0.0,Gelderland
6615,30TX03,30TX,Aeres Hogeschool,Wageningen,2021,deeltijd,hbo,ba,EER,realisatie,0.0,0.0,0.0,0.0,0.0,0.0,0.0,0.0,Gelderland
6616,30TX03,30TX,Aeres Hogeschool,Wageningen,2022,deeltijd,hbo,ba,EER,realisatie,0.0,0.0,0.0,0.0,0.0,0.0,0.0,0.0,Gelderland
6617,30TX03,30TX,Aeres Hogeschool,Wageningen,2017,deeltijd,hbo,ba,NL,realisatie,259.0,86.0,35.0,27.0,197.0,37.0,31.0,191.0,Gelderland
6618,30TX03,30TX,Aeres Hogeschool,Wageningen,2018,deeltijd,hbo,ba,NL,realisatie,243.0,65.0,17.0,29.0,197.0,22.0,31.0,190.0,Gelderland
6619,30TX03,30TX,Aeres Hogeschool,Wageningen,2019,deeltijd,hbo,ba,NL,realisatie,246.0,94.0,38.0,14.0,194.0,43.0,17.0,186.0,Gelderland
6620,30TX03,30TX,Aeres Hogeschool,Wageningen,2020,deeltijd,hbo,ba,NL,realisatie,255.0,92.0,36.0,36.0,183.0,39.0,40.0,176.0,Gelderland
6621,30TX03,30TX,Aeres Hogeschool,Wageningen,2021,deeltijd,hbo,ba,NL,realisatie,268.0,102.0,40.0,33.0,195.0,46.0,37.0,185.0,Gelderland
6622,30TX03,30TX,Aeres Hogeschool,Wageningen,2022,deeltijd,hbo,ba,NL,realisatie,239.0,71.0,33.0,37.0,169.0,35.0,43.0,161.0,Gelderland
6623,30TX03,30TX,Aeres Hogeschool,Wageningen,2023,deeltijd,hbo,ba,NL,realisatie,263.0,100.0,57.0,36.0,170.0,62.0,37.0,164.0,Gelderland
6624,30TX03,30TX,Aeres Hogeschool,Wageningen,2024,deeltijd,hbo,ba,NL,realisatie,261.0,83.0,37.0,61.0,163.0,43.0,62.0,156.0,Gelderland
6625,30TX03,30TX,Aeres Hogeschool,Wageningen,2017,deeltijd,hbo,ma,EER,realisatie,0.0,0.0,0.0,0.0,0.0,0.0,0.0,0.0,Gelderland
6626,30TX03,30TX,Aeres Hogeschool,Wageningen,2018,deeltijd,hbo,ma,EER,realisatie,0.0,0.0,0.0,0.0,0.0,0.0,0.0,0.0,Gelderland
6627,30TX03,30TX,Aeres Hogeschool,Wageningen,2019,deeltijd,hbo,ma,EER,realisatie,0.0,0.0,0.0,0.0,0.0,0.0,0.0,0.0,Gelderland
6628,30TX03,30TX,Aeres Hogeschool,Wageningen,2020,deeltijd,hbo,ma,EER,realisatie,0.0,0.0,0.0,0.0,0.0,0.0,0.0,0.0,Gelderland
6629,30TX03,30TX,Aeres Hogeschool,Wageningen,2021,deeltijd,hbo,ma,EER,realisatie,0.0,0.0,0.0,0.0,0.0,0.0,0.0,0.0,Gelderland
6630,30TX03,30TX,Aeres Hogeschool,Wageningen,2022,deeltijd,hbo,ma,EER,realisatie,0.0,0.0,0.0,0.0,0.0,0.0,0.0,0.0,Gelderland
6631,30TX03,30TX,Aeres Hogeschool,Wageningen,2023,deeltijd,hbo,ma,EER,realisatie,13.0,12.0,11.0,0.0,0.0,12.0,0.0,0.0,Gelderland
6632,30TX03,30TX,Aeres Hogeschool,Wageningen,2024,deeltijd,hbo,ma,EER,realisatie,16.0,13.0,13.0,0.0,0.0,13.0,0.0,0.0,Gelderland
6633,30TX03,30TX,Aeres Hogeschool,Wageningen,2017,deeltijd,hbo,ma,NL,realisatie,69.0,25.0,0.0,0.0,66.0,24.0,22.0,23.0,Gelderland
6634,30TX03,30TX,Aeres Hogeschool,Wageningen,2018,deeltijd,hbo,ma,NL,realisatie,71.0,33.0,0.0,0.0,67.0,30.0,21.0,20.0,Gelderland
6635,30TX03,30TX,Aeres Hogeschool,Wageningen,2019,deeltijd,hbo,ma,NL,realisatie,81.0,38.0,0.0,0.0,77.0,36.0,27.0,18.0,Gelderland
6636,30TX03,30TX,Aeres Hogeschool,Wageningen,2020,deeltijd,hbo,ma,NL,realisatie,81.0,27.0,0.0,0.0,77.0,22.0,37.0,22.0,Gelderland
6637,30TX03,30TX,Aeres Hogeschool,Wageningen,2021,deeltijd,hbo,ma,NL,realisatie,97.0,42.0,0.0,0.0,93.0,35.0,21.0,41.0,Gelderland
6638,30TX03,30TX,Aeres Hogeschool,Wageningen,2022,deeltijd,hbo,ma,NL,realisatie,82.0,28.0,0.0,0.0,79.0,25.0,32.0,25.0,Gelderland
6639,30TX03,30TX,Aeres Hogeschool,Wageningen,2023,deeltijd,hbo,ma,NL,realisatie,78.0,26.0,0.0,0.0,75.0,23.0,22.0,33.0,Gelderland
6640,30TX03,30TX,Aeres Hogeschool,Wageningen,2024,deeltijd,hbo,ma,NL,realisatie,58.0,17.0,0.0,0.0,57.0,14.0,18.0,26.0,Gelderland
6641,30TX03,30TX,Aeres Hogeschool,Wageningen,2017,voltijd,hbo,ad,NL,realisatie,11.0,8.0,8.0,0.0,0.0,8.0,0.0,0.0,Gelderland
6642,30TX03,30TX,Aeres Hogeschool,Wageningen,2018,voltijd,hbo,ad,NL,realisatie,21.0,15.0,10.0,10.0,0.0,15.0,6.0,0.0,Gelderland
6643,30TX03,30TX,Aeres Hogeschool,Wageningen,2019,voltijd,hbo,ad,NL,realisatie,25.0,13.0,13.0,7.0,0.0,13.0,9.0,0.0,Gelderland
6644,30TX03,30TX,Aeres Hogeschool,Wageningen,2020,voltijd,hbo,ad,NL,realisatie,25.0,10.0,8.0,11.0,6.0,10.0,10.0,0.0,Gelderland
6645,30TX03,30TX,Aeres Hogeschool,Wageningen,2021,voltijd,hbo,ad,NL,realisatie,24.0,9.0,6.0,9.0,9.0,9.0,9.0,6.0,Gelderland
6646,30TX03,30TX,Aeres Hogeschool,Wageningen,2022,voltijd,hbo,ad,NL,realisatie,22.0,12.0,9.0,8.0,0.0,11.0,8.0,0.0,Gelderland
6647,30TX03,30TX,Aeres Hogeschool,Wageningen,2023,voltijd,hbo,ad,NL,realisatie,24.0,12.0,8.0,10.0,6.0,12.0,7.0,0.0,Gelderland
6648,30TX03,30TX,Aeres Hogeschool,Wageningen,2024,voltijd,hbo,ad,NL,realisatie,20.0,8.0,6.0,0.0,11.0,8.0,6.0,6.0,Gelderland
6649,30TX03,30TX,Aeres Hogeschool,Wageningen,2019,voltijd,hbo,ad,niet-EER,realisatie,0.0,0.0,0.0,0.0,0.0,0.0,0.0,0.0,Gelderland
6650,30TX03,30TX,Aeres Hogeschool,Wageningen,2020,voltijd,hbo,ad,niet-EER,realisatie,0.0,0.0,0.0,0.0,0.0,0.0,0.0,0.0,Gelderland
6651,30TX03,30TX,Aeres Hogeschool,Wageningen,2021,voltijd,hbo,ba,EER,realisatie,0.0,0.0,0.0,0.0,0.0,0.0,0.0,0.0,Gelderland
6652,30TX03,30TX,Aeres Hogeschool,Wageningen,2022,voltijd,hbo,ba,EER,realisatie,0.0,0.0,0.0,0.0,0.0,0.0,0.0,0.0,Gelderland
6653,30TX03,30TX,Aeres Hogeschool,Wageningen,2023,voltijd,hbo,ba,EER,realisatie,0.0,0.0,0.0,0.0,0.0,0.0,0.0,0.0,Gelderland
6654,30TX03,30TX,Aeres Hogeschool,Wageningen,2017,voltijd,hbo,ba,NL,realisatie,379.0,101.0,79.0,48.0,252.0,81.0,51.0,247.0,Gelderland
6655,30TX03,30TX,Aeres Hogeschool,Wageningen,2018,voltijd,hbo,ba,NL,realisatie,316.0,63.0,47.0,55.0,214.0,51.0,54.0,211.0,Gelderland
6656,30TX03,30TX,Aeres Hogeschool,Wageningen,2019,voltijd,hbo,ba,NL,realisatie,317.0,83.0,70.0,38.0,209.0,71.0,39.0,207.0,Gelderland
6657,30TX03,30TX,Aeres Hogeschool,Wageningen,2020,voltijd,hbo,ba,NL,realisatie,331.0,87.0,69.0,57.0,205.0,72.0,55.0,204.0,Gelderland
6658,30TX03,30TX,Aeres Hogeschool,Wageningen,2021,voltijd,hbo,ba,NL,realisatie,312.0,72.0,59.0,50.0,203.0,63.0,50.0,199.0,Gelderland
6659,30TX03,30TX,Aeres Hogeschool,Wageningen,2022,voltijd,hbo,ba,NL,realisatie,280.0,70.0,61.0,37.0,182.0,64.0,38.0,178.0,Gelderland
6660,30TX03,30TX,Aeres Hogeschool,Wageningen,2023,voltijd,hbo,ba,NL,realisatie,242.0,41.0,31.0,42.0,169.0,34.0,42.0,166.0,Gelderland
6661,30TX03,30TX,Aeres Hogeschool,Wageningen,2024,voltijd,hbo,ba,NL,realisatie,211.0,43.0,35.0,23.0,153.0,37.0,26.0,148.0,Gelderland
6662,30VP00,30VP,Hogeschool Thomas More,Rotterdam,2017,deeltijd,hbo,ba,EER,realisatie,0.0,0.0,0.0,0.0,0.0,0.0,0.0,0.0,Zuid-Holland
6663,30VP00,30VP,Hogeschool Thomas More,Rotterdam,2020,deeltijd,hbo,ba,EER,realisatie,0.0,0.0,0.0,0.0,0.0,0.0,0.0,0.0,Zuid-Holland
6664,30VP00,30VP,Hogeschool Thomas More,Rotterdam,2021,deeltijd,hbo,ba,EER,realisatie,0.0,0.0,0.0,0.0,0.0,0.0,0.0,0.0,Zuid-Holland
6665,30VP00,30VP,Hogeschool Thomas More,Rotterdam,2022,deeltijd,hbo,ba,EER,realisatie,0.0,0.0,0.0,0.0,0.0,0.0,0.0,0.0,Zuid-Holland
6666,30VP00,30VP,Hogeschool Thomas More,Rotterdam,2023,deeltijd,hbo,ba,EER,realisatie,0.0,0.0,0.0,0.0,0.0,0.0,0.0,0.0,Zuid-Holland
6667,30VP00,30VP,Hogeschool Thomas More,Rotterdam,2024,deeltijd,hbo,ba,EER,realisatie,0.0,0.0,0.0,0.0,0.0,0.0,0.0,0.0,Zuid-Holland
6668,30VP00,30VP,Hogeschool Thomas More,Rotterdam,2017,deeltijd,hbo,ba,NL,realisatie,122.0,52.0,0.0,0.0,118.0,16.0,17.0,89.0,Zuid-Holland
6669,30VP00,30VP,Hogeschool Thomas More,Rotterdam,2018,deeltijd,hbo,ba,NL,realisatie,116.0,47.0,0.0,0.0,114.0,14.0,15.0,87.0,Zuid-Holland
6670,30VP00,30VP,Hogeschool Thomas More,Rotterdam,2019,deeltijd,hbo,ba,NL,realisatie,122.0,56.0,0.0,0.0,117.0,19.0,16.0,87.0,Zuid-Holland
6671,30VP00,30VP,Hogeschool Thomas More,Rotterdam,2020,deeltijd,hbo,ba,NL,realisatie,220.0,149.0,45.0,11.0,164.0,71.0,27.0,122.0,Zuid-Holland
6672,30VP00,30VP,Hogeschool Thomas More,Rotterdam,2021,deeltijd,hbo,ba,NL,realisatie,264.0,115.0,34.0,44.0,186.0,46.0,66.0,152.0,Zuid-Holland
6673,30VP00,30VP,Hogeschool Thomas More,Rotterdam,2022,deeltijd,hbo,ba,NL,realisatie,312.0,127.0,47.0,36.0,229.0,55.0,50.0,207.0,Zuid-Holland
6674,30VP00,30VP,Hogeschool Thomas More,Rotterdam,2023,deeltijd,hbo,ba,NL,realisatie,360.0,163.0,58.0,66.0,236.0,76.0,71.0,213.0,Zuid-Holland
6675,30VP00,30VP,Hogeschool Thomas More,Rotterdam,2024,deeltijd,hbo,ba,NL,realisatie,410.0,162.0,63.0,69.0,278.0,73.0,87.0,250.0,Zuid-Holland
6676,30VP00,30VP,Hogeschool Thomas More,Rotterdam,2017,deeltijd,hbo,ba,niet-EER,realisatie,0.0,0.0,0.0,0.0,0.0,0.0,0.0,0.0,Zuid-Holland
6677,30VP00,30VP,Hogeschool Thomas More,Rotterdam,2018,deeltijd,hbo,ba,niet-EER,realisatie,0.0,0.0,0.0,0.0,0.0,0.0,0.0,0.0,Zuid-Holland
6678,30VP00,30VP,Hogeschool Thomas More,Rotterdam,2022,deeltijd,hbo,ba,niet-EER,realisatie,0.0,0.0,0.0,0.0,0.0,0.0,0.0,0.0,Zuid-Holland
6679,30VP00,30VP,Hogeschool Thomas More,Rotterdam,2023,deeltijd,hbo,ba,niet-EER,realisatie,0.0,0.0,0.0,0.0,0.0,0.0,0.0,0.0,Zuid-Holland
6680,30VP00,30VP,Hogeschool Thomas More,Rotterdam,2024,deeltijd,hbo,ba,niet-EER,realisatie,0.0,0.0,0.0,0.0,0.0,0.0,0.0,0.0,Zuid-Holland
6681,30VP00,30VP,Hogeschool Thomas More,Rotterdam,2017,voltijd,hbo,ba,EER,realisatie,0.0,0.0,0.0,0.0,0.0,0.0,0.0,0.0,Zuid-Holland
6682,30VP00,30VP,Hogeschool Thomas More,Rotterdam,2018,voltijd,hbo,ba,EER,realisatie,0.0,0.0,0.0,0.0,0.0,0.0,0.0,0.0,Zuid-Holland
6683,30VP00,30VP,Hogeschool Thomas More,Rotterdam,2019,voltijd,hbo,ba,EER,realisatie,0.0,0.0,0.0,0.0,0.0,0.0,0.0,0.0,Zuid-Holland
6684,30VP00,30VP,Hogeschool Thomas More,Rotterdam,2020,voltijd,hbo,ba,EER,realisatie,0.0,0.0,0.0,0.0,0.0,0.0,0.0,0.0,Zuid-Holland
6685,30VP00,30VP,Hogeschool Thomas More,Rotterdam,2024,voltijd,hbo,ba,EER,realisatie,0.0,0.0,0.0,0.0,0.0,0.0,0.0,0.0,Zuid-Holland
6686,30VP00,30VP,Hogeschool Thomas More,Rotterdam,2017,voltijd,hbo,ba,NL,realisatie,537.0,143.0,131.0,124.0,282.0,139.0,122.0,276.0,Zuid-Holland
6687,30VP00,30VP,Hogeschool Thomas More,Rotterdam,2018,voltijd,hbo,ba,NL,realisatie,502.0,136.0,123.0,107.0,272.0,126.0,111.0,265.0,Zuid-Holland
6688,30VP00,30VP,Hogeschool Thomas More,Rotterdam,2019,voltijd,hbo,ba,NL,realisatie,505.0,132.0,113.0,108.0,284.0,118.0,109.0,278.0,Zuid-Holland
6689,30VP00,30VP,Hogeschool Thomas More,Rotterdam,2020,voltijd,hbo,ba,NL,realisatie,610.0,213.0,202.0,108.0,300.0,203.0,112.0,295.0,Zuid-Holland
6690,30VP00,30VP,Hogeschool Thomas More,Rotterdam,2021,voltijd,hbo,ba,NL,realisatie,550.0,130.0,128.0,157.0,265.0,129.0,157.0,264.0,Zuid-Holland
6691,30VP00,30VP,Hogeschool Thomas More,Rotterdam,2022,voltijd,hbo,ba,NL,realisatie,621.0,181.0,169.0,121.0,331.0,173.0,119.0,329.0,Zuid-Holland
6692,30VP00,30VP,Hogeschool Thomas More,Rotterdam,2023,voltijd,hbo,ba,NL,realisatie,627.0,161.0,152.0,125.0,350.0,155.0,127.0,345.0,Zuid-Holland
6693,30VP00,30VP,Hogeschool Thomas More,Rotterdam,2024,voltijd,hbo,ba,NL,realisatie,639.0,194.0,183.0,121.0,335.0,187.0,123.0,329.0,Zuid-Holland
6694,31FR00,31FR,NHL Stenden Hogeschool,Leeuwarden,2020,deeltijd,hbo,ad,EER,realisatie,0.0,0.0,0.0,0.0,0.0,0.0,0.0,0.0,Friesland
6695,31FR00,31FR,NHL Stenden Hogeschool,Leeuwarden,2021,deeltijd,hbo,ad,EER,realisatie,0.0,0.0,0.0,0.0,0.0,0.0,0.0,0.0,Friesland
6696,31FR00,31FR,NHL Stenden Hogeschool,Leeuwarden,2022,deeltijd,hbo,ad,EER,realisatie,0.0,0.0,0.0,0.0,0.0,0.0,0.0,0.0,Friesland
6697,31FR00,31FR,NHL Stenden Hogeschool,Leeuwarden,2023,deeltijd,hbo,ad,EER,realisatie,0.0,0.0,0.0,0.0,0.0,0.0,0.0,0.0,Friesland
6698,31FR00,31FR,NHL Stenden Hogeschool,Leeuwarden,2024,deeltijd,hbo,ad,EER,realisatie,0.0,0.0,0.0,0.0,0.0,0.0,0.0,0.0,Friesland
6699,31FR00,31FR,NHL Stenden Hogeschool,Leeuwarden,2017,deeltijd,hbo,ad,NL,realisatie,74.0,45.0,24.0,13.0,37.0,40.0,15.0,19.0,Friesland
6700,31FR00,31FR,NHL Stenden Hogeschool,Leeuwarden,2018,deeltijd,hbo,ad,NL,realisatie,87.0,49.0,34.0,21.0,32.0,48.0,22.0,17.0,Friesland
6701,31FR00,31FR,NHL Stenden Hogeschool,Leeuwarden,2019,deeltijd,hbo,ad,NL,realisatie,107.0,62.0,41.0,22.0,44.0,58.0,26.0,23.0,Friesland
6702,31FR00,31FR,NHL Stenden Hogeschool,Leeuwarden,2020,deeltijd,hbo,ad,NL,realisatie,148.0,89.0,54.0,36.0,58.0,81.0,38.0,29.0,Friesland
6703,31FR00,31FR,NHL Stenden Hogeschool,Leeuwarden,2021,deeltijd,hbo,ad,NL,realisatie,221.0,131.0,77.0,54.0,90.0,124.0,55.0,42.0,Friesland
6704,31FR00,31FR,NHL Stenden Hogeschool,Leeuwarden,2022,deeltijd,hbo,ad,NL,realisatie,242.0,132.0,76.0,64.0,102.0,123.0,76.0,43.0,Friesland
6705,31FR00,31FR,NHL Stenden Hogeschool,Leeuwarden,2023,deeltijd,hbo,ad,NL,realisatie,285.0,152.0,84.0,87.0,114.0,146.0,88.0,51.0,Friesland
6706,31FR00,31FR,NHL Stenden Hogeschool,Leeuwarden,2024,deeltijd,hbo,ad,NL,realisatie,311.0,158.0,83.0,74.0,154.0,149.0,104.0,58.0,Friesland
6707,31FR00,31FR,NHL Stenden Hogeschool,Leeuwarden,2017,deeltijd,hbo,ad,niet-EER,realisatie,0.0,0.0,0.0,0.0,0.0,0.0,0.0,0.0,Friesland
6708,31FR00,31FR,NHL Stenden Hogeschool,Leeuwarden,2024,deeltijd,hbo,ad,niet-EER,realisatie,0.0,0.0,0.0,0.0,0.0,0.0,0.0,0.0,Friesland
6709,31FR00,31FR,NHL Stenden Hogeschool,Leeuwarden,2017,deeltijd,hbo,ba,EER,realisatie,19.0,0.0,0.0,0.0,11.0,0.0,0.0,11.0,Friesland
6710,31FR00,31FR,NHL Stenden Hogeschool,Leeuwarden,2018,deeltijd,hbo,ba,EER,realisatie,29.0,12.0,7.0,6.0,16.0,9.0,0.0,15.0,Friesland
6711,31FR00,31FR,NHL Stenden Hogeschool,Leeuwarden,2019,deeltijd,hbo,ba,EER,realisatie,29.0,9.0,0.0,6.0,18.0,0.0,8.0,16.0,Friesland
6712,31FR00,31FR,NHL Stenden Hogeschool,Leeuwarden,2020,deeltijd,hbo,ba,EER,realisatie,29.0,8.0,0.0,0.0,20.0,0.0,0.0,20.0,Friesland
6713,31FR00,31FR,NHL Stenden Hogeschool,Leeuwarden,2021,deeltijd,hbo,ba,EER,realisatie,29.0,6.0,0.0,7.0,21.0,0.0,7.0,20.0,Friesland
6714,31FR00,31FR,NHL Stenden Hogeschool,Leeuwarden,2022,deeltijd,hbo,ba,EER,realisatie,29.0,0.0,0.0,0.0,28.0,0.0,0.0,27.0,Friesland
6715,31FR00,31FR,NHL Stenden Hogeschool,Leeuwarden,2023,deeltijd,hbo,ba,EER,realisatie,25.0,0.0,0.0,0.0,20.0,0.0,0.0,20.0,Friesland
6716,31FR00,31FR,NHL Stenden Hogeschool,Leeuwarden,2024,deeltijd,hbo,ba,EER,realisatie,29.0,10.0,0.0,0.0,22.0,0.0,0.0,21.0,Friesland
6717,31FR00,31FR,NHL Stenden Hogeschool,Leeuwarden,2017,deeltijd,hbo,ba,NL,realisatie,1825.0,613.0,239.0,170.0,1416.0,268.0,207.0,1350.0,Friesland
6718,31FR00,31FR,NHL Stenden Hogeschool,Leeuwarden,2018,deeltijd,hbo,ba,NL,realisatie,1885.0,620.0,252.0,229.0,1404.0,284.0,259.0,1342.0,Friesland
6719,31FR00,31FR,NHL Stenden Hogeschool,Leeuwarden,2019,deeltijd,hbo,ba,NL,realisatie,1966.0,640.0,244.0,240.0,1482.0,274.0,271.0,1421.0,Friesland
6720,31FR00,31FR,NHL Stenden Hogeschool,Leeuwarden,2020,deeltijd,hbo,ba,NL,realisatie,2050.0,680.0,275.0,267.0,1508.0,309.0,278.0,1463.0,Friesland
6721,31FR00,31FR,NHL Stenden Hogeschool,Leeuwarden,2021,deeltijd,hbo,ba,NL,realisatie,2208.0,735.0,307.0,284.0,1617.0,338.0,314.0,1556.0,Friesland
6722,31FR00,31FR,NHL Stenden Hogeschool,Leeuwarden,2022,deeltijd,hbo,ba,NL,realisatie,2117.0,595.0,258.0,276.0,1583.0,290.0,301.0,1526.0,Friesland
6723,31FR00,31FR,NHL Stenden Hogeschool,Leeuwarden,2023,deeltijd,hbo,ba,NL,realisatie,2019.0,542.0,229.0,243.0,1547.0,256.0,279.0,1484.0,Friesland
6724,31FR00,31FR,NHL Stenden Hogeschool,Leeuwarden,2024,deeltijd,hbo,ba,NL,realisatie,1989.0,573.0,227.0,242.0,1520.0,260.0,269.0,1460.0,Friesland
6725,31FR00,31FR,NHL Stenden Hogeschool,Leeuwarden,2017,deeltijd,hbo,ba,niet-EER,realisatie,0.0,0.0,0.0,0.0,0.0,0.0,0.0,0.0,Friesland
6726,31FR00,31FR,NHL Stenden Hogeschool,Leeuwarden,2018,deeltijd,hbo,ba,niet-EER,realisatie,6.0,0.0,0.0,0.0,0.0,0.0,0.0,0.0,Friesland
6727,31FR00,31FR,NHL Stenden Hogeschool,Leeuwarden,2019,deeltijd,hbo,ba,niet-EER,realisatie,7.0,0.0,0.0,0.0,0.0,0.0,0.0,0.0,Friesland
6728,31FR00,31FR,NHL Stenden Hogeschool,Leeuwarden,2020,deeltijd,hbo,ba,niet-EER,realisatie,6.0,0.0,0.0,0.0,6.0,0.0,0.0,6.0,Friesland
6729,31FR00,31FR,NHL Stenden Hogeschool,Leeuwarden,2021,deeltijd,hbo,ba,niet-EER,realisatie,8.0,0.0,0.0,0.0,6.0,0.0,0.0,6.0,Friesland
6730,31FR00,31FR,NHL Stenden Hogeschool,Leeuwarden,2022,deeltijd,hbo,ba,niet-EER,realisatie,0.0,0.0,0.0,0.0,0.0,0.0,0.0,0.0,Friesland
6731,31FR00,31FR,NHL Stenden Hogeschool,Leeuwarden,2023,deeltijd,hbo,ba,niet-EER,realisatie,0.0,0.0,0.0,0.0,0.0,0.0,0.0,0.0,Friesland
6732,31FR00,31FR,NHL Stenden Hogeschool,Leeuwarden,2024,deeltijd,hbo,ba,niet-EER,realisatie,7.0,0.0,0.0,0.0,0.0,0.0,0.0,0.0,Friesland
6733,31FR00,31FR,NHL Stenden Hogeschool,Leeuwarden,2017,deeltijd,hbo,ma,EER,realisatie,0.0,0.0,0.0,0.0,0.0,0.0,0.0,0.0,Friesland
6734,31FR00,31FR,NHL Stenden Hogeschool,Leeuwarden,2018,deeltijd,hbo,ma,EER,realisatie,0.0,0.0,0.0,0.0,0.0,0.0,0.0,0.0,Friesland
6735,31FR00,31FR,NHL Stenden Hogeschool,Leeuwarden,2019,deeltijd,hbo,ma,EER,realisatie,0.0,0.0,0.0,0.0,0.0,0.0,0.0,0.0,Friesland
6736,31FR00,31FR,NHL Stenden Hogeschool,Leeuwarden,2020,deeltijd,hbo,ma,EER,realisatie,0.0,0.0,0.0,0.0,0.0,0.0,0.0,0.0,Friesland
6737,31FR00,31FR,NHL Stenden Hogeschool,Leeuwarden,2021,deeltijd,hbo,ma,EER,realisatie,0.0,0.0,0.0,0.0,0.0,0.0,0.0,0.0,Friesland
6738,31FR00,31FR,NHL Stenden Hogeschool,Leeuwarden,2022,deeltijd,hbo,ma,EER,realisatie,0.0,0.0,0.0,0.0,0.0,0.0,0.0,0.0,Friesland
6739,31FR00,31FR,NHL Stenden Hogeschool,Leeuwarden,2023,deeltijd,hbo,ma,EER,realisatie,6.0,6.0,0.0,0.0,0.0,6.0,0.0,0.0,Friesland
6740,31FR00,31FR,NHL Stenden Hogeschool,Leeuwarden,2024,deeltijd,hbo,ma,EER,realisatie,21.0,16.0,9.0,0.0,10.0,16.0,0.0,0.0,Friesland
6741,31FR00,31FR,NHL Stenden Hogeschool,Leeuwarden,2017,deeltijd,hbo,ma,NL,realisatie,101.0,43.0,0.0,0.0,93.0,40.0,32.0,29.0,Friesland
6742,31FR00,31FR,NHL Stenden Hogeschool,Leeuwarden,2018,deeltijd,hbo,ma,NL,realisatie,127.0,66.0,0.0,0.0,121.0,60.0,36.0,31.0,Friesland
6743,31FR00,31FR,NHL Stenden Hogeschool,Leeuwarden,2019,deeltijd,hbo,ma,NL,realisatie,151.0,71.0,0.0,0.0,147.0,58.0,57.0,36.0,Friesland
6744,31FR00,31FR,NHL Stenden Hogeschool,Leeuwarden,2020,deeltijd,hbo,ma,NL,realisatie,190.0,105.0,0.0,0.0,183.0,98.0,56.0,36.0,Friesland
6745,31FR00,31FR,NHL Stenden Hogeschool,Leeuwarden,2021,deeltijd,hbo,ma,NL,realisatie,210.0,108.0,0.0,0.0,205.0,97.0,88.0,25.0,Friesland
6746,31FR00,31FR,NHL Stenden Hogeschool,Leeuwarden,2022,deeltijd,hbo,ma,NL,realisatie,207.0,97.0,0.0,0.0,199.0,88.0,85.0,34.0,Friesland
6747,31FR00,31FR,NHL Stenden Hogeschool,Leeuwarden,2023,deeltijd,hbo,ma,NL,realisatie,187.0,88.0,8.0,6.0,173.0,79.0,69.0,39.0,Friesland
6748,31FR00,31FR,NHL Stenden Hogeschool,Leeuwarden,2024,deeltijd,hbo,ma,NL,realisatie,177.0,70.0,0.0,9.0,166.0,60.0,77.0,40.0,Friesland
6749,31FR00,31FR,NHL Stenden Hogeschool,Leeuwarden,2020,deeltijd,hbo,ma,niet-EER,realisatie,0.0,0.0,0.0,0.0,0.0,0.0,0.0,0.0,Friesland
6750,31FR00,31FR,NHL Stenden Hogeschool,Leeuwarden,2023,deeltijd,hbo,ma,niet-EER,realisatie,0.0,0.0,0.0,0.0,0.0,0.0,0.0,0.0,Friesland
6751,31FR00,31FR,NHL Stenden Hogeschool,Leeuwarden,2024,deeltijd,hbo,ma,niet-EER,realisatie,7.0,6.0,0.0,0.0,0.0,0.0,0.0,0.0,Friesland
6752,31FR00,31FR,NHL Stenden Hogeschool,Leeuwarden,2017,voltijd,hbo,ad,EER,realisatie,0.0,0.0,0.0,0.0,0.0,0.0,0.0,0.0,Friesland
6753,31FR00,31FR,NHL Stenden Hogeschool,Leeuwarden,2018,voltijd,hbo,ad,EER,realisatie,0.0,0.0,0.0,0.0,0.0,0.0,0.0,0.0,Friesland
6754,31FR00,31FR,NHL Stenden Hogeschool,Leeuwarden,2019,voltijd,hbo,ad,EER,realisatie,0.0,0.0,0.0,0.0,0.0,0.0,0.0,0.0,Friesland
6755,31FR00,31FR,NHL Stenden Hogeschool,Leeuwarden,2020,voltijd,hbo,ad,EER,realisatie,7.0,0.0,0.0,0.0,0.0,0.0,0.0,0.0,Friesland
6756,31FR00,31FR,NHL Stenden Hogeschool,Leeuwarden,2021,voltijd,hbo,ad,EER,realisatie,9.0,7.0,6.0,0.0,0.0,7.0,0.0,0.0,Friesland
6757,31FR00,31FR,NHL Stenden Hogeschool,Leeuwarden,2022,voltijd,hbo,ad,EER,realisatie,8.0,0.0,0.0,0.0,0.0,0.0,0.0,0.0,Friesland
6758,31FR00,31FR,NHL Stenden Hogeschool,Leeuwarden,2023,voltijd,hbo,ad,EER,realisatie,13.0,10.0,0.0,0.0,7.0,10.0,0.0,0.0,Friesland
6759,31FR00,31FR,NHL Stenden Hogeschool,Leeuwarden,2024,voltijd,hbo,ad,EER,realisatie,14.0,0.0,0.0,0.0,6.0,0.0,8.0,0.0,Friesland
6760,31FR00,31FR,NHL Stenden Hogeschool,Leeuwarden,2017,voltijd,hbo,ad,NL,realisatie,563.0,311.0,173.0,153.0,237.0,300.0,160.0,103.0,Friesland
6761,31FR00,31FR,NHL Stenden Hogeschool,Leeuwarden,2018,voltijd,hbo,ad,NL,realisatie,571.0,288.0,156.0,166.0,249.0,280.0,183.0,108.0,Friesland
6762,31FR00,31FR,NHL Stenden Hogeschool,Leeuwarden,2019,voltijd,hbo,ad,NL,realisatie,698.0,414.0,214.0,191.0,293.0,385.0,184.0,129.0,Friesland
6763,31FR00,31FR,NHL Stenden Hogeschool,Leeuwarden,2020,voltijd,hbo,ad,NL,realisatie,930.0,507.0,284.0,240.0,406.0,482.0,285.0,163.0,Friesland
6764,31FR00,31FR,NHL Stenden Hogeschool,Leeuwarden,2021,voltijd,hbo,ad,NL,realisatie,1040.0,504.0,284.0,315.0,441.0,486.0,363.0,191.0,Friesland
6765,31FR00,31FR,NHL Stenden Hogeschool,Leeuwarden,2022,voltijd,hbo,ad,NL,realisatie,1033.0,442.0,228.0,282.0,523.0,429.0,341.0,263.0,Friesland
6766,31FR00,31FR,NHL Stenden Hogeschool,Leeuwarden,2023,voltijd,hbo,ad,NL,realisatie,1072.0,561.0,275.0,265.0,532.0,531.0,309.0,232.0,Friesland
6767,31FR00,31FR,NHL Stenden Hogeschool,Leeuwarden,2024,voltijd,hbo,ad,NL,realisatie,1220.0,592.0,282.0,320.0,618.0,566.0,431.0,223.0,Friesland
6768,31FR00,31FR,NHL Stenden Hogeschool,Leeuwarden,2017,voltijd,hbo,ad,niet-EER,realisatie,0.0,0.0,0.0,0.0,0.0,0.0,0.0,0.0,Friesland
6769,31FR00,31FR,NHL Stenden Hogeschool,Leeuwarden,2018,voltijd,hbo,ad,niet-EER,realisatie,0.0,0.0,0.0,0.0,0.0,0.0,0.0,0.0,Friesland
6770,31FR00,31FR,NHL Stenden Hogeschool,Leeuwarden,2019,voltijd,hbo,ad,niet-EER,realisatie,6.0,6.0,0.0,0.0,0.0,6.0,0.0,0.0,Friesland
6771,31FR00,31FR,NHL Stenden Hogeschool,Leeuwarden,2020,voltijd,hbo,ad,niet-EER,realisatie,0.0,0.0,0.0,0.0,0.0,0.0,0.0,0.0,Friesland
6772,31FR00,31FR,NHL Stenden Hogeschool,Leeuwarden,2021,voltijd,hbo,ad,niet-EER,realisatie,8.0,0.0,0.0,0.0,0.0,0.0,0.0,0.0,Friesland
6773,31FR00,31FR,NHL Stenden Hogeschool,Leeuwarden,2022,voltijd,hbo,ad,niet-EER,realisatie,25.0,21.0,20.0,0.0,0.0,21.0,0.0,0.0,Friesland
6774,31FR00,31FR,NHL Stenden Hogeschool,Leeuwarden,2023,voltijd,hbo,ad,niet-EER,realisatie,16.0,6.0,0.0,11.0,0.0,6.0,8.0,0.0,Friesland
6775,31FR00,31FR,NHL Stenden Hogeschool,Leeuwarden,2024,voltijd,hbo,ad,niet-EER,realisatie,13.0,0.0,0.0,0.0,7.0,0.0,0.0,7.0,Friesland
6776,31FR00,31FR,NHL Stenden Hogeschool,Leeuwarden,2017,voltijd,hbo,ba,EER,realisatie,1405.0,378.0,347.0,288.0,770.0,349.0,290.0,766.0,Friesland
6777,31FR00,31FR,NHL Stenden Hogeschool,Leeuwarden,2018,voltijd,hbo,ba,EER,realisatie,1382.0,381.0,361.0,298.0,723.0,363.0,300.0,719.0,Friesland
6778,31FR00,31FR,NHL Stenden Hogeschool,Leeuwarden,2019,voltijd,hbo,ba,EER,realisatie,1477.0,477.0,457.0,321.0,699.0,461.0,319.0,697.0,Friesland
6779,31FR00,31FR,NHL Stenden Hogeschool,Leeuwarden,2020,voltijd,hbo,ba,EER,realisatie,1530.0,435.0,414.0,392.0,724.0,416.0,393.0,721.0,Friesland
6780,31FR00,31FR,NHL Stenden Hogeschool,Leeuwarden,2021,voltijd,hbo,ba,EER,realisatie,1551.0,351.0,332.0,377.0,842.0,336.0,377.0,838.0,Friesland
6781,31FR00,31FR,NHL Stenden Hogeschool,Leeuwarden,2022,voltijd,hbo,ba,EER,realisatie,1635.0,439.0,424.0,282.0,929.0,429.0,283.0,923.0,Friesland
6782,31FR00,31FR,NHL Stenden Hogeschool,Leeuwarden,2023,voltijd,hbo,ba,EER,realisatie,1715.0,531.0,511.0,364.0,840.0,516.0,366.0,833.0,Friesland
6783,31FR00,31FR,NHL Stenden Hogeschool,Leeuwarden,2024,voltijd,hbo,ba,EER,realisatie,1838.0,522.0,496.0,450.0,892.0,500.0,450.0,888.0,Friesland
6784,31FR00,31FR,NHL Stenden Hogeschool,Leeuwarden,2017,voltijd,hbo,ba,NL,realisatie,14594.0,3156.0,2558.0,2397.0,9639.0,2697.0,2494.0,9403.0,Friesland
6785,31FR00,31FR,NHL Stenden Hogeschool,Leeuwarden,2018,voltijd,hbo,ba,NL,realisatie,14385.0,3387.0,2786.0,2390.0,9209.0,2917.0,2495.0,8973.0,Friesland
6786,31FR00,31FR,NHL Stenden Hogeschool,Leeuwarden,2019,voltijd,hbo,ba,NL,realisatie,14326.0,3503.0,2900.0,2633.0,8793.0,3047.0,2714.0,8565.0,Friesland
6787,31FR00,31FR,NHL Stenden Hogeschool,Leeuwarden,2020,voltijd,hbo,ba,NL,realisatie,14837.0,3846.0,3283.0,2798.0,8756.0,3395.0,2899.0,8543.0,Friesland
6788,31FR00,31FR,NHL Stenden Hogeschool,Leeuwarden,2021,voltijd,hbo,ba,NL,realisatie,14410.0,3053.0,2557.0,2961.0,8892.0,2715.0,3036.0,8659.0,Friesland
6789,31FR00,31FR,NHL Stenden Hogeschool,Leeuwarden,2022,voltijd,hbo,ba,NL,realisatie,13756.0,2848.0,2372.0,2274.0,9110.0,2519.0,2400.0,8837.0,Friesland
6790,31FR00,31FR,NHL Stenden Hogeschool,Leeuwarden,2023,voltijd,hbo,ba,NL,realisatie,13121.0,2905.0,2340.0,2240.0,8541.0,2504.0,2345.0,8272.0,Friesland
6791,31FR00,31FR,NHL Stenden Hogeschool,Leeuwarden,2024,voltijd,hbo,ba,NL,realisatie,12367.0,2757.0,2225.0,2192.0,7950.0,2382.0,2293.0,7692.0,Friesland
6792,31FR00,31FR,NHL Stenden Hogeschool,Leeuwarden,2017,voltijd,hbo,ba,niet-EER,realisatie,441.0,179.0,134.0,112.0,195.0,134.0,112.0,195.0,Friesland
6793,31FR00,31FR,NHL Stenden Hogeschool,Leeuwarden,2018,voltijd,hbo,ba,niet-EER,realisatie,370.0,126.0,117.0,79.0,174.0,118.0,78.0,174.0,Friesland
6794,31FR00,31FR,NHL Stenden Hogeschool,Leeuwarden,2019,voltijd,hbo,ba,niet-EER,realisatie,401.0,143.0,129.0,101.0,171.0,130.0,101.0,170.0,Friesland
6795,31FR00,31FR,NHL Stenden Hogeschool,Leeuwarden,2020,voltijd,hbo,ba,niet-EER,realisatie,381.0,92.0,79.0,102.0,200.0,82.0,102.0,197.0,Friesland
6796,31FR00,31FR,NHL Stenden Hogeschool,Leeuwarden,2021,voltijd,hbo,ba,niet-EER,realisatie,375.0,90.0,78.0,75.0,222.0,79.0,78.0,218.0,Friesland
6797,31FR00,31FR,NHL Stenden Hogeschool,Leeuwarden,2022,voltijd,hbo,ba,niet-EER,realisatie,363.0,111.0,102.0,64.0,197.0,103.0,64.0,196.0,Friesland
6798,31FR00,31FR,NHL Stenden Hogeschool,Leeuwarden,2023,voltijd,hbo,ba,niet-EER,realisatie,383.0,125.0,116.0,80.0,187.0,118.0,81.0,184.0,Friesland
6799,31FR00,31FR,NHL Stenden Hogeschool,Leeuwarden,2024,voltijd,hbo,ba,niet-EER,realisatie,396.0,112.0,107.0,99.0,190.0,110.0,98.0,188.0,Friesland
6800,31FR00,31FR,NHL Stenden Hogeschool,Leeuwarden,2017,voltijd,hbo,ma,EER,realisatie,8.0,8.0,0.0,0.0,0.0,8.0,0.0,0.0,Friesland
6801,31FR00,31FR,NHL Stenden Hogeschool,Leeuwarden,2018,voltijd,hbo,ma,EER,realisatie,29.0,23.0,11.0,0.0,15.0,23.0,6.0,0.0,Friesland
6802,31FR00,31FR,NHL Stenden Hogeschool,Leeuwarden,2019,voltijd,hbo,ma,EER,realisatie,56.0,39.0,30.0,11.0,15.0,39.0,17.0,0.0,Friesland
6803,31FR00,31FR,NHL Stenden Hogeschool,Leeuwarden,2020,voltijd,hbo,ma,EER,realisatie,67.0,57.0,41.0,0.0,21.0,57.0,10.0,0.0,Friesland
6804,31FR00,31FR,NHL Stenden Hogeschool,Leeuwarden,2021,voltijd,hbo,ma,EER,realisatie,72.0,49.0,37.0,14.0,21.0,49.0,18.0,0.0,Friesland
6805,31FR00,31FR,NHL Stenden Hogeschool,Leeuwarden,2022,voltijd,hbo,ma,EER,realisatie,70.0,47.0,42.0,9.0,19.0,47.0,13.0,10.0,Friesland
6806,31FR00,31FR,NHL Stenden Hogeschool,Leeuwarden,2023,voltijd,hbo,ma,EER,realisatie,73.0,56.0,37.0,8.0,28.0,54.0,11.0,8.0,Friesland
6807,31FR00,31FR,NHL Stenden Hogeschool,Leeuwarden,2024,voltijd,hbo,ma,EER,realisatie,70.0,62.0,41.0,0.0,25.0,62.0,0.0,0.0,Friesland
6808,31FR00,31FR,NHL Stenden Hogeschool,Leeuwarden,2017,voltijd,hbo,ma,NL,realisatie,14.0,14.0,0.0,0.0,13.0,14.0,0.0,0.0,Friesland
6809,31FR00,31FR,NHL Stenden Hogeschool,Leeuwarden,2018,voltijd,hbo,ma,NL,realisatie,40.0,34.0,0.0,0.0,38.0,34.0,6.0,0.0,Friesland
6810,31FR00,31FR,NHL Stenden Hogeschool,Leeuwarden,2019,voltijd,hbo,ma,NL,realisatie,88.0,68.0,0.0,0.0,81.0,68.0,19.0,0.0,Friesland
6811,31FR00,31FR,NHL Stenden Hogeschool,Leeuwarden,2020,voltijd,hbo,ma,NL,realisatie,123.0,95.0,0.0,0.0,120.0,94.0,25.0,0.0,Friesland
6812,31FR00,31FR,NHL Stenden Hogeschool,Leeuwarden,2021,voltijd,hbo,ma,NL,realisatie,156.0,108.0,0.0,0.0,150.0,107.0,42.0,7.0,Friesland
6813,31FR00,31FR,NHL Stenden Hogeschool,Leeuwarden,2022,voltijd,hbo,ma,NL,realisatie,129.0,69.0,0.0,0.0,127.0,68.0,44.0,17.0,Friesland
6814,31FR00,31FR,NHL Stenden Hogeschool,Leeuwarden,2023,voltijd,hbo,ma,NL,realisatie,96.0,67.0,0.0,0.0,94.0,66.0,9.0,21.0,Friesland
6815,31FR00,31FR,NHL Stenden Hogeschool,Leeuwarden,2024,voltijd,hbo,ma,NL,realisatie,113.0,92.0,0.0,0.0,110.0,92.0,11.0,10.0,Friesland
6816,31FR00,31FR,NHL Stenden Hogeschool,Leeuwarden,2017,voltijd,hbo,ma,niet-EER,realisatie,31.0,31.0,27.0,0.0,0.0,31.0,0.0,0.0,Friesland
6817,31FR00,31FR,NHL Stenden Hogeschool,Leeuwarden,2018,voltijd,hbo,ma,niet-EER,realisatie,29.0,14.0,13.0,13.0,0.0,14.0,15.0,0.0,Friesland
6818,31FR00,31FR,NHL Stenden Hogeschool,Leeuwarden,2019,voltijd,hbo,ma,niet-EER,realisatie,40.0,25.0,21.0,14.0,0.0,25.0,14.0,0.0,Friesland
6819,31FR00,31FR,NHL Stenden Hogeschool,Leeuwarden,2020,voltijd,hbo,ma,niet-EER,realisatie,24.0,17.0,15.0,7.0,0.0,17.0,7.0,0.0,Friesland
6820,31FR00,31FR,NHL Stenden Hogeschool,Leeuwarden,2021,voltijd,hbo,ma,niet-EER,realisatie,25.0,17.0,12.0,7.0,6.0,17.0,6.0,0.0,Friesland
6821,31FR00,31FR,NHL Stenden Hogeschool,Leeuwarden,2022,voltijd,hbo,ma,niet-EER,realisatie,50.0,42.0,36.0,6.0,8.0,42.0,7.0,0.0,Friesland
6822,31FR00,31FR,NHL Stenden Hogeschool,Leeuwarden,2023,voltijd,hbo,ma,niet-EER,realisatie,36.0,25.0,22.0,9.0,0.0,24.0,10.0,0.0,Friesland
6823,31FR00,31FR,NHL Stenden Hogeschool,Leeuwarden,2024,voltijd,hbo,ma,niet-EER,realisatie,56.0,52.0,47.0,0.0,0.0,51.0,0.0,0.0,Friesland
6824,31FR01,31FR,NHL Stenden Hogeschool,Emmen,2023,deeltijd,hbo,ad,EER,realisatie,0.0,0.0,0.0,0.0,0.0,0.0,0.0,0.0,
6825,31FR01,31FR,NHL Stenden Hogeschool,Emmen,2024,deeltijd,hbo,ad,EER,realisatie,0.0,0.0,0.0,0.0,0.0,0.0,0.0,0.0,
6826,31FR01,31FR,NHL Stenden Hogeschool,Emmen,2018,deeltijd,hbo,ad,NL,realisatie,7.0,7.0,0.0,0.0,0.0,6.0,0.0,0.0,
6827,31FR01,31FR,NHL Stenden Hogeschool,Emmen,2019,deeltijd,hbo,ad,NL,realisatie,14.0,11.0,9.0,0.0,0.0,11.0,0.0,0.0,
6828,31FR01,31FR,NHL Stenden Hogeschool,Emmen,2020,deeltijd,hbo,ad,NL,realisatie,17.0,10.0,9.0,6.0,0.0,10.0,0.0,0.0,
6829,31FR01,31FR,NHL Stenden Hogeschool,Emmen,2021,deeltijd,hbo,ad,NL,realisatie,28.0,17.0,14.0,9.0,0.0,17.0,8.0,0.0,
6830,31FR01,31FR,NHL Stenden Hogeschool,Emmen,2022,deeltijd,hbo,ad,NL,realisatie,34.0,20.0,12.0,10.0,12.0,18.0,11.0,0.0,
6831,31FR01,31FR,NHL Stenden Hogeschool,Emmen,2023,deeltijd,hbo,ad,NL,realisatie,41.0,19.0,13.0,11.0,17.0,19.0,14.0,8.0,
6832,31FR01,31FR,NHL Stenden Hogeschool,Emmen,2024,deeltijd,hbo,ad,NL,realisatie,42.0,24.0,15.0,12.0,15.0,20.0,12.0,10.0,
6833,31FR01,31FR,NHL Stenden Hogeschool,Emmen,2017,voltijd,hbo,ad,EER,realisatie,0.0,0.0,0.0,0.0,0.0,0.0,0.0,0.0,
6834,31FR01,31FR,NHL Stenden Hogeschool,Emmen,2018,voltijd,hbo,ad,EER,realisatie,0.0,0.0,0.0,0.0,0.0,0.0,0.0,0.0,
6835,31FR01,31FR,NHL Stenden Hogeschool,Emmen,2019,voltijd,hbo,ad,EER,realisatie,0.0,0.0,0.0,0.0,0.0,0.0,0.0,0.0,
6836,31FR01,31FR,NHL Stenden Hogeschool,Emmen,2020,voltijd,hbo,ad,EER,realisatie,0.0,0.0,0.0,0.0,0.0,0.0,0.0,0.0,
6837,31FR01,31FR,NHL Stenden Hogeschool,Emmen,2021,voltijd,hbo,ad,EER,realisatie,0.0,0.0,0.0,0.0,0.0,0.0,0.0,0.0,
6838,31FR01,31FR,NHL Stenden Hogeschool,Emmen,2022,voltijd,hbo,ad,EER,realisatie,0.0,0.0,0.0,0.0,0.0,0.0,0.0,0.0,
6839,31FR01,31FR,NHL Stenden Hogeschool,Emmen,2024,voltijd,hbo,ad,EER,realisatie,0.0,0.0,0.0,0.0,0.0,0.0,0.0,0.0,
6840,31FR01,31FR,NHL Stenden Hogeschool,Emmen,2017,voltijd,hbo,ad,NL,realisatie,326.0,177.0,125.0,91.0,110.0,171.0,103.0,52.0,
6841,31FR01,31FR,NHL Stenden Hogeschool,Emmen,2018,voltijd,hbo,ad,NL,realisatie,319.0,145.0,100.0,105.0,114.0,144.0,115.0,60.0,
6842,31FR01,31FR,NHL Stenden Hogeschool,Emmen,2019,voltijd,hbo,ad,NL,realisatie,327.0,158.0,104.0,93.0,130.0,151.0,107.0,69.0,
6843,31FR01,31FR,NHL Stenden Hogeschool,Emmen,2020,voltijd,hbo,ad,NL,realisatie,362.0,170.0,119.0,102.0,141.0,167.0,112.0,83.0,
6844,31FR01,31FR,NHL Stenden Hogeschool,Emmen,2021,voltijd,hbo,ad,NL,realisatie,309.0,139.0,95.0,103.0,111.0,136.0,111.0,62.0,
6845,31FR01,31FR,NHL Stenden Hogeschool,Emmen,2022,voltijd,hbo,ad,NL,realisatie,264.0,110.0,59.0,92.0,113.0,103.0,97.0,64.0,
6846,31FR01,31FR,NHL Stenden Hogeschool,Emmen,2023,voltijd,hbo,ad,NL,realisatie,279.0,118.0,66.0,63.0,150.0,113.0,80.0,86.0,
6847,31FR01,31FR,NHL Stenden Hogeschool,Emmen,2024,voltijd,hbo,ad,NL,realisatie,307.0,151.0,99.0,74.0,134.0,143.0,90.0,74.0,
6848,31FR01,31FR,NHL Stenden Hogeschool,Emmen,2018,voltijd,hbo,ad,niet-EER,realisatie,0.0,0.0,0.0,0.0,0.0,0.0,0.0,0.0,
6849,31FR01,31FR,NHL Stenden Hogeschool,Emmen,2019,voltijd,hbo,ad,niet-EER,realisatie,0.0,0.0,0.0,0.0,0.0,0.0,0.0,0.0,
6850,31FR01,31FR,NHL Stenden Hogeschool,Emmen,2022,voltijd,hbo,ad,niet-EER,realisatie,0.0,0.0,0.0,0.0,0.0,0.0,0.0,0.0,
6851,31FR01,31FR,NHL Stenden Hogeschool,Emmen,2023,voltijd,hbo,ad,niet-EER,realisatie,0.0,0.0,0.0,0.0,0.0,0.0,0.0,0.0,
6852,31FR01,31FR,NHL Stenden Hogeschool,Emmen,2024,voltijd,hbo,ad,niet-EER,realisatie,0.0,0.0,0.0,0.0,0.0,0.0,0.0,0.0,
6853,31FR01,31FR,NHL Stenden Hogeschool,Emmen,2017,voltijd,hbo,ba,EER,realisatie,202.0,44.0,42.0,40.0,120.0,42.0,41.0,119.0,
6854,31FR01,31FR,NHL Stenden Hogeschool,Emmen,2018,voltijd,hbo,ba,EER,realisatie,191.0,62.0,59.0,33.0,99.0,59.0,33.0,99.0,
6855,31FR01,31FR,NHL Stenden Hogeschool,Emmen,2019,voltijd,hbo,ba,EER,realisatie,161.0,42.0,39.0,33.0,89.0,40.0,32.0,89.0,
6856,31FR01,31FR,NHL Stenden Hogeschool,Emmen,2020,voltijd,hbo,ba,EER,realisatie,155.0,34.0,34.0,34.0,87.0,34.0,35.0,86.0,
6857,31FR01,31FR,NHL Stenden Hogeschool,Emmen,2021,voltijd,hbo,ba,EER,realisatie,165.0,50.0,49.0,25.0,91.0,49.0,25.0,91.0,
6858,31FR01,31FR,NHL Stenden Hogeschool,Emmen,2022,voltijd,hbo,ba,EER,realisatie,167.0,54.0,54.0,33.0,80.0,54.0,33.0,80.0,
6859,31FR01,31FR,NHL Stenden Hogeschool,Emmen,2023,voltijd,hbo,ba,EER,realisatie,193.0,70.0,67.0,46.0,80.0,68.0,47.0,78.0,
6860,31FR01,31FR,NHL Stenden Hogeschool,Emmen,2024,voltijd,hbo,ba,EER,realisatie,195.0,56.0,56.0,42.0,97.0,56.0,43.0,96.0,
6861,31FR01,31FR,NHL Stenden Hogeschool,Emmen,2017,voltijd,hbo,ba,NL,realisatie,1198.0,272.0,230.0,208.0,760.0,243.0,219.0,736.0,
6862,31FR01,31FR,NHL Stenden Hogeschool,Emmen,2018,voltijd,hbo,ba,NL,realisatie,1192.0,258.0,225.0,200.0,767.0,235.0,209.0,748.0,
6863,31FR01,31FR,NHL Stenden Hogeschool,Emmen,2019,voltijd,hbo,ba,NL,realisatie,1152.0,257.0,211.0,195.0,746.0,222.0,204.0,726.0,
6864,31FR01,31FR,NHL Stenden Hogeschool,Emmen,2020,voltijd,hbo,ba,NL,realisatie,1130.0,265.0,232.0,189.0,709.0,241.0,195.0,694.0,
6865,31FR01,31FR,NHL Stenden Hogeschool,Emmen,2021,voltijd,hbo,ba,NL,realisatie,1050.0,210.0,181.0,190.0,679.0,193.0,194.0,663.0,
6866,31FR01,31FR,NHL Stenden Hogeschool,Emmen,2022,voltijd,hbo,ba,NL,realisatie,967.0,186.0,158.0,166.0,643.0,172.0,172.0,623.0,
6867,31FR01,31FR,NHL Stenden Hogeschool,Emmen,2023,voltijd,hbo,ba,NL,realisatie,875.0,164.0,143.0,135.0,597.0,153.0,141.0,581.0,
6868,31FR01,31FR,NHL Stenden Hogeschool,Emmen,2024,voltijd,hbo,ba,NL,realisatie,787.0,160.0,140.0,128.0,519.0,150.0,129.0,508.0,
6869,31FR01,31FR,NHL Stenden Hogeschool,Emmen,2017,voltijd,hbo,ba,niet-EER,realisatie,19.0,9.0,9.0,0.0,8.0,9.0,0.0,8.0,
6870,31FR01,31FR,NHL Stenden Hogeschool,Emmen,2018,voltijd,hbo,ba,niet-EER,realisatie,27.0,15.0,14.0,7.0,6.0,14.0,7.0,6.0,
6871,31FR01,31FR,NHL Stenden Hogeschool,Emmen,2019,voltijd,hbo,ba,niet-EER,realisatie,44.0,27.0,26.0,9.0,9.0,26.0,9.0,9.0,
6872,31FR01,31FR,NHL Stenden Hogeschool,Emmen,2020,voltijd,hbo,ba,niet-EER,realisatie,44.0,10.0,9.0,20.0,15.0,9.0,20.0,15.0,
6873,31FR01,31FR,NHL Stenden Hogeschool,Emmen,2021,voltijd,hbo,ba,niet-EER,realisatie,46.0,16.0,15.0,8.0,23.0,16.0,7.0,23.0,
6874,31FR01,31FR,NHL Stenden Hogeschool,Emmen,2022,voltijd,hbo,ba,niet-EER,realisatie,67.0,27.0,27.0,13.0,27.0,27.0,16.0,24.0,
6875,31FR01,31FR,NHL Stenden Hogeschool,Emmen,2023,voltijd,hbo,ba,niet-EER,realisatie,81.0,38.0,38.0,19.0,24.0,38.0,19.0,24.0,
6876,31FR01,31FR,NHL Stenden Hogeschool,Emmen,2024,voltijd,hbo,ba,niet-EER,realisatie,94.0,29.0,29.0,30.0,35.0,29.0,30.0,35.0,
6877,31FR02,31FR,NHL Stenden Hogeschool,Groningen,2020,deeltijd,hbo,ad,NL,realisatie,22.0,22.0,16.0,0.0,0.0,22.0,0.0,0.0,Groningen
6878,31FR02,31FR,NHL Stenden Hogeschool,Groningen,2021,deeltijd,hbo,ad,NL,realisatie,41.0,30.0,17.0,14.0,10.0,27.0,13.0,0.0,Groningen
6879,31FR02,31FR,NHL Stenden Hogeschool,Groningen,2022,deeltijd,hbo,ad,NL,realisatie,48.0,27.0,19.0,12.0,17.0,27.0,18.0,0.0,Groningen
6880,31FR02,31FR,NHL Stenden Hogeschool,Groningen,2023,deeltijd,hbo,ad,NL,realisatie,43.0,25.0,14.0,20.0,9.0,24.0,17.0,0.0,Groningen
6881,31FR02,31FR,NHL Stenden Hogeschool,Groningen,2024,deeltijd,hbo,ad,NL,realisatie,51.0,31.0,17.0,11.0,23.0,30.0,16.0,0.0,Groningen
6882,31FR02,31FR,NHL Stenden Hogeschool,Groningen,2017,deeltijd,hbo,ba,EER,realisatie,0.0,0.0,0.0,0.0,0.0,0.0,0.0,0.0,Groningen
6883,31FR02,31FR,NHL Stenden Hogeschool,Groningen,2018,deeltijd,hbo,ba,EER,realisatie,0.0,0.0,0.0,0.0,0.0,0.0,0.0,0.0,Groningen
6884,31FR02,31FR,NHL Stenden Hogeschool,Groningen,2019,deeltijd,hbo,ba,EER,realisatie,0.0,0.0,0.0,0.0,0.0,0.0,0.0,0.0,Groningen
6885,31FR02,31FR,NHL Stenden Hogeschool,Groningen,2020,deeltijd,hbo,ba,EER,realisatie,0.0,0.0,0.0,0.0,0.0,0.0,0.0,0.0,Groningen
6886,31FR02,31FR,NHL Stenden Hogeschool,Groningen,2017,deeltijd,hbo,ba,NL,realisatie,102.0,15.0,0.0,0.0,97.0,0.0,6.0,93.0,Groningen
6887,31FR02,31FR,NHL Stenden Hogeschool,Groningen,2018,deeltijd,hbo,ba,NL,realisatie,103.0,24.0,0.0,0.0,98.0,0.0,0.0,94.0,Groningen
6888,31FR02,31FR,NHL Stenden Hogeschool,Groningen,2019,deeltijd,hbo,ba,NL,realisatie,92.0,28.0,0.0,0.0,87.0,11.0,0.0,78.0,Groningen
6889,31FR02,31FR,NHL Stenden Hogeschool,Groningen,2020,deeltijd,hbo,ba,NL,realisatie,85.0,13.0,0.0,0.0,78.0,6.0,12.0,67.0,Groningen
6890,31FR02,31FR,NHL Stenden Hogeschool,Groningen,2021,deeltijd,hbo,ba,NL,realisatie,65.0,9.0,0.0,0.0,59.0,0.0,7.0,55.0,Groningen
6891,31FR02,31FR,NHL Stenden Hogeschool,Groningen,2022,deeltijd,hbo,ba,NL,realisatie,58.0,15.0,0.0,0.0,54.0,0.0,0.0,53.0,Groningen
6892,31FR02,31FR,NHL Stenden Hogeschool,Groningen,2023,deeltijd,hbo,ba,NL,realisatie,54.0,15.0,0.0,0.0,50.0,0.0,0.0,48.0,Groningen
6893,31FR02,31FR,NHL Stenden Hogeschool,Groningen,2024,deeltijd,hbo,ba,NL,realisatie,51.0,12.0,0.0,0.0,47.0,0.0,0.0,42.0,Groningen
6894,31FR02,31FR,NHL Stenden Hogeschool,Groningen,2017,deeltijd,hbo,ma,EER,realisatie,0.0,0.0,0.0,0.0,0.0,0.0,0.0,0.0,Groningen
6895,31FR02,31FR,NHL Stenden Hogeschool,Groningen,2019,deeltijd,hbo,ma,EER,realisatie,0.0,0.0,0.0,0.0,0.0,0.0,0.0,0.0,Groningen
6896,31FR02,31FR,NHL Stenden Hogeschool,Groningen,2021,deeltijd,hbo,ma,EER,realisatie,0.0,0.0,0.0,0.0,0.0,0.0,0.0,0.0,Groningen
6897,31FR02,31FR,NHL Stenden Hogeschool,Groningen,2022,deeltijd,hbo,ma,EER,realisatie,0.0,0.0,0.0,0.0,0.0,0.0,0.0,0.0,Groningen
6898,31FR02,31FR,NHL Stenden Hogeschool,Groningen,2023,deeltijd,hbo,ma,EER,realisatie,0.0,0.0,0.0,0.0,0.0,0.0,0.0,0.0,Groningen
6899,31FR02,31FR,NHL Stenden Hogeschool,Groningen,2024,deeltijd,hbo,ma,EER,realisatie,0.0,0.0,0.0,0.0,0.0,0.0,0.0,0.0,Groningen
6900,31FR02,31FR,NHL Stenden Hogeschool,Groningen,2017,deeltijd,hbo,ma,NL,realisatie,311.0,98.0,0.0,0.0,305.0,81.0,77.0,153.0,Groningen
6901,31FR02,31FR,NHL Stenden Hogeschool,Groningen,2018,deeltijd,hbo,ma,NL,realisatie,308.0,117.0,0.0,0.0,307.0,104.0,72.0,132.0,Groningen
6902,31FR02,31FR,NHL Stenden Hogeschool,Groningen,2019,deeltijd,hbo,ma,NL,realisatie,301.0,91.0,0.0,0.0,297.0,82.0,94.0,125.0,Groningen
6903,31FR02,31FR,NHL Stenden Hogeschool,Groningen,2020,deeltijd,hbo,ma,NL,realisatie,258.0,81.0,0.0,0.0,256.0,71.0,60.0,127.0,Groningen
6904,31FR02,31FR,NHL Stenden Hogeschool,Groningen,2021,deeltijd,hbo,ma,NL,realisatie,256.0,83.0,0.0,0.0,254.0,70.0,65.0,121.0,Groningen
6905,31FR02,31FR,NHL Stenden Hogeschool,Groningen,2022,deeltijd,hbo,ma,NL,realisatie,244.0,70.0,0.0,0.0,241.0,60.0,57.0,127.0,Groningen
6906,31FR02,31FR,NHL Stenden Hogeschool,Groningen,2023,deeltijd,hbo,ma,NL,realisatie,232.0,70.0,0.0,0.0,231.0,57.0,57.0,118.0,Groningen
6907,31FR02,31FR,NHL Stenden Hogeschool,Groningen,2024,deeltijd,hbo,ma,NL,realisatie,202.0,57.0,0.0,0.0,201.0,46.0,52.0,104.0,Groningen
6908,31FR02,31FR,NHL Stenden Hogeschool,Groningen,2017,deeltijd,hbo,ma,niet-EER,realisatie,0.0,0.0,0.0,0.0,0.0,0.0,0.0,0.0,Groningen
6909,31FR02,31FR,NHL Stenden Hogeschool,Groningen,2018,deeltijd,hbo,ma,niet-EER,realisatie,0.0,0.0,0.0,0.0,0.0,0.0,0.0,0.0,Groningen
6910,31FR02,31FR,NHL Stenden Hogeschool,Groningen,2019,deeltijd,hbo,ma,niet-EER,realisatie,0.0,0.0,0.0,0.0,0.0,0.0,0.0,0.0,Groningen
6911,31FR02,31FR,NHL Stenden Hogeschool,Groningen,2020,deeltijd,hbo,ma,niet-EER,realisatie,0.0,0.0,0.0,0.0,0.0,0.0,0.0,0.0,Groningen
6912,31FR02,31FR,NHL Stenden Hogeschool,Groningen,2021,deeltijd,hbo,ma,niet-EER,realisatie,0.0,0.0,0.0,0.0,0.0,0.0,0.0,0.0,Groningen
6913,31FR02,31FR,NHL Stenden Hogeschool,Groningen,2022,deeltijd,hbo,ma,niet-EER,realisatie,0.0,0.0,0.0,0.0,0.0,0.0,0.0,0.0,Groningen
6914,31FR02,31FR,NHL Stenden Hogeschool,Groningen,2023,deeltijd,hbo,ma,niet-EER,realisatie,0.0,0.0,0.0,0.0,0.0,0.0,0.0,0.0,Groningen
6915,31FR02,31FR,NHL Stenden Hogeschool,Groningen,2024,deeltijd,hbo,ma,niet-EER,realisatie,0.0,0.0,0.0,0.0,0.0,0.0,0.0,0.0,Groningen
6916,31FR02,31FR,NHL Stenden Hogeschool,Groningen,2017,voltijd,hbo,ba,EER,realisatie,0.0,0.0,0.0,0.0,0.0,0.0,0.0,0.0,Groningen
6917,31FR02,31FR,NHL Stenden Hogeschool,Groningen,2018,voltijd,hbo,ba,EER,realisatie,6.0,0.0,0.0,0.0,0.0,0.0,0.0,0.0,Groningen
6918,31FR02,31FR,NHL Stenden Hogeschool,Groningen,2019,voltijd,hbo,ba,EER,realisatie,15.0,11.0,11.0,0.0,0.0,11.0,0.0,0.0,Groningen
6919,31FR02,31FR,NHL Stenden Hogeschool,Groningen,2020,voltijd,hbo,ba,EER,realisatie,38.0,24.0,23.0,10.0,0.0,24.0,10.0,0.0,Groningen
6920,31FR02,31FR,NHL Stenden Hogeschool,Groningen,2021,voltijd,hbo,ba,EER,realisatie,47.0,14.0,13.0,20.0,14.0,14.0,21.0,12.0,Groningen
6921,31FR02,31FR,NHL Stenden Hogeschool,Groningen,2022,voltijd,hbo,ba,EER,realisatie,61.0,21.0,18.0,13.0,30.0,20.0,12.0,29.0,Groningen
6922,31FR02,31FR,NHL Stenden Hogeschool,Groningen,2023,voltijd,hbo,ba,EER,realisatie,49.0,0.0,0.0,13.0,36.0,0.0,15.0,34.0,Groningen
6923,31FR02,31FR,NHL Stenden Hogeschool,Groningen,2024,voltijd,hbo,ba,EER,realisatie,19.0,0.0,0.0,0.0,18.0,0.0,0.0,18.0,Groningen
6924,31FR02,31FR,NHL Stenden Hogeschool,Groningen,2017,voltijd,hbo,ba,NL,realisatie,331.0,84.0,77.0,61.0,193.0,78.0,62.0,191.0,Groningen
6925,31FR02,31FR,NHL Stenden Hogeschool,Groningen,2018,voltijd,hbo,ba,NL,realisatie,352.0,108.0,91.0,73.0,188.0,95.0,73.0,184.0,Groningen
6926,31FR02,31FR,NHL Stenden Hogeschool,Groningen,2019,voltijd,hbo,ba,NL,realisatie,431.0,161.0,129.0,104.0,198.0,138.0,102.0,191.0,Groningen
6927,31FR02,31FR,NHL Stenden Hogeschool,Groningen,2020,voltijd,hbo,ba,NL,realisatie,513.0,175.0,155.0,112.0,246.0,161.0,118.0,234.0,Groningen
6928,31FR02,31FR,NHL Stenden Hogeschool,Groningen,2021,voltijd,hbo,ba,NL,realisatie,499.0,113.0,96.0,116.0,287.0,104.0,114.0,281.0,Groningen
6929,31FR02,31FR,NHL Stenden Hogeschool,Groningen,2022,voltijd,hbo,ba,NL,realisatie,488.0,88.0,78.0,88.0,322.0,79.0,94.0,315.0,Groningen
6930,31FR02,31FR,NHL Stenden Hogeschool,Groningen,2023,voltijd,hbo,ba,NL,realisatie,450.0,74.0,71.0,74.0,305.0,74.0,73.0,303.0,Groningen
6931,31FR02,31FR,NHL Stenden Hogeschool,Groningen,2024,voltijd,hbo,ba,NL,realisatie,401.0,78.0,63.0,72.0,266.0,71.0,71.0,259.0,Groningen
6932,31FR02,31FR,NHL Stenden Hogeschool,Groningen,2018,voltijd,hbo,ba,niet-EER,realisatie,0.0,0.0,0.0,0.0,0.0,0.0,0.0,0.0,Groningen
6933,31FR02,31FR,NHL Stenden Hogeschool,Groningen,2019,voltijd,hbo,ba,niet-EER,realisatie,0.0,0.0,0.0,0.0,0.0,0.0,0.0,0.0,Groningen
6934,31FR02,31FR,NHL Stenden Hogeschool,Groningen,2020,voltijd,hbo,ba,niet-EER,realisatie,6.0,0.0,0.0,0.0,0.0,0.0,0.0,0.0,Groningen
6935,31FR02,31FR,NHL Stenden Hogeschool,Groningen,2021,voltijd,hbo,ba,niet-EER,realisatie,13.0,6.0,6.0,0.0,0.0,6.0,0.0,0.0,Groningen
6936,31FR02,31FR,NHL Stenden Hogeschool,Groningen,2022,voltijd,hbo,ba,niet-EER,realisatie,14.0,0.0,0.0,7.0,0.0,0.0,6.0,0.0,Groningen
6937,31FR02,31FR,NHL Stenden Hogeschool,Groningen,2023,voltijd,hbo,ba,niet-EER,realisatie,11.0,0.0,0.0,0.0,10.0,0.0,0.0,9.0,Groningen
6938,31FR02,31FR,NHL Stenden Hogeschool,Groningen,2024,voltijd,hbo,ba,niet-EER,realisatie,0.0,0.0,0.0,0.0,0.0,0.0,0.0,0.0,Groningen
6939,31FR03,31FR,NHL Stenden Hogeschool,Meppel,2017,deeltijd,hbo,ma,NL,realisatie,35.0,10.0,0.0,0.0,35.0,7.0,6.0,22.0,
6940,31FR03,31FR,NHL Stenden Hogeschool,Meppel,2018,deeltijd,hbo,ma,NL,realisatie,21.0,7.0,0.0,0.0,20.0,7.0,7.0,7.0,
6941,31FR03,31FR,NHL Stenden Hogeschool,Meppel,2019,deeltijd,hbo,ma,NL,realisatie,16.0,9.0,0.0,0.0,16.0,9.0,0.0,0.0,
6942,31FR03,31FR,NHL Stenden Hogeschool,Meppel,2020,deeltijd,hbo,ma,NL,realisatie,29.0,18.0,0.0,0.0,29.0,15.0,11.0,0.0,
6943,31FR03,31FR,NHL Stenden Hogeschool,Meppel,2021,deeltijd,hbo,ma,NL,realisatie,38.0,18.0,0.0,0.0,35.0,14.0,17.0,7.0,
6944,31FR03,31FR,NHL Stenden Hogeschool,Meppel,2022,deeltijd,hbo,ma,NL,realisatie,31.0,11.0,0.0,0.0,29.0,11.0,13.0,7.0,
6945,31FR03,31FR,NHL Stenden Hogeschool,Meppel,2023,deeltijd,hbo,ma,NL,realisatie,27.0,12.0,0.0,0.0,27.0,11.0,11.0,0.0,
6946,31FR03,31FR,NHL Stenden Hogeschool,Meppel,2024,deeltijd,hbo,ma,NL,realisatie,28.0,15.0,0.0,0.0,26.0,14.0,11.0,0.0,
6947,31FR03,31FR,NHL Stenden Hogeschool,Meppel,2017,voltijd,hbo,ba,EER,realisatie,102.0,44.0,44.0,29.0,29.0,44.0,29.0,29.0,
6948,31FR03,31FR,NHL Stenden Hogeschool,Meppel,2018,voltijd,hbo,ba,EER,realisatie,152.0,60.0,60.0,42.0,50.0,60.0,42.0,50.0,
6949,31FR03,31FR,NHL Stenden Hogeschool,Meppel,2019,voltijd,hbo,ba,EER,realisatie,187.0,65.0,65.0,51.0,71.0,65.0,51.0,71.0,
6950,31FR03,31FR,NHL Stenden Hogeschool,Meppel,2020,voltijd,hbo,ba,EER,realisatie,202.0,52.0,51.0,54.0,97.0,51.0,54.0,97.0,
6951,31FR03,31FR,NHL Stenden Hogeschool,Meppel,2021,voltijd,hbo,ba,EER,realisatie,243.0,84.0,83.0,42.0,118.0,83.0,42.0,118.0,
6952,31FR03,31FR,NHL Stenden Hogeschool,Meppel,2022,voltijd,hbo,ba,EER,realisatie,241.0,52.0,51.0,71.0,119.0,52.0,70.0,119.0,
6953,31FR03,31FR,NHL Stenden Hogeschool,Meppel,2023,voltijd,hbo,ba,EER,realisatie,254.0,78.0,74.0,50.0,130.0,76.0,50.0,128.0,
6954,31FR03,31FR,NHL Stenden Hogeschool,Meppel,2024,voltijd,hbo,ba,EER,realisatie,277.0,73.0,69.0,71.0,137.0,71.0,71.0,135.0,
6955,31FR03,31FR,NHL Stenden Hogeschool,Meppel,2017,voltijd,hbo,ba,NL,realisatie,249.0,83.0,59.0,37.0,153.0,62.0,41.0,146.0,
6956,31FR03,31FR,NHL Stenden Hogeschool,Meppel,2018,voltijd,hbo,ba,NL,realisatie,258.0,69.0,40.0,57.0,161.0,43.0,60.0,155.0,
6957,31FR03,31FR,NHL Stenden Hogeschool,Meppel,2019,voltijd,hbo,ba,NL,realisatie,268.0,59.0,40.0,42.0,186.0,42.0,44.0,182.0,
6958,31FR03,31FR,NHL Stenden Hogeschool,Meppel,2020,voltijd,hbo,ba,NL,realisatie,249.0,38.0,32.0,33.0,184.0,33.0,34.0,182.0,
6959,31FR03,31FR,NHL Stenden Hogeschool,Meppel,2021,voltijd,hbo,ba,NL,realisatie,191.0,25.0,21.0,31.0,139.0,23.0,30.0,138.0,
6960,31FR03,31FR,NHL Stenden Hogeschool,Meppel,2022,voltijd,hbo,ba,NL,realisatie,166.0,25.0,22.0,22.0,122.0,24.0,24.0,118.0,
6961,31FR03,31FR,NHL Stenden Hogeschool,Meppel,2023,voltijd,hbo,ba,NL,realisatie,176.0,48.0,44.0,21.0,111.0,45.0,22.0,109.0,
6962,31FR03,31FR,NHL Stenden Hogeschool,Meppel,2024,voltijd,hbo,ba,NL,realisatie,212.0,59.0,51.0,37.0,124.0,53.0,38.0,121.0,
6963,31FR03,31FR,NHL Stenden Hogeschool,Meppel,2017,voltijd,hbo,ba,niet-EER,realisatie,11.0,0.0,0.0,6.0,0.0,0.0,6.0,0.0,
6964,31FR03,31FR,NHL Stenden Hogeschool,Meppel,2018,voltijd,hbo,ba,niet-EER,realisatie,23.0,15.0,13.0,6.0,0.0,14.0,0.0,0.0,
6965,31FR03,31FR,NHL Stenden Hogeschool,Meppel,2019,voltijd,hbo,ba,niet-EER,realisatie,33.0,10.0,8.0,15.0,10.0,8.0,16.0,9.0,
6966,31FR03,31FR,NHL Stenden Hogeschool,Meppel,2020,voltijd,hbo,ba,niet-EER,realisatie,39.0,13.0,12.0,6.0,21.0,13.0,0.0,21.0,
6967,31FR03,31FR,NHL Stenden Hogeschool,Meppel,2021,voltijd,hbo,ba,niet-EER,realisatie,37.0,8.0,8.0,11.0,18.0,8.0,11.0,18.0,
6968,31FR03,31FR,NHL Stenden Hogeschool,Meppel,2022,voltijd,hbo,ba,niet-EER,realisatie,36.0,8.0,8.0,6.0,22.0,8.0,6.0,22.0,
6969,31FR03,31FR,NHL Stenden Hogeschool,Meppel,2023,voltijd,hbo,ba,niet-EER,realisatie,37.0,11.0,9.0,8.0,20.0,11.0,7.0,19.0,
6970,31FR03,31FR,NHL Stenden Hogeschool,Meppel,2024,voltijd,hbo,ba,niet-EER,realisatie,42.0,9.0,8.0,8.0,26.0,9.0,9.0,24.0,
6971,31FR04,31FR,NHL Stenden Hogeschool,Assen,2024,deeltijd,hbo,ba,EER,realisatie,0.0,0.0,0.0,0.0,0.0,0.0,0.0,0.0,
6972,31FR04,31FR,NHL Stenden Hogeschool,Assen,2020,deeltijd,hbo,ba,NL,realisatie,63.0,62.0,22.0,10.0,31.0,26.0,9.0,28.0,
6973,31FR04,31FR,NHL Stenden Hogeschool,Assen,2021,deeltijd,hbo,ba,NL,realisatie,101.0,63.0,24.0,19.0,58.0,28.0,21.0,52.0,
6974,31FR04,31FR,NHL Stenden Hogeschool,Assen,2022,deeltijd,hbo,ba,NL,realisatie,150.0,78.0,36.0,25.0,89.0,42.0,27.0,81.0,
6975,31FR04,31FR,NHL Stenden Hogeschool,Assen,2023,deeltijd,hbo,ba,NL,realisatie,196.0,85.0,32.0,42.0,122.0,40.0,45.0,111.0,
6976,31FR04,31FR,NHL Stenden Hogeschool,Assen,2024,deeltijd,hbo,ba,NL,realisatie,234.0,92.0,44.0,32.0,158.0,48.0,36.0,150.0,
6977,31FR04,31FR,NHL Stenden Hogeschool,Assen,2017,voltijd,hbo,ba,NL,realisatie,159.0,42.0,27.0,21.0,111.0,30.0,21.0,108.0,
6978,31FR04,31FR,NHL Stenden Hogeschool,Assen,2018,voltijd,hbo,ba,NL,realisatie,184.0,58.0,31.0,24.0,129.0,35.0,27.0,122.0,
6979,31FR04,31FR,NHL Stenden Hogeschool,Assen,2019,voltijd,hbo,ba,NL,realisatie,146.0,13.0,0.0,19.0,127.0,0.0,23.0,120.0,
6980,31FR04,31FR,NHL Stenden Hogeschool,Assen,2020,voltijd,hbo,ba,NL,realisatie,100.0,0.0,0.0,0.0,100.0,0.0,0.0,97.0,
6981,31FR04,31FR,NHL Stenden Hogeschool,Assen,2021,voltijd,hbo,ba,NL,realisatie,62.0,0.0,0.0,0.0,62.0,0.0,0.0,62.0,
6982,31FR04,31FR,NHL Stenden Hogeschool,Assen,2022,voltijd,hbo,ba,NL,realisatie,33.0,0.0,0.0,0.0,33.0,0.0,0.0,33.0,
6983,31FR04,31FR,NHL Stenden Hogeschool,Assen,2023,voltijd,hbo,ba,NL,realisatie,12.0,0.0,0.0,0.0,12.0,0.0,0.0,12.0,
6984,31FR04,31FR,NHL Stenden Hogeschool,Assen,2024,voltijd,hbo,ba,NL,realisatie,118.0,60.0,49.0,28.0,41.0,51.0,26.0,41.0,
6985,31FR04,31FR,NHL Stenden Hogeschool,Assen,2017,voltijd,hbo,ba,niet-EER,realisatie,0.0,0.0,0.0,0.0,0.0,0.0,0.0,0.0,
6986,31FR05,31FR,NHL Stenden Hogeschool,Terschelling,2018,deeltijd,hbo,ma,EER,realisatie,0.0,0.0,0.0,0.0,0.0,0.0,0.0,0.0,
6987,31FR05,31FR,NHL Stenden Hogeschool,Terschelling,2019,deeltijd,hbo,ma,EER,realisatie,0.0,0.0,0.0,0.0,0.0,0.0,0.0,0.0,
6988,31FR05,31FR,NHL Stenden Hogeschool,Terschelling,2020,deeltijd,hbo,ma,EER,realisatie,0.0,0.0,0.0,0.0,0.0,0.0,0.0,0.0,
6989,31FR05,31FR,NHL Stenden Hogeschool,Terschelling,2021,deeltijd,hbo,ma,EER,realisatie,0.0,0.0,0.0,0.0,0.0,0.0,0.0,0.0,
6990,31FR05,31FR,NHL Stenden Hogeschool,Terschelling,2022,deeltijd,hbo,ma,EER,realisatie,0.0,0.0,0.0,0.0,0.0,0.0,0.0,0.0,
6991,31FR05,31FR,NHL Stenden Hogeschool,Terschelling,2023,deeltijd,hbo,ma,EER,realisatie,0.0,0.0,0.0,0.0,0.0,0.0,0.0,0.0,
6992,31FR05,31FR,NHL Stenden Hogeschool,Terschelling,2024,deeltijd,hbo,ma,EER,realisatie,0.0,0.0,0.0,0.0,0.0,0.0,0.0,0.0,
6993,31FR05,31FR,NHL Stenden Hogeschool,Terschelling,2017,deeltijd,hbo,ma,NL,realisatie,28.0,7.0,0.0,0.0,24.0,6.0,15.0,7.0,
6994,31FR05,31FR,NHL Stenden Hogeschool,Terschelling,2018,deeltijd,hbo,ma,NL,realisatie,41.0,19.0,0.0,0.0,39.0,19.0,0.0,18.0,
6995,31FR05,31FR,NHL Stenden Hogeschool,Terschelling,2019,deeltijd,hbo,ma,NL,realisatie,43.0,13.0,0.0,0.0,39.0,13.0,14.0,16.0,
6996,31FR05,31FR,NHL Stenden Hogeschool,Terschelling,2020,deeltijd,hbo,ma,NL,realisatie,43.0,9.0,0.0,0.0,40.0,8.0,12.0,23.0,
6997,31FR05,31FR,NHL Stenden Hogeschool,Terschelling,2021,deeltijd,hbo,ma,NL,realisatie,39.0,11.0,0.0,0.0,38.0,10.0,6.0,23.0,
6998,31FR05,31FR,NHL Stenden Hogeschool,Terschelling,2022,deeltijd,hbo,ma,NL,realisatie,42.0,10.0,0.0,0.0,41.0,9.0,6.0,27.0,
6999,31FR05,31FR,NHL Stenden Hogeschool,Terschelling,2023,deeltijd,hbo,ma,NL,realisatie,36.0,0.0,0.0,0.0,36.0,0.0,7.0,24.0,
7000,31FR05,31FR,NHL Stenden Hogeschool,Terschelling,2024,deeltijd,hbo,ma,NL,realisatie,31.0,0.0,0.0,0.0,31.0,0.0,6.0,21.0,
7001,31FR05,31FR,NHL Stenden Hogeschool,Terschelling,2017,voltijd,hbo,ba,EER,realisatie,0.0,0.0,0.0,0.0,0.0,0.0,0.0,0.0,
7002,31FR05,31FR,NHL Stenden Hogeschool,Terschelling,2018,voltijd,hbo,ba,EER,realisatie,0.0,0.0,0.0,0.0,0.0,0.0,0.0,0.0,
7003,31FR05,31FR,NHL Stenden Hogeschool,Terschelling,2019,voltijd,hbo,ba,EER,realisatie,0.0,0.0,0.0,0.0,0.0,0.0,0.0,0.0,
7004,31FR05,31FR,NHL Stenden Hogeschool,Terschelling,2020,voltijd,hbo,ba,EER,realisatie,0.0,0.0,0.0,0.0,0.0,0.0,0.0,0.0,
7005,31FR05,31FR,NHL Stenden Hogeschool,Terschelling,2021,voltijd,hbo,ba,EER,realisatie,0.0,0.0,0.0,0.0,0.0,0.0,0.0,0.0,
7006,31FR05,31FR,NHL Stenden Hogeschool,Terschelling,2022,voltijd,hbo,ba,EER,realisatie,0.0,0.0,0.0,0.0,0.0,0.0,0.0,0.0,
7007,31FR05,31FR,NHL Stenden Hogeschool,Terschelling,2023,voltijd,hbo,ba,EER,realisatie,0.0,0.0,0.0,0.0,0.0,0.0,0.0,0.0,
7008,31FR05,31FR,NHL Stenden Hogeschool,Terschelling,2024,voltijd,hbo,ba,EER,realisatie,0.0,0.0,0.0,0.0,0.0,0.0,0.0,0.0,
7009,31FR05,31FR,NHL Stenden Hogeschool,Terschelling,2017,voltijd,hbo,ba,NL,realisatie,499.0,84.0,78.0,96.0,325.0,78.0,104.0,317.0,
7010,31FR05,31FR,NHL Stenden Hogeschool,Terschelling,2018,voltijd,hbo,ba,NL,realisatie,456.0,71.0,63.0,78.0,315.0,65.0,77.0,314.0,
7011,31FR05,31FR,NHL Stenden Hogeschool,Terschelling,2019,voltijd,hbo,ba,NL,realisatie,423.0,80.0,70.0,59.0,294.0,73.0,61.0,289.0,
7012,31FR05,31FR,NHL Stenden Hogeschool,Terschelling,2020,voltijd,hbo,ba,NL,realisatie,417.0,99.0,87.0,77.0,253.0,89.0,79.0,249.0,
7013,31FR05,31FR,NHL Stenden Hogeschool,Terschelling,2021,voltijd,hbo,ba,NL,realisatie,422.0,97.0,87.0,89.0,246.0,91.0,87.0,244.0,
7014,31FR05,31FR,NHL Stenden Hogeschool,Terschelling,2022,voltijd,hbo,ba,NL,realisatie,406.0,62.0,62.0,83.0,261.0,62.0,87.0,257.0,
7015,31FR05,31FR,NHL Stenden Hogeschool,Terschelling,2023,voltijd,hbo,ba,NL,realisatie,377.0,75.0,64.0,56.0,257.0,67.0,54.0,256.0,
7016,31FR05,31FR,NHL Stenden Hogeschool,Terschelling,2024,voltijd,hbo,ba,NL,realisatie,353.0,62.0,61.0,58.0,234.0,62.0,60.0,231.0,
7017,31FR07,31FR,NHL Stenden Hogeschool,Amsterdam,2018,voltijd,hbo,ad,EER,realisatie,0.0,0.0,0.0,0.0,0.0,0.0,0.0,0.0,Noord-Holland
7018,31FR07,31FR,NHL Stenden Hogeschool,Amsterdam,2020,voltijd,hbo,ad,EER,realisatie,0.0,0.0,0.0,0.0,0.0,0.0,0.0,0.0,Noord-Holland
7019,31FR07,31FR,NHL Stenden Hogeschool,Amsterdam,2021,voltijd,hbo,ad,EER,realisatie,0.0,0.0,0.0,0.0,0.0,0.0,0.0,0.0,Noord-Holland
7020,31FR07,31FR,NHL Stenden Hogeschool,Amsterdam,2018,voltijd,hbo,ad,NL,realisatie,43.0,43.0,27.0,0.0,12.0,42.0,0.0,0.0,Noord-Holland
7021,31FR07,31FR,NHL Stenden Hogeschool,Amsterdam,2019,voltijd,hbo,ad,NL,realisatie,79.0,40.0,24.0,27.0,28.0,39.0,35.0,0.0,Noord-Holland
7022,31FR07,31FR,NHL Stenden Hogeschool,Amsterdam,2020,voltijd,hbo,ad,NL,realisatie,127.0,78.0,47.0,33.0,47.0,77.0,31.0,19.0,Noord-Holland
7023,31FR07,31FR,NHL Stenden Hogeschool,Amsterdam,2021,voltijd,hbo,ad,NL,realisatie,126.0,40.0,20.0,42.0,64.0,37.0,60.0,29.0,Noord-Holland
7024,31FR07,31FR,NHL Stenden Hogeschool,Amsterdam,2022,voltijd,hbo,ad,NL,realisatie,121.0,63.0,27.0,29.0,65.0,61.0,29.0,31.0,Noord-Holland
7025,31FR07,31FR,NHL Stenden Hogeschool,Amsterdam,2023,voltijd,hbo,ad,NL,realisatie,143.0,67.0,36.0,36.0,71.0,64.0,50.0,29.0,Noord-Holland
7026,31FR07,31FR,NHL Stenden Hogeschool,Amsterdam,2024,voltijd,hbo,ad,NL,realisatie,120.0,43.0,27.0,35.0,58.0,42.0,51.0,27.0,Noord-Holland
